/*
 Navicat Premium Data Transfer

 Source Server         : localhost docker
 Source Server Type    : MySQL
 Source Server Version : 80045 (8.0.45)
 Source Host           : localhost:3307
 Source Schema         : kpi_korat_db

 Target Server Type    : MySQL
 Target Server Version : 80045 (8.0.45)
 File Encoding         : 65001

 Date: 25/02/2026 08:08:03
*/

SET NAMES utf8mb4;
SET FOREIGN_KEY_CHECKS = 0;

-- ----------------------------
-- Table structure for chospital
-- ----------------------------
DROP TABLE IF EXISTS `chospital`;
CREATE TABLE `chospital`  (
  `hoscode` char(5) CHARACTER SET utf8mb3 COLLATE utf8mb3_general_ci NOT NULL DEFAULT '',
  `hosname` varchar(255) CHARACTER SET utf8mb3 COLLATE utf8mb3_general_ci NULL DEFAULT NULL,
  `hostype` char(2) CHARACTER SET utf8mb3 COLLATE utf8mb3_general_ci NULL DEFAULT NULL,
  `address` varchar(50) CHARACTER SET utf8mb3 COLLATE utf8mb3_general_ci NULL DEFAULT NULL,
  `road` varchar(50) CHARACTER SET utf8mb3 COLLATE utf8mb3_general_ci NULL DEFAULT NULL,
  `mu` varchar(2) CHARACTER SET utf8mb3 COLLATE utf8mb3_general_ci NULL DEFAULT NULL,
  `subdistcode` char(2) CHARACTER SET utf8mb3 COLLATE utf8mb3_general_ci NULL DEFAULT NULL,
  `distcode` char(2) CHARACTER SET utf8mb3 COLLATE utf8mb3_general_ci NULL DEFAULT NULL,
  `provcode` char(2) CHARACTER SET utf8mb3 COLLATE utf8mb3_general_ci NULL DEFAULT NULL,
  `postcode` char(5) CHARACTER SET utf8mb3 COLLATE utf8mb3_general_ci NULL DEFAULT NULL,
  `hoscodenew` char(9) CHARACTER SET utf8mb3 COLLATE utf8mb3_general_ci NULL DEFAULT NULL,
  `bed` char(5) CHARACTER SET utf8mb3 COLLATE utf8mb3_general_ci NULL DEFAULT '0' COMMENT 'จำนวนเตียง',
  `level_service` varchar(255) CHARACTER SET utf8mb3 COLLATE utf8mb3_general_ci NULL DEFAULT NULL COMMENT 'ระดับการบริการ',
  `bedhos` char(5) CHARACTER SET utf8mb3 COLLATE utf8mb3_general_ci NULL DEFAULT NULL,
  `hdc_regist` int NULL DEFAULT 0,
  `dep` varchar(5) CHARACTER SET utf8mb3 COLLATE utf8mb3_general_ci NULL DEFAULT NULL,
  `hmain_sent` varchar(5) CHARACTER SET utf8mb3 COLLATE utf8mb3_general_ci NULL DEFAULT NULL,
  `register_date` date NULL DEFAULT NULL,
  `mcode` varchar(5) CHARACTER SET utf8mb3 COLLATE utf8mb3_general_ci NULL DEFAULT NULL,
  `status` decimal(1, 0) NULL DEFAULT NULL,
  PRIMARY KEY (`hoscode`) USING BTREE,
  INDEX `hoscode`(`hoscode`) USING BTREE,
  INDEX `idx_chospital_provcode_distcode`(`provcode`, `distcode`) USING BTREE
) ENGINE = MyISAM AUTO_INCREMENT = 1 CHARACTER SET = utf8mb3 COLLATE = utf8mb3_general_ci ROW_FORMAT = Dynamic;

-- ----------------------------
-- Records of chospital
-- ----------------------------
INSERT INTO `chospital` VALUES ('00018', 'สำนักงานสาธารณสุขจังหวัดนครราชสีมา', '01', '255 ', '', '11', '17', '01', '30', '-', '000001800', '0', '-', '0', 0, '21002', '', NULL, '21000', 1);
INSERT INTO `chospital` VALUES ('00222', 'สำนักงานสาธารณสุขอำเภอเมืองนครราชสีมา', '02', 'ถ.จอมพล ', '', '00', '01', '01', '30', '-', '000022200', '0', '-', '0', 0, '21002', '', NULL, '21000', 1);
INSERT INTO `chospital` VALUES ('00223', 'สำนักงานสาธารณสุขอำเภอครบุรี', '02', 'ถ.สุขาภิบาล  14', '', '00', '03', '02', '30', '-', '000022300', '0', '-', '0', 0, '21002', '', NULL, '21000', 1);
INSERT INTO `chospital` VALUES ('00224', 'สำนักงานสาธารณสุขอำเภอเสิงสาง ', '02', 'ถ.ครบุรี - เสิงสาง ', '', '00', '01', '03', '30', '-', '000022400', '0', '-', '0', 0, '21002', '', NULL, '21000', 1);
INSERT INTO `chospital` VALUES ('00225', 'สำนักงานสาธารณสุขอำเภอคง ', '02', 'ถ.เทศบาล  2 ', '', '00', '01', '04', '30', '-', '000022500', '0', '-', '0', 0, '21002', '', NULL, '21000', 1);
INSERT INTO `chospital` VALUES ('00226', 'สำนักงานสาธารณสุขอำเภอบ้านเหลื่อม', '02', 'ถ.ศูนย์ราชการ  ', '', '00', '01', '05', '30', '-', '000022600', '0', '-', '0', 0, '21002', '', NULL, '21000', 1);
INSERT INTO `chospital` VALUES ('00227', 'สำนักงานสาธารณสุขอำเภอจักราช ', '02', '-', '', '00', '01', '06', '30', '-', '000022700', '0', '-', '0', 0, '21002', '', NULL, '21000', 1);
INSERT INTO `chospital` VALUES ('00228', 'สำนักงานสาธารณสุขอำเภอโชคชัย ', '02', '167 ม .1 ถ.พิชิตคเชนทร์ ', '', '01', '08', '07', '30', '-', '000022800', '0', '-', '0', 0, '21002', '', NULL, '21000', 1);
INSERT INTO `chospital` VALUES ('00229', 'สำนักงานสาธารณสุขอำเภอด่านขุนทด', '02', 'ถ.สีคิ้ว - ชัยภูมิ ', '', '00', '02', '08', '30', '-', '000022900', '0', '-', '0', 0, '21002', '', NULL, '21000', 1);
INSERT INTO `chospital` VALUES ('00230', 'สำนักงานสาธารณสุขอำเภอโนนไทย', '02', 'ถ.สุรนารายณ์  ', '', '00', '01', '09', '30', '-', '000023000', '0', '-', '0', 0, '21002', '', NULL, '21000', 1);
INSERT INTO `chospital` VALUES ('00231', 'สำนักงานสาธารณสุขอำเภอโนนสูง ', '02', 'ถ.มิตรภาพ - โนนสูง ', '', '00', '01', '10', '30', '-', '000023100', '0', '-', '0', 0, '21002', '', NULL, '21000', 1);
INSERT INTO `chospital` VALUES ('00232', 'สำนักงานสาธารณสุขอำเภอขามสะแกแสง', '02', 'ถ.สุขาภิบาล 7  ', '', '00', '01', '11', '30', '-', '000023200', '0', '-', '0', 0, '21002', '', NULL, '21000', 1);
INSERT INTO `chospital` VALUES ('00233', 'สำนักงานสาธารณสุขอำเภอบัวใหญ่', '02', '195 ถ.นิเวศรัตน์  ', '', '00', '01', '12', '30', '-', '000023300', '0', '-', '0', 0, '21002', '', NULL, '21000', 1);
INSERT INTO `chospital` VALUES ('00234', 'สำนักงานสาธารณสุขอำเภอประทาย', '02', '-', '', '00', '01', '13', '30', '-', '000023400', '0', '-', '0', 0, '21002', '', NULL, '21000', 1);
INSERT INTO `chospital` VALUES ('00235', 'สำนักงานสาธารณสุขอำเภอปักธงชัย ', '02', 'ถ.ศรีพลรัตน์ ', '', '00', '19', '14', '30', '-', '000023500', '0', '-', '0', 0, '21002', '', NULL, '21000', 1);
INSERT INTO `chospital` VALUES ('00236', 'สำนักงานสาธารณสุขอำเภอพิมาย', '02', 'ถ.พิมาย - ชุมพวง  ', '', '00', '09', '15', '30', '-', '000023600', '0', '-', '0', 0, '21002', '', NULL, '21000', 1);
INSERT INTO `chospital` VALUES ('00237', 'สำนักงานสาธารณสุขอำเภอห้วยแถลง ', '02', '264 ม.1 ', '', '01', '02', '16', '30', '-', '000023700', '0', '-', '0', 0, '21002', '', NULL, '21000', 1);
INSERT INTO `chospital` VALUES ('00238', 'สำนักงานสาธารณสุขอำเภอชุมพวง ', '02', 'ถ.พิมาย - ชุมพวง ', '', '00', '01', '17', '30', '-', '000023800', '0', '-', '0', 0, '21002', '', NULL, '21000', 1);
INSERT INTO `chospital` VALUES ('00239', 'สำนักงานสาธารณสุขอำเภอสูงเนิน ', '02', '-', '', '00', '01', '18', '30', '-', '000023900', '0', '-', '0', 0, '21002', '', NULL, '21000', 1);
INSERT INTO `chospital` VALUES ('00240', 'สำนักงานสาธารณสุขอำเภอขามทะเลสอ', '02', 'ถ.โคกกรวด - โนนไทย ', '0', '00', '01', '19', '30', '-', '000024000', '0', NULL, '0', 0, '21002', '', NULL, '21000', 1);
INSERT INTO `chospital` VALUES ('00241', 'สำนักงานสาธารณสุขอำเภอสีคิ้ว ', '02', '-', '', '00', '04', '20', '30', '-', '000024100', '0', '-', '0', 0, '21002', '', NULL, '21000', 1);
INSERT INTO `chospital` VALUES ('00242', 'สำนักงานสาธารณสุขอำเภอปากช่อง ', '02', 'ถ.มตรภาพ  ', '', '00', '01', '21', '30', '-', '000024200', '0', '-', '0', 0, '21002', '', NULL, '21000', 1);
INSERT INTO `chospital` VALUES ('00243', 'สำนักงานสาธารณสุขอำเภอหนองบุญมาก', '02', 'ถ.โชคชัย - เดชอุดม ', '', '00', '01', '22', '30', '-', '000024300', '0', '-', '0', 0, '21002', '', NULL, '21000', 1);
INSERT INTO `chospital` VALUES ('00244', 'สำนักงานสาธารณสุขอำเภอแก้งสนามนาง', '02', '-', '', '00', '01', '23', '30', '-', '000024400', '0', '-', '0', 0, '21002', '', NULL, '21000', 1);
INSERT INTO `chospital` VALUES ('00245', 'สำนักงานสาธารณสุขอำเภอโนนแดง', '02', 'ถ.เจนจบทิศ ', '', '00', '01', '24', '30', '-', '000024500', '0', '-', '0', 0, '21002', '', NULL, '21000', 1);
INSERT INTO `chospital` VALUES ('00246', 'สำนักงานสาธารณสุขอำเภอวังน้ำเขียว  ', '02', 'ถ.นครราชสีมา - กบินทรีบุรี ', '', '00', '01', '25', '30', '-', '000024600', '0', '-', '0', 0, '21002', '', NULL, '21000', 1);
INSERT INTO `chospital` VALUES ('00247', 'สำนักงานสาธารณสุขอำเภอเทพารักษ์', '02', 'ถ.โกรกสมอ - สำนักตะคร้อ ', '', '00', '03', '26', '30', '-', '000024700', '0', '-', '0', 0, '21002', '', NULL, '21000', 1);
INSERT INTO `chospital` VALUES ('00248', 'สำนักงานสาธารณสุขอำเภอเมืองยาง', '02', '222 ม.1 ', '', '01', '01', '27', '30', '-', '000024800', '0', '-', '0', 0, '21002', '', NULL, '21000', 1);
INSERT INTO `chospital` VALUES ('00249', 'สำนักงานสาธารณสุขอำเภอพระทองคำ', '02', 'ถ.สุรนารายณ์ ', '', '00', '01', '28', '30', '-', '000024900', '0', '-', '0', 0, '21002', '', NULL, '21000', 1);
INSERT INTO `chospital` VALUES ('00250', 'สำนักงานสาธารณสุขอำเภอลำทะเมนชัย', '02', '-', '', '00', '01', '29', '30', '-', '000025000', '0', '-', '0', 0, '21002', '', NULL, '21000', 1);
INSERT INTO `chospital` VALUES ('00251', 'สำนักงานสาธารณสุขอำเภอเฉลิมพระเกียรติ', '02', '-', '', '00', '01', '32', '30', '-', '000025100', '0', '-', '0', 0, '21002', '', NULL, '21000', 1);
INSERT INTO `chospital` VALUES ('02536', 'โรงพยาบาลส่งเสริมสุขภาพตำบลหนองพลวงมะนาว', '18', '86 ', '', '04', '02', '01', '30', '-', '000253600', '0', '10-1 ปฐมภูมิ', '0', 1, '21002', '', NULL, '21000', 1);
INSERT INTO `chospital` VALUES ('02537', 'โรงพยาบาลส่งเสริมสุขภาพตำบลหนองปรู', '18', '215 ', '', '04', '03', '01', '30', '-', '000253700', '0', '10-1 ปฐมภูมิ', '0', 1, '21002', '', NULL, '21000', 1);
INSERT INTO `chospital` VALUES ('02538', 'โรงพยาบาลส่งเสริมสุขภาพตำบลโคกสูง', '18', NULL, '', '01', '04', '01', '30', '-', '000253800', '0', '10-1 ปฐมภูมิ', '0', 1, '21002', '', NULL, '21000', 1);
INSERT INTO `chospital` VALUES ('02539', 'โรงพยาบาลส่งเสริมสุขภาพตำบลบ้านพระ', '18', '166 ', '', '04', '05', '01', '30', '-', '000253900', '0', '10-1 ปฐมภูมิ', '0', 1, '21002', '', NULL, '21000', 1);
INSERT INTO `chospital` VALUES ('02540', 'โรงพยาบาลส่งเสริมสุขภาพตำบลโตนด', '18', '114 ', '', '11', '06', '01', '30', '-', '000254000', '0', '10-1 ปฐมภูมิ', '0', 1, '21002', '', NULL, '21000', 1);
INSERT INTO `chospital` VALUES ('02541', 'โรงพยาบาลส่งเสริมสุขภาพตำบลหนองพระลาน', '18', '130 ', '', '15', '06', '01', '30', '-', '000254100', '0', '10-1 ปฐมภูมิ', '0', 1, '21002', '', NULL, '21000', 1);
INSERT INTO `chospital` VALUES ('02542', 'โรงพยาบาลส่งเสริมสุขภาพตำบลหลักร้อย', '18', '2051 ถ.มุขมนตรี', '', '02', '07', '01', '30', '-', '000254200', '0', '10-1 ปฐมภูมิ', '0', 1, '21002', '', NULL, '21000', 1);
INSERT INTO `chospital` VALUES ('02543', 'โรงพยาบาลส่งเสริมสุขภาพตำบลหนองกระทุ่ม', '18', NULL, '', '07', '24', '01', '30', '-', '000254300', '0', '10-1 ปฐมภูมิ', '0', 1, '21002', '', NULL, '21000', 1);
INSERT INTO `chospital` VALUES ('02544', 'โรงพยาบาลส่งเสริมสุขภาพตำบลพลกรัง', '18', '104 ', '', '04', '09', '01', '30', '-', '000254400', '0', '10-1 ปฐมภูมิ', '0', 1, '21002', '', NULL, '21000', 1);
INSERT INTO `chospital` VALUES ('02545', 'โรงพยาบาลส่งเสริมสุขภาพตำบลโนนฝรั่ง', '18', '199 ', '', '03', '11', '01', '30', '-', '000254500', '0', '10-1 ปฐมภูมิ', '0', 1, '21002', '', NULL, '21000', 1);
INSERT INTO `chospital` VALUES ('02546', 'โรงพยาบาลส่งเสริมสุขภาพตำบลขนาย', '18', '164 ', '', '03', '12', '01', '30', '-', '000254600', '0', '10-1 ปฐมภูมิ', '0', 1, '21002', '', NULL, '21000', 1);
INSERT INTO `chospital` VALUES ('02547', 'โรงพยาบาลส่งเสริมสุขภาพตำบลบ้านใหม่', '18', '-', '', '02', '13', '01', '30', '-', '000254700', '0', '10-1 ปฐมภูมิ', '0', 1, '21002', '', NULL, '21000', 1);
INSERT INTO `chospital` VALUES ('02548', 'โรงพยาบาลส่งเสริมสุขภาพตำบลศรีษะละเลิง', '18', '335 ', '', '07', '13', '01', '30', '-', '000254800', '0', '10-1 ปฐมภูมิ', '0', 1, '21002', '', NULL, '21000', 1);
INSERT INTO `chospital` VALUES ('02549', 'โรงพยาบาลส่งเสริมสุขภาพตำบลพุดซา', '18', NULL, '', '07', '14', '01', '30', '-', '000254900', '0', '10-1 ปฐมภูมิ', '0', 1, '21002', '', NULL, '21000', 1);
INSERT INTO `chospital` VALUES ('02550', 'โรงพยาบาลส่งเสริมสุขภาพตำบลมะค่า', '18', '-', '', '06', '15', '01', '30', '-', '000255000', '0', '10-1 ปฐมภูมิ', '0', 0, '21002', '14697', NULL, '21000', 1);
INSERT INTO `chospital` VALUES ('02551', 'โรงพยาบาลส่งเสริมสุขภาพตำบลระกาย', '18', '161 ', '', '03', '16', '01', '30', '-', '000255100', '0', '10-1 ปฐมภูมิ', '0', 1, '21002', '', NULL, '21000', 1);
INSERT INTO `chospital` VALUES ('02552', 'โรงพยาบาลส่งเสริมสุขภาพตำบลบ้านโคกกรวด  ', '18', '-', NULL, '02', '17', '01', '30', '-', '000255200', '0', NULL, '0', 0, '21002', '', NULL, '21000', 2);
INSERT INTO `chospital` VALUES ('02553', 'โรงพยาบาลส่งเสริมสุขภาพตำบลไชยมงคล', '18', '5', '', '05', '18', '01', '30', '-', '000255300', '0', '10-1 ปฐมภูมิ', '0', 1, '21002', '', NULL, '21000', 1);
INSERT INTO `chospital` VALUES ('02554', 'โรงพยาบาลส่งเสริมสุขภาพตำบลหนองปลิง', '18', '284 ', '', '09', '19', '01', '30', '-', '000255400', '0', '10-1 ปฐมภูมิ', '0', 1, '21002', '', NULL, '21000', 1);
INSERT INTO `chospital` VALUES ('02555', 'โรงพยาบาลส่งเสริมสุขภาพตำบลยางใหญ่', '18', '413 ', '', '03', '20', '01', '30', '-', '000255500', '0', '10-1 ปฐมภูมิ', '0', 1, '21002', '', NULL, '21000', 1);
INSERT INTO `chospital` VALUES ('02556', 'โรงพยาบาลส่งเสริมสุขภาพตำบลสีมุม', '18', NULL, '', '05', '21', '01', '30', '-', '000255600', '0', '10-1 ปฐมภูมิ', '0', 1, '21002', '', NULL, '21000', 1);
INSERT INTO `chospital` VALUES ('02557', 'โรงพยาบาลส่งเสริมสุขภาพตำบลทุ่งกระโดน', '18', '-', '', '09', '21', '01', '30', '-', '000255700', '0', '10-1 ปฐมภูมิ', '0', 1, '21002', '', NULL, '21000', 1);
INSERT INTO `chospital` VALUES ('02558', 'โรงพยาบาลส่งเสริมสุขภาพตำบลกระฉอด', '18', '-', '', '05', '22', '01', '30', '-', '000255800', '0', '10-1 ปฐมภูมิ', '0', 1, '21002', '', NULL, '21000', 1);
INSERT INTO `chospital` VALUES ('02559', 'โรงพยาบาลส่งเสริมสุขภาพตำบลมะเริงน้อย', '18', NULL, '', '01', '23', '01', '30', '-', '000255900', '0', '10-1 ปฐมภูมิ', '0', 1, '21002', '', NULL, '21000', 1);
INSERT INTO `chospital` VALUES ('02560', 'โรงพยาบาลส่งเสริมสุขภาพตำบลหนองไข่น้ำ', '18', NULL, '', '07', '25', '01', '30', '-', '000256000', '0', '10-1 ปฐมภูมิ', '0', 1, '21002', '', NULL, '21000', 1);
INSERT INTO `chospital` VALUES ('02561', 'โรงพยาบาลส่งเสริมสุขภาพตำบลดอนแสนสุข', '18', '-', '', '03', '03', '02', '30', '-', '000256100', '0', '10-1 ปฐมภูมิ', '0', 1, '21002', '', NULL, '21000', 1);
INSERT INTO `chospital` VALUES ('02562', 'โรงพยาบาลส่งเสริมสุขภาพตำบลบ้านใหญ่', '18', '-', '', '08', '03', '02', '30', '-', '000256200', '0', '10-1 ปฐมภูมิ', '0', 1, '21002', '', NULL, '21000', 1);
INSERT INTO `chospital` VALUES ('02563', 'โรงพยาบาลส่งเสริมสุขภาพตำบลเฉลียงใหญ่', '18', '-', '', '01', '02', '02', '30', '-', '000256300', '0', '10-1 ปฐมภูมิ', '0', 1, '21002', '', NULL, '21000', 1);
INSERT INTO `chospital` VALUES ('02564', 'โรงพยาบาลส่งเสริมสุขภาพตำบลโคกกระชาย', '18', '-', '', '01', '04', '02', '30', '-', '000256400', '0', '10-1 ปฐมภูมิ', '0', 1, '21002', '', NULL, '21000', 1);
INSERT INTO `chospital` VALUES ('02565', 'โรงพยาบาลส่งเสริมสุขภาพตำบลมาบกราด', '18', '-', '', '05', '04', '02', '30', '-', '000256500', '0', '10-1 ปฐมภูมิ', '0', 1, '21002', '', NULL, '21000', 1);
INSERT INTO `chospital` VALUES ('02566', 'โรงพยาบาลส่งเสริมสุขภาพตำบลจระเข้หิน', '18', '-', '', '01', '05', '02', '30', '-', '000256600', '0', '10-1 ปฐมภูมิ', '0', 1, '21002', '', NULL, '21000', 1);
INSERT INTO `chospital` VALUES ('02567', 'โรงพยาบาลส่งเสริมสุขภาพตำบลตลิ่งชัน', '18', '-', '', '05', '05', '02', '30', '-', '000256700', '0', '10-1 ปฐมภูมิ', '0', 1, '21002', '', NULL, '21000', 1);
INSERT INTO `chospital` VALUES ('02568', 'โรงพยาบาลส่งเสริมสุขภาพตำบลมาบตะโกเอน', '18', '-', '', '02', '06', '02', '30', '-', '000256800', '0', '10-1 ปฐมภูมิ', '0', 1, '21002', '', NULL, '21000', 1);
INSERT INTO `chospital` VALUES ('02569', 'โรงพยาบาลส่งเสริมสุขภาพตำบลนาราก', '18', '-', '', '01', '07', '02', '30', '-', '000256900', '0', '10-1 ปฐมภูมิ', '0', 1, '21002', '', NULL, '21000', 1);
INSERT INTO `chospital` VALUES ('02570', 'โรงพยาบาลส่งเสริมสุขภาพตำบลอังโกน', '18', '-', '', '01', '08', '02', '30', '-', '000257000', '0', '10-1 ปฐมภูมิ', '0', 1, '21002', '', NULL, '21000', 1);
INSERT INTO `chospital` VALUES ('02571', 'โรงพยาบาลส่งเสริมสุขภาพตำบลโนนกลาง', '18', '-', '', '07', '08', '02', '30', '-', '000257100', '0', '10-1 ปฐมภูมิ', '0', 1, '21002', '', NULL, '21000', 1);
INSERT INTO `chospital` VALUES ('02572', 'โรงพยาบาลส่งเสริมสุขภาพตำบลลำเพียก', '18', '-', '', '01', '09', '02', '30', '-', '000257200', '0', '10-1 ปฐมภูมิ', '0', 1, '21002', '', NULL, '21000', 1);
INSERT INTO `chospital` VALUES ('02573', 'โรงพยาบาลส่งเสริมสุขภาพตำบลซับระวิง', '18', '-', '', '02', '09', '02', '30', '-', '000257300', '0', '10-1 ปฐมภูมิ', '0', 1, '21002', '', NULL, '21000', 1);
INSERT INTO `chospital` VALUES ('02574', 'โรงพยาบาลส่งเสริมสุขภาพตำบลซับก้านเหลือง', '18', '-', '', '04', '03', '02', '30', '-', '000257400', '0', '10-1 ปฐมภูมิ', '0', 1, '21002', '', NULL, '21000', 1);
INSERT INTO `chospital` VALUES ('02575', 'โรงพยาบาลส่งเสริมสุขภาพตำบลหนองบัว', '18', '-', '', '01', '11', '02', '30', '-', '000257500', '0', '10-1 ปฐมภูมิ', '0', 1, '21002', '', NULL, '21000', 1);
INSERT INTO `chospital` VALUES ('02576', 'โรงพยาบาลส่งเสริมสุขภาพตำบลสระว่านพระยา', '18', '-', '', '03', '12', '02', '30', '-', '000257600', '0', '10-1 ปฐมภูมิ', '0', 1, '21002', '', NULL, '21000', 1);
INSERT INTO `chospital` VALUES ('02577', 'โรงพยาบาลส่งเสริมสุขภาพตำบลโคกไม้ตาย', '18', '-', '', '04', '02', '03', '30', '-', '000257700', '0', '10-1 ปฐมภูมิ', '0', 1, '21002', '', NULL, '21000', 1);
INSERT INTO `chospital` VALUES ('02578', 'โรงพยาบาลส่งเสริมสุขภาพตำบลสันติสุข', '18', '-', '', '10', '02', '03', '30', '-', '000257800', '0', '10-1 ปฐมภูมิ', '0', 1, '21002', '', NULL, '21000', 1);
INSERT INTO `chospital` VALUES ('02579', 'โรงพยาบาลส่งเสริมสุขภาพตำบลโคกน้อย', '18', '-', '', '02', '03', '03', '30', '-', '000257900', '0', '10-1 ปฐมภูมิ', '0', 1, '21002', '', NULL, '21000', 1);
INSERT INTO `chospital` VALUES ('02580', 'โรงพยาบาลส่งเสริมสุขภาพตำบลกุดโบสถ์', '18', '39 ', '', '01', '04', '03', '30', '-', '000258000', '0', '10-1 ปฐมภูมิ', '0', 1, '21002', '', NULL, '21000', 1);
INSERT INTO `chospital` VALUES ('02581', 'โรงพยาบาลส่งเสริมสุขภาพตำบลสมบัติเจริญ', '18', '-', '', '06', '04', '03', '30', '-', '000258100', '0', '10-1 ปฐมภูมิ', '0', 1, '21002', '', NULL, '21000', 1);
INSERT INTO `chospital` VALUES ('02582', 'โรงพยาบาลส่งเสริมสุขภาพตำบลดอนแขวน', '18', '-', '', '02', '05', '03', '30', '-', '000258200', '0', '10-1 ปฐมภูมิ', '0', 1, '21002', '', NULL, '21000', 1);
INSERT INTO `chospital` VALUES ('02583', 'โรงพยาบาลส่งเสริมสุขภาพตำบลหนองตูม', '18', '-', '', '07', '05', '03', '30', '-', '000258300', '0', '10-1 ปฐมภูมิ', '0', 1, '21002', '', NULL, '21000', 1);
INSERT INTO `chospital` VALUES ('02584', 'โรงพยาบาลส่งเสริมสุขภาพตำบลราษฎร์พัฒนา', '18', '-', '', '08', '06', '03', '30', '-', '000258400', '0', '10-1 ปฐมภูมิ', '0', 1, '21002', '', NULL, '21000', 1);
INSERT INTO `chospital` VALUES ('02585', 'โรงพยาบาลส่งเสริมสุขภาพตำบลปอปิด', '18', '130 ', '', '15', '02', '04', '30', '-', '000258500', '0', '10-1 ปฐมภูมิ', '0', 1, '21002', '', NULL, '21000', 1);
INSERT INTO `chospital` VALUES ('02586', 'โรงพยาบาลส่งเสริมสุขภาพตำบลคูขาด', '18', '-', '', '04', '02', '04', '30', '-', '000258600', '0', '10-1 ปฐมภูมิ', '0', 1, '21002', '', NULL, '21000', 1);
INSERT INTO `chospital` VALUES ('02587', 'โรงพยาบาลส่งเสริมสุขภาพตำบลคอนเมือง', '18', '-', '', '02', '03', '04', '30', '-', '000258700', '0', '10-1 ปฐมภูมิ', '0', 1, '21002', '', NULL, '21000', 1);
INSERT INTO `chospital` VALUES ('02588', 'โรงพยาบาลส่งเสริมสุขภาพตำบลบ้านวัด', '18', '295  ', '', '09', '03', '04', '30', '-', '000258800', '0', '10-1 ปฐมภูมิ', '0', 1, '21002', '', NULL, '21000', 1);
INSERT INTO `chospital` VALUES ('02589', 'โรงพยาบาลส่งเสริมสุขภาพตำบลตาจั่น', '18', '-', '', '07', '04', '04', '30', '-', '000258900', '0', '10-1 ปฐมภูมิ', '0', 1, '21002', '', NULL, '21000', 1);
INSERT INTO `chospital` VALUES ('02590', 'โรงพยาบาลส่งเสริมสุขภาพตำบลบ้านปรางค์', '18', '-', '', '01', '05', '04', '30', '-', '000259000', '0', '10-1 ปฐมภูมิ', '0', 1, '21002', '', NULL, '21000', 1);
INSERT INTO `chospital` VALUES ('02591', 'โรงพยาบาลส่งเสริมสุขภาพตำบลหนองม่วง', '18', '-', '', '02', '06', '04', '30', '-', '000259100', '0', '10-1 ปฐมภูมิ', '0', 1, '21002', '', NULL, '21000', 1);
INSERT INTO `chospital` VALUES ('02592', 'โรงพยาบาลส่งเสริมสุขภาพตำบลห้วยไหราษฎร์พัฒนา', '18', '-', '', '03', '07', '04', '30', '-', '000259200', '0', '10-1 ปฐมภูมิ', '0', 1, '21002', '', NULL, '21000', 1);
INSERT INTO `chospital` VALUES ('02593', 'โรงพยาบาลส่งเสริมสุขภาพตำบลโนนเต็ง', '18', '-', '', '01', '08', '04', '30', '-', '000259300', '0', '10-1 ปฐมภูมิ', '0', 1, '21002', '', NULL, '21000', 1);
INSERT INTO `chospital` VALUES ('02594', 'โรงพยาบาลส่งเสริมสุขภาพตำบลดอนใหญ่', '18', '5 ', '', '01', '09', '04', '30', '-', '000259400', '0', '10-1 ปฐมภูมิ', '0', 1, '21002', '', NULL, '21000', 1);
INSERT INTO `chospital` VALUES ('02595', 'โรงพยาบาลส่งเสริมสุขภาพตำบลขามสมบูรณ์', '18', '58 ', '', '01', '10', '04', '30', '-', '000259500', '0', '10-1 ปฐมภูมิ', '0', 1, '21002', '', NULL, '21000', 1);
INSERT INTO `chospital` VALUES ('02596', 'โรงพยาบาลส่งเสริมสุขภาพตำบลวังโพธิ์', '18', '-', '', '02', '02', '05', '30', '-', '000259600', '0', '10-1 ปฐมภูมิ', '0', 1, '21002', '', NULL, '21000', 1);
INSERT INTO `chospital` VALUES ('02597', 'โรงพยาบาลส่งเสริมสุขภาพตำบลโคกกระเบื้อง', '18', '-', '', '01', '03', '05', '30', '-', '000259700', '0', '10-1 ปฐมภูมิ', '0', 1, '21002', '', NULL, '21000', 1);
INSERT INTO `chospital` VALUES ('02598', 'โรงพยาบาลส่งเสริมสุขภาพตำบลตลุกพลวง', '18', '-', '', '15', '03', '05', '30', '-', '000259800', '0', '10-1 ปฐมภูมิ', '0', 1, '21002', '', NULL, '21000', 1);
INSERT INTO `chospital` VALUES ('02599', 'โรงพยาบาลส่งเสริมสุขภาพตำบลช่อระกา', '18', '-', '', '01', '04', '05', '30', '-', '000259900', '0', '10-1 ปฐมภูมิ', '0', 1, '21002', '', NULL, '21000', 1);
INSERT INTO `chospital` VALUES ('02600', 'โรงพยาบาลส่งเสริมสุขภาพตำบลหนองบัวตะแบง', '18', '-', '', '02', '03', '06', '30', '-', '000260000', '0', '10-1 ปฐมภูมิ', '0', 1, '21002', '', NULL, '21000', 1);
INSERT INTO `chospital` VALUES ('02601', 'โรงพยาบาลส่งเสริมสุขภาพตำบลสีสุก', '18', '-', '', '01', '04', '06', '30', '-', '000260100', '0', '10-1 ปฐมภูมิ', '0', 1, '21002', '', NULL, '21000', 1);
INSERT INTO `chospital` VALUES ('02602', 'โรงพยาบาลส่งเสริมสุขภาพตำบลหนองขาม', '18', '-', '', '01', '05', '06', '30', '-', '000260200', '0', '10-1 ปฐมภูมิ', '0', 1, '21002', '', NULL, '21000', 1);
INSERT INTO `chospital` VALUES ('02603', 'โรงพยาบาลส่งเสริมสุขภาพตำบลบ้านบุ', '18', '-', '', '06', '07', '06', '30', '-', '000260300', '0', '10-1 ปฐมภูมิ', '0', 1, '21002', '', NULL, '21000', 1);
INSERT INTO `chospital` VALUES ('02604', 'โรงพยาบาลส่งเสริมสุขภาพตำบลโคกพระ', '18', '-', '', '04', '07', '06', '30', '-', '000260400', '0', '10-1 ปฐมภูมิ', '0', 1, '21002', '', NULL, '21000', 1);
INSERT INTO `chospital` VALUES ('02605', 'โรงพยาบาลส่งเสริมสุขภาพตำบลละกอ', '18', '-', '', '04', '10', '06', '30', '-', '000260500', '0', '10-1 ปฐมภูมิ', '0', 1, '21002', '', NULL, '21000', 1);
INSERT INTO `chospital` VALUES ('02606', 'โรงพยาบาลส่งเสริมสุขภาพตำบลดงพลอง', '18', '-', '', '05', '11', '06', '30', '-', '000260600', '0', '10-1 ปฐมภูมิ', '0', 1, '21002', '', NULL, '21000', 1);
INSERT INTO `chospital` VALUES ('02607', 'โรงพยาบาลส่งเสริมสุขภาพตำบลหินโคน', '18', '-', '', '01', '13', '06', '30', '-', '000260700', '0', '10-1 ปฐมภูมิ', '0', 1, '21002', '', NULL, '21000', 1);
INSERT INTO `chospital` VALUES ('02608', 'โรงพยาบาลส่งเสริมสุขภาพตำบลพะโค', '18', '-', '', '05', '01', '07', '30', '-', '000260800', '0', '10-1 ปฐมภูมิ', '0', 1, '21002', '', NULL, '21000', 1);
INSERT INTO `chospital` VALUES ('02609', 'โรงพยาบาลส่งเสริมสุขภาพตำบลพลับพลา', '18', '-', '', '02', '02', '07', '30', '-', '000260900', '0', '10-1 ปฐมภูมิ', '0', 1, '21002', '', NULL, '21000', 1);
INSERT INTO `chospital` VALUES ('02610', 'โรงพยาบาลส่งเสริมสุขภาพตำบลท่าอ่าง', '18', '-', '', '06', '03', '07', '30', '-', '000261000', '0', '10-1 ปฐมภูมิ', '0', 1, '21002', '', NULL, '21000', 1);
INSERT INTO `chospital` VALUES ('02611', 'โรงพยาบาลส่งเสริมสุขภาพตำบลหนองปรึก', '18', '-', '', '03', '04', '07', '30', '-', '000261100', '0', '10-1 ปฐมภูมิ', '0', 1, '21002', '', NULL, '21000', 1);
INSERT INTO `chospital` VALUES ('02612', 'โรงพยาบาลส่งเสริมสุขภาพตำบลท่าลาดขาว', '18', '-', '', '02', '05', '07', '30', '-', '000261200', '0', '10-1 ปฐมภูมิ', '0', 1, '21002', '', NULL, '21000', 1);
INSERT INTO `chospital` VALUES ('02613', 'โรงพยาบาลส่งเสริมสุขภาพตำบลขี้ตุ่น', '18', '-', '', '02', '06', '07', '30', '-', '000261300', '0', '10-1 ปฐมภูมิ', '0', 1, '21002', '', NULL, '21000', 1);
INSERT INTO `chospital` VALUES ('02614', 'โรงพยาบาลส่งเสริมสุขภาพตำบลบ้านโจด', '18', '-', '', '04', '07', '07', '30', '30190', '000261400', '0', '10-1 ปฐมภูมิ', '0', 1, '21002', '', NULL, '21000', 1);
INSERT INTO `chospital` VALUES ('02615', 'โรงพยาบาลส่งเสริมสุขภาพตำบลกอโจด', '18', '-', '', '11', '07', '07', '30', '30190', '000261500', '0', '10-1 ปฐมภูมิ', '0', 1, '21002', '', NULL, '21000', 1);
INSERT INTO `chospital` VALUES ('02616', 'โรงพยาบาลส่งเสริมสุขภาพตำบลละลม', '18', '-', '', '02', '09', '07', '30', '-', '000261600', '0', '10-1 ปฐมภูมิ', '0', 1, '21002', '', NULL, '21000', 1);
INSERT INTO `chospital` VALUES ('02617', 'โรงพยาบาลส่งเสริมสุขภาพตำบลด่านเกวียน', '18', '-', '', '01', '10', '07', '30', '-', '000261700', '0', '10-1 ปฐมภูมิ', '0', 1, '21002', '', NULL, '21000', 1);
INSERT INTO `chospital` VALUES ('02618', 'โรงพยาบาลส่งเสริมสุขภาพตำบลกุดพิมาน', '18', '302', '', '07', '01', '08', '30', '-', '000261800', '0', '10-1 ปฐมภูมิ', '0', 1, '21002', '', NULL, '21000', 1);
INSERT INTO `chospital` VALUES ('02619', 'โรงพยาบาลส่งเสริมสุขภาพตำบลด่านนอก', '18', '-', '', '07', '03', '08', '30', '-', '000261900', '0', '10-1 ปฐมภูมิ', '0', 1, '21002', '', NULL, '21000', 1);
INSERT INTO `chospital` VALUES ('02620', 'โรงพยาบาลส่งเสริมสุขภาพตำบลบ้านพระ', '18', '-', '', '08', '04', '08', '30', '-', '000262000', '0', '10-1 ปฐมภูมิ', '0', 1, '21002', '', NULL, '21000', 1);
INSERT INTO `chospital` VALUES ('02621', 'โรงพยาบาลส่งเสริมสุขภาพตำบลตะเคียน', '18', '-', '', '12', '05', '08', '30', '-', '000262100', '0', '10-1 ปฐมภูมิ', '0', 1, '21002', '', NULL, '21000', 1);
INSERT INTO `chospital` VALUES ('02622', 'โรงพยาบาลส่งเสริมสุขภาพตำบลกุดม่วง', '18', '-', '', '07', '05', '08', '30', '-', '000262200', '0', '10-1 ปฐมภูมิ', '0', 1, '21002', '', NULL, '21000', 1);
INSERT INTO `chospital` VALUES ('02623', 'โรงพยาบาลส่งเสริมสุขภาพตำบลวังโป่ง', '18', '-', '', '06', '06', '08', '30', '-', '000262300', '0', '10-1 ปฐมภูมิ', '0', 1, '21002', '', NULL, '21000', 1);
INSERT INTO `chospital` VALUES ('02624', 'โรงพยาบาลส่งเสริมสุขภาพตำบลบ้านแปรง', '18', '300 ', '', '11', '07', '08', '30', '-', '000262400', '0', '10-1 ปฐมภูมิ', '0', 1, '21002', '', NULL, '21000', 1);
INSERT INTO `chospital` VALUES ('02625', 'โรงพยาบาลส่งเสริมสุขภาพตำบลพันชนะ', '18', '-', '', '01', '08', '08', '30', '-', '000262500', '0', '10-1 ปฐมภูมิ', '0', 1, '21002', '', NULL, '21000', 1);
INSERT INTO `chospital` VALUES ('02626', 'โรงพยาบาลส่งเสริมสุขภาพตำบลสระจรเข้', '18', '134 ', '', '04', '09', '08', '30', '-', '000262600', '0', '10-1 ปฐมภูมิ', '0', 1, '21002', '', NULL, '21000', 1);
INSERT INTO `chospital` VALUES ('02627', 'โรงพยาบาลส่งเสริมสุขภาพตำบลหนองกราด', '18', '343 ', '', '13', '10', '08', '30', '-', '000262700', '0', '10-1 ปฐมภูมิ', '0', 1, '21002', '', NULL, '21000', 1);
INSERT INTO `chospital` VALUES ('02628', 'โรงพยาบาลส่งเสริมสุขภาพตำบลหนองบัวตะเกียด', '18', '-', '', '10', '11', '08', '30', '-', '000262800', '0', '10-1 ปฐมภูมิ', '0', 1, '21002', '', NULL, '21000', 1);
INSERT INTO `chospital` VALUES ('02629', 'โรงพยาบาลส่งเสริมสุขภาพตำบลหนองบัวละคร', '18', '-', '', '02', '12', '08', '30', '-', '000262900', '0', '10-1 ปฐมภูมิ', '0', 1, '21002', '', NULL, '21000', 1);
INSERT INTO `chospital` VALUES ('02630', 'โรงพยาบาลส่งเสริมสุขภาพตำบลหินดาด', '18', NULL, '', '01', '13', '08', '30', '-', '000263000', '0', '10-1 ปฐมภูมิ', '0', 1, '21002', '', NULL, '21000', 1);
INSERT INTO `chospital` VALUES ('02631', 'โรงพยาบาลส่งเสริมสุขภาพตำบลห้วยจรเข้', '18', '350 ', '', '19', '13', '08', '30', '-', '000263100', '0', '10-1 ปฐมภูมิ', '0', 1, '21002', '', NULL, '21000', 1);
INSERT INTO `chospital` VALUES ('02632', 'โรงพยาบาลส่งเสริมสุขภาพตำบลห้วยบง', '18', '-', '', '15', '15', '08', '30', '-', '000263200', '0', '10-1 ปฐมภูมิ', '0', 1, '21002', '', NULL, '21000', 1);
INSERT INTO `chospital` VALUES ('02633', 'โรงพยาบาลส่งเสริมสุขภาพตำบลหนองใหญ่', '18', '371 ', '', '08', '15', '08', '30', '-', '000263300', '0', '10-1 ปฐมภูมิ', '0', 1, '21002', '', NULL, '21000', 1);
INSERT INTO `chospital` VALUES ('02634', 'โรงพยาบาลส่งเสริมสุขภาพตำบลซับพลู', '18', '453 ', '', '06', '15', '08', '30', '-', '000263400', '0', '10-1 ปฐมภูมิ', '0', 1, '21002', '', NULL, '21000', 1);
INSERT INTO `chospital` VALUES ('02635', 'โรงพยาบาลส่งเสริมสุขภาพตำบลโนนเมืองพัฒนา', '18', '131', '', '01', '17', '08', '30', '-', '000263500', '0', '10-1 ปฐมภูมิ', '0', 1, '21002', '', NULL, '21000', 1);
INSERT INTO `chospital` VALUES ('02636', 'โรงพยาบาลส่งเสริมสุขภาพตำบลดอนป่าโอบ', '18', '158 ', '', '06', '18', '08', '30', '-', '000263600', '0', '10-1 ปฐมภูมิ', '0', 1, '21002', '', NULL, '21000', 1);
INSERT INTO `chospital` VALUES ('02637', 'โรงพยาบาลส่งเสริมสุขภาพตำบลด่านจาก', '18', '-', '', '08', '02', '09', '30', '-', '000263700', '0', '10-1 ปฐมภูมิ', '0', 1, '21002', '', NULL, '21000', 1);
INSERT INTO `chospital` VALUES ('02638', 'โรงพยาบาลส่งเสริมสุขภาพตำบลใหม่นารี', '18', '-', '', '09', '03', '09', '30', '-', '000263800', '0', '10-1 ปฐมภูมิ', '0', 1, '21002', '', NULL, '21000', 1);
INSERT INTO `chospital` VALUES ('02639', 'โรงพยาบาลส่งเสริมสุขภาพตำบลสำโรง', '18', '-', '', '02', '04', '09', '30', '-', '000263900', '0', '10-1 ปฐมภูมิ', '0', 1, '21002', '', NULL, '21000', 1);
INSERT INTO `chospital` VALUES ('02640', 'โรงพยาบาลส่งเสริมสุขภาพตำบลสระพัง', '18', '-', '', '03', '04', '09', '30', '-', '000264000', '0', '10-1 ปฐมภูมิ', '0', 1, '21002', '', NULL, '21000', 1);
INSERT INTO `chospital` VALUES ('02641', 'โรงพยาบาลส่งเสริมสุขภาพตำบลค้างพลู', '18', '-', '', '03', '05', '09', '30', '-', '000264100', '0', '10-1 ปฐมภูมิ', '0', 1, '21002', '', NULL, '21000', 1);
INSERT INTO `chospital` VALUES ('02642', 'โรงพยาบาลส่งเสริมสุขภาพตำบลบ้านวัง', '18', '-', '', '03', '06', '09', '30', '-', '000264200', '0', '10-1 ปฐมภูมิ', '0', 1, '21002', '', NULL, '21000', 1);
INSERT INTO `chospital` VALUES ('02643', 'โรงพยาบาลส่งเสริมสุขภาพตำบลคูเมือง', '18', '-', '', '03', '07', '09', '30', '-', '000264300', '0', '10-1 ปฐมภูมิ', '0', 1, '21002', '', NULL, '21000', 1);
INSERT INTO `chospital` VALUES ('02644', 'โรงพยาบาลส่งเสริมสุขภาพตำบลสระตะเฆ่', '18', '-', '', '08', '07', '09', '30', '-', '000264400', '0', '10-1 ปฐมภูมิ', '0', 1, '21002', '', NULL, '21000', 1);
INSERT INTO `chospital` VALUES ('02645', 'โรงพยาบาลส่งเสริมสุขภาพตำบลสายออ', '18', '-', '', '04', '08', '09', '30', '-', '000264500', '0', '10-1 ปฐมภูมิ', '0', 1, '21002', '', NULL, '21000', 1);
INSERT INTO `chospital` VALUES ('02647', 'โรงพยาบาลส่งเสริมสุขภาพตำบลถนนโพธิ์', '18', '-', '', '05', '09', '09', '30', '-', '000264700', '0', '10-1 ปฐมภูมิ', '0', 1, '21002', '', NULL, '21000', 1);
INSERT INTO `chospital` VALUES ('02648', 'โรงพยาบาลส่งเสริมสุขภาพตำบลหนองดุม', '18', '-', '', '07', '14', '09', '30', '-', '000264800', '0', '10-1 ปฐมภูมิ', '0', 1, '21002', '', NULL, '21000', 1);
INSERT INTO `chospital` VALUES ('02649', 'โรงพยาบาลส่งเสริมสุขภาพตำบลบ้านใหม่กลอ', '18', NULL, '', '12', '02', '10', '30', '-', '000264900', '0', '10-1 ปฐมภูมิ', '0', 1, '21002', '', NULL, '21000', 1);
INSERT INTO `chospital` VALUES ('02650', 'โรงพยาบาลส่งเสริมสุขภาพตำบลโตนด', '18', '-', '', '06', '03', '10', '30', '-', '000265000', '0', '10-1 ปฐมภูมิ', '0', 1, '21002', '', NULL, '21000', 1);
INSERT INTO `chospital` VALUES ('02651', 'โรงพยาบาลส่งเสริมสุขภาพตำบลบ้านเพชร', '18', '-', '', '04', '04', '10', '30', '-', '000265100', '0', '10-1 ปฐมภูมิ', '0', 1, '21002', '', NULL, '21000', 1);
INSERT INTO `chospital` VALUES ('02652', 'โรงพยาบาลส่งเสริมสุขภาพตำบลดอนชมพู', '18', '-', '', '10', '05', '10', '30', '-', '000265200', '0', '10-1 ปฐมภูมิ', '0', 1, '21002', '', NULL, '21000', 1);
INSERT INTO `chospital` VALUES ('02653', 'โรงพยาบาลส่งเสริมสุขภาพตำบลตลาดแค', '18', '-', '', '02', '06', '10', '30', '-', '000265300', '0', '10-1 ปฐมภูมิ', '0', 1, '21002', '', NULL, '21000', 1);
INSERT INTO `chospital` VALUES ('02654', 'โรงพยาบาลส่งเสริมสุขภาพตำบลหลุมข้าว', '18', '-', '', '01', '07', '10', '30', '-', '000265400', '0', '10-1 ปฐมภูมิ', '0', 1, '21002', '', NULL, '21000', 1);
INSERT INTO `chospital` VALUES ('02655', 'โรงพยาบาลส่งเสริมสุขภาพตำบลท่ากระทุ่ม', '18', '-', '', '09', '07', '10', '30', '-', '000265500', '0', '10-1 ปฐมภูมิ', '0', 1, '21002', '', NULL, '21000', 1);
INSERT INTO `chospital` VALUES ('02656', 'โรงพยาบาลส่งเสริมสุขภาพตำบลมะค่า', '18', '-', '', '01', '08', '10', '30', '-', '000265600', '0', '10-1 ปฐมภูมิ', '0', 1, '21002', '', NULL, '21000', 1);
INSERT INTO `chospital` VALUES ('02657', 'โรงพยาบาลส่งเสริมสุขภาพตำบลพลสงคราม', '18', '-', '', '01', '09', '10', '30', '-', '000265700', '0', '10-1 ปฐมภูมิ', '0', 1, '21002', '', NULL, '21000', 1);
INSERT INTO `chospital` VALUES ('02658', 'โรงพยาบาลส่งเสริมสุขภาพตำบลมะรุม', '18', '-', '', '08', '09', '10', '30', '-', '000265800', '0', '10-1 ปฐมภูมิ', '0', 1, '21002', '', NULL, '21000', 1);
INSERT INTO `chospital` VALUES ('02659', 'โรงพยาบาลส่งเสริมสุขภาพตำบลบ้านเหล่า', '18', '-', '', '04', '10', '10', '30', '-', '000265900', '0', '10-1 ปฐมภูมิ', '0', 1, '21002', '', NULL, '21000', 1);
INSERT INTO `chospital` VALUES ('02660', 'โรงพยาบาลส่งเสริมสุขภาพตำบลบ้านไพ', '18', '-', '', '02', '11', '10', '30', '-', '000266000', '0', '10-1 ปฐมภูมิ', '0', 1, '21002', '', NULL, '21000', 1);
INSERT INTO `chospital` VALUES ('02661', 'โรงพยาบาลส่งเสริมสุขภาพตำบลหนองหว้า', '18', '-', '', '05', '12', '10', '30', '-', '000266100', '0', '10-1 ปฐมภูมิ', '0', 1, '21002', '', NULL, '21000', 1);
INSERT INTO `chospital` VALUES ('02662', 'โรงพยาบาลส่งเสริมสุขภาพตำบลสะพาน', '18', '-', '', '02', '13', '10', '30', '-', '000266200', '0', '10-1 ปฐมภูมิ', '0', 1, '21002', '', NULL, '21000', 1);
INSERT INTO `chospital` VALUES ('02663', 'โรงพยาบาลส่งเสริมสุขภาพตำบลดอนท้าว', '18', '-', '', '09', '14', '10', '30', '-', '000266300', '0', '10-1 ปฐมภูมิ', '0', 1, '21002', '', NULL, '21000', 1);
INSERT INTO `chospital` VALUES ('02664', 'โรงพยาบาลส่งเสริมสุขภาพตำบลหนองตะคลอง', '18', '-', '', '04', '15', '10', '30', '-', '000266400', '0', '10-1 ปฐมภูมิ', '0', 1, '21002', '', NULL, '21000', 1);
INSERT INTO `chospital` VALUES ('02665', 'โรงพยาบาลส่งเสริมสุขภาพตำบลนาราดพัฒนา', '18', '-', '', '05', '16', '10', '30', '-', '000266500', '0', '10-1 ปฐมภูมิ', '0', 1, '21002', '', NULL, '21000', 1);
INSERT INTO `chospital` VALUES ('02666', 'โรงพยาบาลส่งเสริมสุขภาพตำบลโนนเมือง', '18', '-', '', '01', '02', '11', '30', '-', '000266600', '0', '10-1 ปฐมภูมิ', '0', 1, '21002', '', NULL, '21000', 1);
INSERT INTO `chospital` VALUES ('02667', 'โรงพยาบาลส่งเสริมสุขภาพตำบลบ้านห้วย', '18', '-', '', '02', '03', '11', '30', '30290', '000266700', '0', '10-1 ปฐมภูมิ', '0', 1, '21002', '', NULL, '21000', 1);
INSERT INTO `chospital` VALUES ('02668', 'โรงพยาบาลส่งเสริมสุขภาพตำบลชีวึก', '18', '-', '', '01', '04', '11', '30', '-', '000266800', '0', '10-1 ปฐมภูมิ', '0', 1, '21002', '', NULL, '21000', 1);
INSERT INTO `chospital` VALUES ('02669', 'โรงพยาบาลส่งเสริมสุขภาพตำบลหนองไข่น้ำ', '18', '-', '', '04', '05', '11', '30', '30290', '000266900', '0', '10-1 ปฐมภูมิ', '0', 1, '21002', '', NULL, '21000', 1);
INSERT INTO `chospital` VALUES ('02670', 'โรงพยาบาลส่งเสริมสุขภาพตำบลหนองหัวฟาน', '18', '-', '', '05', '06', '11', '30', '-', '000267000', '0', '10-1 ปฐมภูมิ', '0', 1, '21002', '', NULL, '21000', 1);
INSERT INTO `chospital` VALUES ('02671', 'โรงพยาบาลส่งเสริมสุขภาพตำบลเมืองทอง', '18', '-', '', '06', '07', '11', '30', '30290', '000267100', '0', '10-1 ปฐมภูมิ', '0', 1, '21002', '', NULL, '21000', 1);
INSERT INTO `chospital` VALUES ('02672', 'โรงพยาบาลส่งเสริมสุขภาพตำบลดงบัง', '18', '-', '', '06', '03', '12', '30', '-', '000267200', '0', '10-1 ปฐมภูมิ', '0', 1, '21002', '', NULL, '21000', 1);
INSERT INTO `chospital` VALUES ('02673', 'โรงพยาบาลส่งเสริมสุขภาพตำบลหนองแจ้งน้อย', '18', '-', '', '01', '04', '12', '30', '-', '000267300', '0', '10-1 ปฐมภูมิ', '0', 1, '21002', '', NULL, '21000', 1);
INSERT INTO `chospital` VALUES ('02674', 'โรงพยาบาลส่งเสริมสุขภาพตำบลทองหลางน้อย', '18', '123 ', '', '01', '06', '12', '30', '-', '000267400', '0', '10-1 ปฐมภูมิ', '0', 1, '21002', '', NULL, '21000', 1);
INSERT INTO `chospital` VALUES ('02675', 'โรงพยาบาลส่งเสริมสุขภาพตำบลหนองพลวง', '18', '170', '', '10', '07', '12', '30', '-', '000267500', '0', '10-1 ปฐมภูมิ', '0', 1, '21002', '', NULL, '21000', 1);
INSERT INTO `chospital` VALUES ('02676', 'โรงพยาบาลส่งเสริมสุขภาพตำบลคูขาด', '18', '196 ', '', '08', '07', '12', '30', '-', '000267600', '0', '10-1 ปฐมภูมิ', '0', 1, '21002', '', NULL, '21000', 1);
INSERT INTO `chospital` VALUES ('02677', 'โรงพยาบาลส่งเสริมสุขภาพตำบลโนนทองหลาง', '18', '-', '', '02', '08', '12', '30', '-', '000267700', '0', '10-1 ปฐมภูมิ', '0', 1, '21002', '', NULL, '21000', 1);
INSERT INTO `chospital` VALUES ('02678', 'โรงพยาบาลส่งเสริมสุขภาพตำบลดอนชุมช้าง', '18', '150', '', '10', '08', '12', '30', '-', '000267800', '0', '10-1 ปฐมภูมิ', '0', 1, '21002', '', NULL, '21000', 1);
INSERT INTO `chospital` VALUES ('02679', 'โรงพยาบาลส่งเสริมสุขภาพตำบลหนองแวง', '18', '-', '', '01', '04', '30', '30', '-', '000267900', '0', '10-1 ปฐมภูมิ', '0', 1, '21002', '', NULL, '21000', 1);
INSERT INTO `chospital` VALUES ('02680', 'โรงพยาบาลส่งเสริมสุขภาพตำบลบัวลาย', '18', '-', '', '11', '03', '30', '30', '-', '000268000', '0', '10-1 ปฐมภูมิ', '0', 1, '21002', '', NULL, '21000', 1);
INSERT INTO `chospital` VALUES ('02681', 'โรงพยาบาลส่งเสริมสุขภาพตำบลหินแห่', '18', '-', '', '08', '01', '31', '30', '-', '000268100', '0', '10-1 ปฐมภูมิ', '0', 1, '21002', '', NULL, '21000', 1);
INSERT INTO `chospital` VALUES ('02682', 'โรงพยาบาลส่งเสริมสุขภาพตำบลโพนทอง', '18', '-', '', '09', '02', '31', '30', '-', '000268200', '0', '10-1 ปฐมภูมิ', '0', 1, '21002', '', NULL, '21000', 1);
INSERT INTO `chospital` VALUES ('02683', 'โรงพยาบาลส่งเสริมสุขภาพตำบลหนองเชียงโข่', '18', '11/2', '', '05', '14', '12', '30', '-', '000268300', '0', '10-1 ปฐมภูมิ', '0', 1, '21002', '', NULL, '21000', 1);
INSERT INTO `chospital` VALUES ('02684', 'โรงพยาบาลส่งเสริมสุขภาพตำบลโคกสะอาด', '18', '5/1', '', '04', '15', '12', '30', '-', '000268400', '0', '10-1 ปฐมภูมิ', '0', 1, '21002', '', NULL, '21000', 1);
INSERT INTO `chospital` VALUES ('02685', 'โรงพยาบาลส่งเสริมสุขภาพตำบลโนนจาน', '18', '-', '', '01', '02', '30', '30', '-', '000268500', '0', '10-1 ปฐมภูมิ', '0', 1, '21002', '', NULL, '21000', 1);
INSERT INTO `chospital` VALUES ('02686', 'โรงพยาบาลส่งเสริมสุขภาพตำบลโนนกอก', '18', '-', '', '06', '04', '31', '30', '-', '000268600', '0', '10-1 ปฐมภูมิ', '0', 1, '21002', '', NULL, '21000', 1);
INSERT INTO `chospital` VALUES ('02687', 'โรงพยาบาลส่งเสริมสุขภาพตำบลโคกสี', '18', '41', '', '01', '20', '12', '30', '-', '000268700', '0', '10-1 ปฐมภูมิ', '0', 1, '21002', '', NULL, '21000', 1);
INSERT INTO `chospital` VALUES ('02688', 'โรงพยาบาลส่งเสริมสุขภาพตำบลดอนคนทา', '18', '109', '', '03', '20', '12', '30', '-', '000268800', '0', '10-1 ปฐมภูมิ', '0', 1, '21002', '', NULL, '21000', 1);
INSERT INTO `chospital` VALUES ('02689', 'โรงพยาบาลส่งเสริมสุขภาพตำบลหนองจะบก', '18', '-', '', '03', '05', '31', '30', '-', '000268900', '0', '10-1 ปฐมภูมิ', '0', 1, '21002', '', NULL, '21000', 1);
INSERT INTO `chospital` VALUES ('02690', 'โรงพยาบาลส่งเสริมสุขภาพตำบลเมืองพะไล', '18', '-', '', '02', '01', '30', '30', '-', '000269000', '0', '10-1 ปฐมภูมิ', '0', 0, '21002', '27839', NULL, '21000', 1);
INSERT INTO `chospital` VALUES ('02691', 'โรงพยาบาลส่งเสริมสุขภาพตำบลโนนประดู่', '18', '-', '', '03', '03', '31', '30', '-', '000269100', '0', '10-1 ปฐมภูมิ', '0', 1, '21002', '', NULL, '21000', 1);
INSERT INTO `chospital` VALUES ('02692', 'โรงพยาบาลส่งเสริมสุขภาพตำบลหนองแจ้งใหญ่', '18', '240', '', '01', '24', '12', '30', '-', '000269200', '0', '10-1 ปฐมภูมิ', '0', 1, '21002', '', NULL, '21000', 1);
INSERT INTO `chospital` VALUES ('02693', 'โรงพยาบาลส่งเสริมสุขภาพตำบลสี่เหลี่ยม', '18', '-', '', '01', '03', '13', '30', '-', '000269300', '0', '10-1 ปฐมภูมิ', '0', 1, '21002', '', NULL, '21000', 1);
INSERT INTO `chospital` VALUES ('02694', 'โรงพยาบาลส่งเสริมสุขภาพตำบลโนนไผ่ล้อม', '18', '-', '', '13', '03', '13', '30', '-', '000269400', '0', '10-1 ปฐมภูมิ', '0', 1, '21002', '', NULL, '21000', 1);
INSERT INTO `chospital` VALUES ('02695', 'โรงพยาบาลส่งเสริมสุขภาพตำบลโคกสี', '18', '-', '', '01', '04', '13', '30', '-', '000269500', '0', '10-1 ปฐมภูมิ', '0', 1, '21002', '', NULL, '21000', 1);
INSERT INTO `chospital` VALUES ('02696', 'โรงพยาบาลส่งเสริมสุขภาพตำบลบ้านประทาย', '18', '-', '', '02', '06', '13', '30', '-', '000269600', '0', '10-1 ปฐมภูมิ', '0', 1, '21002', '', NULL, '21000', 1);
INSERT INTO `chospital` VALUES ('02697', 'โรงพยาบาลส่งเสริมสุขภาพตำบลหัวหนอง', '18', '-', '', '04', '07', '13', '30', '-', '000269700', '0', '10-1 ปฐมภูมิ', '0', 1, '21002', '', NULL, '21000', 1);
INSERT INTO `chospital` VALUES ('02698', 'โรงพยาบาลส่งเสริมสุขภาพตำบลสำโรง', '18', '-', '', '01', '08', '13', '30', '-', '000269800', '0', '10-1 ปฐมภูมิ', '0', 1, '21002', '', NULL, '21000', 1);
INSERT INTO `chospital` VALUES ('02699', 'โรงพยาบาลส่งเสริมสุขภาพตำบลหันห้วยทราย', '18', '-', '', '01', '09', '13', '30', '-', '000269900', '0', '10-1 ปฐมภูมิ', '0', 1, '21002', '', NULL, '21000', 1);
INSERT INTO `chospital` VALUES ('02700', 'โรงพยาบาลส่งเสริมสุขภาพตำบลคอกหมู', '18', '-', '', '10', '10', '13', '30', '-', '000270000', '0', '10-1 ปฐมภูมิ', '0', 1, '21002', '', NULL, '21000', 1);
INSERT INTO `chospital` VALUES ('02701', 'โรงพยาบาลส่งเสริมสุขภาพตำบลหญ้าคา', '18', '-', '', '05', '13', '13', '30', '-', '000270100', '0', '10-1 ปฐมภูมิ', '0', 1, '21002', '', NULL, '21000', 1);
INSERT INTO `chospital` VALUES ('02702', 'โรงพยาบาลส่งเสริมสุขภาพตำบลหนองช่างตาย', '18', '-', '', '02', '14', '13', '30', '-', '000270200', '0', '10-1 ปฐมภูมิ', '0', 1, '21002', '', NULL, '21000', 1);
INSERT INTO `chospital` VALUES ('02703', 'โรงพยาบาลส่งเสริมสุขภาพตำบลเย้ยตะแบง', '18', '-', '', '02', '15', '13', '30', '-', '000270300', '0', '10-1 ปฐมภูมิ', '0', 1, '21002', '', NULL, '21000', 1);
INSERT INTO `chospital` VALUES ('02704', 'โรงพยาบาลส่งเสริมสุขภาพตำบลโคกกลาง', '18', '-', '', '02', '17', '13', '30', '-', '000270400', '0', '10-1 ปฐมภูมิ', '0', 1, '21002', '', NULL, '21000', 1);
INSERT INTO `chospital` VALUES ('02705', 'โรงพยาบาลส่งเสริมสุขภาพตำบลหนองคู', '18', '-', '', '05', '18', '13', '30', '-', '000270500', '0', '10-1 ปฐมภูมิ', '0', 1, '21002', '', NULL, '21000', 1);
INSERT INTO `chospital` VALUES ('02706', 'โรงพยาบาลส่งเสริมสุขภาพตำบลตะคุ', '18', '-', '', '01', '02', '14', '30', '-', '000270600', '0', '10-1 ปฐมภูมิ', '0', 1, '21002', '', NULL, '21000', 1);
INSERT INTO `chospital` VALUES ('02707', 'โรงพยาบาลส่งเสริมสุขภาพตำบลสุขัง', '18', '-', '', '09', '02', '14', '30', '-', '000270700', '0', '10-1 ปฐมภูมิ', '0', 1, '21002', '', NULL, '21000', 1);
INSERT INTO `chospital` VALUES ('02708', 'โรงพยาบาลส่งเสริมสุขภาพตำบลบุสมอ', '18', '-', '', '04', '03', '14', '30', '-', '000270800', '0', '10-1 ปฐมภูมิ', '0', 1, '21002', '', NULL, '21000', 1);
INSERT INTO `chospital` VALUES ('02709', 'โรงพยาบาลส่งเสริมสุขภาพตำบลขุนละคร', '18', '-', '', '02', '04', '14', '30', '-', '000270900', '0', '10-1 ปฐมภูมิ', '0', 1, '21002', '', NULL, '21000', 1);
INSERT INTO `chospital` VALUES ('02710', 'โรงพยาบาลส่งเสริมสุขภาพตำบลตะขบ', '18', '-', '', '01', '05', '14', '30', '-', '000271000', '0', '10-1 ปฐมภูมิ', '0', 1, '21002', '', NULL, '21000', 1);
INSERT INTO `chospital` VALUES ('02711', 'โรงพยาบาลส่งเสริมสุขภาพตำบลน้ำซับ', '18', '-', '', '16', '05', '14', '30', '-', '000271100', '0', '10-1 ปฐมภูมิ', '0', 1, '21002', '', NULL, '21000', 1);
INSERT INTO `chospital` VALUES ('02712', 'โรงพยาบาลส่งเสริมสุขภาพตำบลพระเพลิง', '18', '-', '', '02', '06', '14', '30', '-', '000271200', '0', '10-1 ปฐมภูมิ', '0', 1, '21002', '', NULL, '21000', 1);
INSERT INTO `chospital` VALUES ('02713', 'โรงพยาบาลส่งเสริมสุขภาพตำบลนกออก', '18', '-', '', '06', '06', '14', '30', '-', '000271300', '0', '10-1 ปฐมภูมิ', '0', 1, '21002', '', NULL, '21000', 1);
INSERT INTO `chospital` VALUES ('02714', 'โรงพยาบาลส่งเสริมสุขภาพตำบลบ้านพร้าว', '18', '-', '', '04', '07', '14', '30', '-', '000271400', '0', '10-1 ปฐมภูมิ', '0', 1, '21002', '', NULL, '21000', 1);
INSERT INTO `chospital` VALUES ('02715', 'โรงพยาบาลส่งเสริมสุขภาพตำบลบ้านหนองปลิง ', '18', '-', '', '03', '09', '14', '30', '-', '000271500', '0', '10-1 ปฐมภูมิ', '0', 1, '21002', '', NULL, '21000', 1);
INSERT INTO `chospital` VALUES ('02716', 'โรงพยาบาลส่งเสริมสุขภาพตำบลงิ้ว', '18', '-', '', '15', '10', '14', '30', '-', '000271600', '0', '10-1 ปฐมภูมิ', '0', 1, '21002', '', NULL, '21000', 1);
INSERT INTO `chospital` VALUES ('02717', 'โรงพยาบาลส่งเสริมสุขภาพตำบลบ้านโคก', '18', '-', '', '03', '11', '14', '30', '-', '000271700', '0', '10-1 ปฐมภูมิ', '0', 1, '21002', '', NULL, '21000', 1);
INSERT INTO `chospital` VALUES ('02718', 'โรงพยาบาลส่งเสริมสุขภาพตำบลเชียงสา', '18', '-', '', '10', '11', '14', '30', '-', '000271800', '0', '10-1 ปฐมภูมิ', '0', 1, '21002', '', NULL, '21000', 1);
INSERT INTO `chospital` VALUES ('02719', 'โรงพยาบาลส่งเสริมสุขภาพตำบลลำนางแก้ว', '18', '-', '', '01', '12', '14', '30', '-', '000271900', '0', '10-1 ปฐมภูมิ', '0', 1, '21002', '', NULL, '21000', 1);
INSERT INTO `chospital` VALUES ('02720', 'โรงพยาบาลส่งเสริมสุขภาพตำบลหนองนกเขียน', '18', '-', '', '02', '16', '14', '30', '-', '000272000', '0', '10-1 ปฐมภูมิ', '0', 1, '21002', '', NULL, '21000', 1);
INSERT INTO `chospital` VALUES ('02721', 'โรงพยาบาลส่งเสริมสุขภาพตำบลปลายดาบ', '18', '-', '', '07', '18', '14', '30', '-', '000272100', '0', '10-1 ปฐมภูมิ', '0', 1, '21002', '', NULL, '21000', 1);
INSERT INTO `chospital` VALUES ('02722', 'โรงพยาบาลส่งเสริมสุขภาพตำบลหลุมข้าว', '18', '-', '', '04', '19', '14', '30', '-', '000272200', '0', '10-1 ปฐมภูมิ', '0', 1, '21002', '', NULL, '21000', 1);
INSERT INTO `chospital` VALUES ('02723', 'โรงพยาบาลส่งเสริมสุขภาพตำบลนางเหริญ', '18', '-', '', '05', '19', '14', '30', '-', '000272300', '0', '10-1 ปฐมภูมิ', '0', 1, '21002', '', NULL, '21000', 1);
INSERT INTO `chospital` VALUES ('02724', 'โรงพยาบาลส่งเสริมสุขภาพตำบลท่าเยี่ยม', '18', '-', '', '04', '20', '14', '30', '-', '000272400', '0', '10-1 ปฐมภูมิ', '0', 1, '21002', '', NULL, '21000', 1);
INSERT INTO `chospital` VALUES ('02725', 'โรงพยาบาลส่งเสริมสุขภาพตำบลบ้านซึม', '18', '-', '', '05', '02', '15', '30', '-', '000272500', '0', '10-1 ปฐมภูมิ', '0', 1, '21002', '', NULL, '21000', 1);
INSERT INTO `chospital` VALUES ('02726', 'โรงพยาบาลส่งเสริมสุขภาพตำบลสัมฤทธิ์', '18', '-', '', '12', '02', '15', '30', '-', '000272600', '0', '10-1 ปฐมภูมิ', '0', 1, '21002', '', NULL, '21000', 1);
INSERT INTO `chospital` VALUES ('02727', 'โรงพยาบาลส่งเสริมสุขภาพตำบลลุงตามัน', '18', '-', '', '02', '03', '15', '30', '-', '000272700', '0', '10-1 ปฐมภูมิ', '0', 1, '21002', '', NULL, '21000', 1);
INSERT INTO `chospital` VALUES ('02728', 'โรงพยาบาลส่งเสริมสุขภาพตำบลหนองจิก', '18', '-', '', '10', '03', '15', '30', '-', '000272800', '0', '10-1 ปฐมภูมิ', '0', 1, '21002', '', NULL, '21000', 1);
INSERT INTO `chospital` VALUES ('02729', 'โรงพยาบาลส่งเสริมสุขภาพตำบลบ้านเตย', '18', '-', '', '01', '04', '15', '30', '-', '000272900', '0', '10-1 ปฐมภูมิ', '0', 1, '21002', '', NULL, '21000', 1);
INSERT INTO `chospital` VALUES ('02730', 'โรงพยาบาลส่งเสริมสุขภาพตำบลท่าหลวง', '18', '-', '', '01', '05', '15', '30', '-', '000273000', '0', '10-1 ปฐมภูมิ', '0', 1, '21002', '', NULL, '21000', 1);
INSERT INTO `chospital` VALUES ('02731', 'โรงพยาบาลส่งเสริมสุขภาพตำบลจารย์ตำรา', '18', '-', '', '05', '05', '15', '30', '-', '000273100', '0', '10-1 ปฐมภูมิ', '0', 1, '21002', '', NULL, '21000', 1);
INSERT INTO `chospital` VALUES ('02732', 'โรงพยาบาลส่งเสริมสุขภาพตำบลรังกาใหญ่', '18', '-', '', '06', '06', '15', '30', '-', '000273200', '0', '10-1 ปฐมภูมิ', '0', 1, '21002', '', NULL, '21000', 1);
INSERT INTO `chospital` VALUES ('02733', 'โรงพยาบาลส่งเสริมสุขภาพตำบลนิคมสร้างตนเอง 2', '18', '-', '', '11', '06', '15', '30', '-', '000273300', '0', '10-1 ปฐมภูมิ', '0', 1, '21002', '', NULL, '21000', 1);
INSERT INTO `chospital` VALUES ('02734', 'โรงพยาบาลส่งเสริมสุขภาพตำบลชีวาน', '18', '-', '', '01', '07', '15', '30', '-', '000273400', '0', '10-1 ปฐมภูมิ', '0', 1, '21002', '', NULL, '21000', 1);
INSERT INTO `chospital` VALUES ('02735', 'โรงพยาบาลส่งเสริมสุขภาพตำบลนิคมสร้างตนเอง 1', '18', '-', '', '01', '08', '15', '30', '-', '000273500', '0', '10-1 ปฐมภูมิ', '0', 1, '21002', '', NULL, '21000', 1);
INSERT INTO `chospital` VALUES ('02736', 'โรงพยาบาลส่งเสริมสุขภาพตำบลหนองหญ้าขาว', '18', '-', '', '11', '08', '15', '30', '-', '000273600', '0', '10-1 ปฐมภูมิ', '0', 1, '21002', '', NULL, '21000', 1);
INSERT INTO `chospital` VALUES ('02737', 'โรงพยาบาลส่งเสริมสุขภาพตำบลดงน้อย', '18', '-', '', '02', '09', '15', '30', '-', '000273700', '0', '10-1 ปฐมภูมิ', '0', 1, '21002', '', NULL, '21000', 1);
INSERT INTO `chospital` VALUES ('02738', 'โรงพยาบาลส่งเสริมสุขภาพตำบลดงใหญ่', '18', '-', '', '13', '10', '15', '30', '-', '000273800', '0', '10-1 ปฐมภูมิ', '0', 1, '21002', '', NULL, '21000', 1);
INSERT INTO `chospital` VALUES ('02739', 'โรงพยาบาลส่งเสริมสุขภาพตำบลมะกอก', '18', '-', '', '09', '10', '15', '30', '-', '000273900', '0', '10-1 ปฐมภูมิ', '0', 1, '21002', '', NULL, '21000', 1);
INSERT INTO `chospital` VALUES ('02740', 'โรงพยาบาลส่งเสริมสุขภาพตำบลมะค่าระเว', '18', '-', '', '11', '11', '15', '30', '-', '000274000', '0', '10-1 ปฐมภูมิ', '0', 1, '21002', '', NULL, '21000', 1);
INSERT INTO `chospital` VALUES ('02741', 'โรงพยาบาลส่งเสริมสุขภาพตำบลหนองขาม', '18', '-', '', '02', '12', '15', '30', '-', '000274100', '0', '10-1 ปฐมภูมิ', '0', 1, '21002', '', NULL, '21000', 1);
INSERT INTO `chospital` VALUES ('02742', 'โรงพยาบาลส่งเสริมสุขภาพตำบลหนองระเวียง', '18', '-', '', '06', '12', '15', '30', '-', '000274200', '0', '10-1 ปฐมภูมิ', '0', 1, '21002', '', NULL, '21000', 1);
INSERT INTO `chospital` VALUES ('02743', 'โรงพยาบาลส่งเสริมสุขภาพตำบลทับสวาย', '18', '-', '', '01', '02', '16', '30', '-', '000274300', '0', '10-1 ปฐมภูมิ', '0', 1, '21002', '', NULL, '21000', 1);
INSERT INTO `chospital` VALUES ('02744', 'โรงพยาบาลส่งเสริมสุขภาพตำบลโนนทอง', '18', '-', '', '03', '03', '16', '30', '-', '000274400', '0', '10-1 ปฐมภูมิ', '0', 1, '21002', '', NULL, '21000', 1);
INSERT INTO `chospital` VALUES ('02745', 'โรงพยาบาลส่งเสริมสุขภาพตำบลท่าลี่', '18', '53', '', '04', '03', '16', '30', '-', '000274500', '0', '10-1 ปฐมภูมิ', '0', 1, '21002', '', NULL, '21000', 1);
INSERT INTO `chospital` VALUES ('02746', 'โรงพยาบาลส่งเสริมสุขภาพตำบลไผ่นกเขา', '18', '30', '', '15', '04', '16', '30', '-', '000274600', '0', '10-1 ปฐมภูมิ', '0', 1, '21002', '', NULL, '21000', 1);
INSERT INTO `chospital` VALUES ('02747', 'โรงพยาบาลส่งเสริมสุขภาพตำบลหนองสาย', '18', '31 ', '', '06', '04', '16', '30', '-', '000274700', '0', '10-1 ปฐมภูมิ', '0', 1, '21002', '', NULL, '21000', 1);
INSERT INTO `chospital` VALUES ('02748', 'โรงพยาบาลส่งเสริมสุขภาพตำบลหินดาด', '18', '300 ', '', '01', '05', '16', '30', '-', '000274800', '0', '10-1 ปฐมภูมิ', '0', 1, '21002', '', NULL, '21000', 1);
INSERT INTO `chospital` VALUES ('02749', 'โรงพยาบาลส่งเสริมสุขภาพตำบลหนองพลอง', '18', '-', '', '11', '05', '16', '30', '-', '000274900', '0', '10-1 ปฐมภูมิ', '0', 1, '21002', '', NULL, '21000', 1);
INSERT INTO `chospital` VALUES ('02750', 'โรงพยาบาลส่งเสริมสุขภาพตำบลหนองม่วงใหญ่', '18', '-', '', '01', '06', '16', '30', '-', '000275000', '0', '10-1 ปฐมภูมิ', '0', 1, '21002', '', NULL, '21000', 1);
INSERT INTO `chospital` VALUES ('02751', 'โรงพยาบาลส่งเสริมสุขภาพตำบลหนองนาพัฒนา', '18', '-', '', '11', '06', '16', '30', '-', '000275100', '0', '10-1 ปฐมภูมิ', '0', 1, '21002', '', NULL, '21000', 1);
INSERT INTO `chospital` VALUES ('02752', 'โรงพยาบาลส่งเสริมสุขภาพตำบลซ่าเลือด', '18', '-', '', '03', '07', '16', '30', '-', '000275200', '0', '10-1 ปฐมภูมิ', '0', 1, '21002', '', NULL, '21000', 1);
INSERT INTO `chospital` VALUES ('02753', 'โรงพยาบาลส่งเสริมสุขภาพตำบลหลุ่งประดู่', '18', '148/3 ', '', '01', '08', '16', '30', '-', '000275300', '0', '10-1 ปฐมภูมิ', '0', 1, '21002', '', NULL, '21000', 1);
INSERT INTO `chospital` VALUES ('02754', 'โรงพยาบาลส่งเสริมสุขภาพตำบลตะโก', '18', '178 ', '', '01', '09', '16', '30', '-', '000275400', '0', '10-1 ปฐมภูมิ', '0', 1, '21002', '', NULL, '21000', 1);
INSERT INTO `chospital` VALUES ('02755', 'โรงพยาบาลส่งเสริมสุขภาพตำบลหนองแต้', '18', '107 ', '', '02', '10', '16', '30', '-', '000275500', '0', '10-1 ปฐมภูมิ', '0', 1, '21002', '', NULL, '21000', 1);
INSERT INTO `chospital` VALUES ('02756', 'โรงพยาบาลส่งเสริมสุขภาพตำบลประสุข', '18', '-', '', '13', '02', '17', '30', '-', '000275600', '0', '10-1 ปฐมภูมิ', '0', 1, '21002', '', NULL, '21000', 1);
INSERT INTO `chospital` VALUES ('02757', 'โรงพยาบาลส่งเสริมสุขภาพตำบลบ้านเขว้า', '18', '-', '', '08', '02', '17', '30', '-', '000275700', '0', '10-1 ปฐมภูมิ', '0', 1, '21002', '', NULL, '21000', 1);
INSERT INTO `chospital` VALUES ('02758', 'โรงพยาบาลส่งเสริมสุขภาพตำบลท่าลาด', '18', '-', '', '01', '03', '17', '30', '-', '000275800', '0', '10-1 ปฐมภูมิ', '0', 1, '21002', '', NULL, '21000', 1);
INSERT INTO `chospital` VALUES ('02759', 'โรงพยาบาลส่งเสริมสุขภาพตำบลโคกพะงาด', '18', '-', '', '02', '03', '17', '30', '-', '000275900', '0', '10-1 ปฐมภูมิ', '0', 1, '21002', '', NULL, '21000', 1);
INSERT INTO `chospital` VALUES ('02760', 'โรงพยาบาลส่งเสริมสุขภาพตำบลโคกหินช้าง', '18', '-', '', '04', '04', '17', '30', '-', '000276000', '0', '10-1 ปฐมภูมิ', '0', 1, '21002', '', NULL, '21000', 1);
INSERT INTO `chospital` VALUES ('02761', 'โรงพยาบาลส่งเสริมสุขภาพตำบลตาจง', '18', '-', '', '05', '05', '17', '30', '-', '000276100', '0', '10-1 ปฐมภูมิ', '0', 1, '21002', '', NULL, '21000', 1);
INSERT INTO `chospital` VALUES ('02762', 'โรงพยาบาลส่งเสริมสุขภาพตำบลหนองตาด', '18', '-', '', '08', '05', '17', '30', '-', '000276200', '0', '10-1 ปฐมภูมิ', '0', 1, '21002', '', NULL, '21000', 1);
INSERT INTO `chospital` VALUES ('02763', 'โรงพยาบาลส่งเสริมสุขภาพตำบลโนนรัง', '18', '-', '', '03', '10', '17', '30', '-', '000276300', '0', '10-1 ปฐมภูมิ', '0', 1, '21002', '', NULL, '21000', 1);
INSERT INTO `chospital` VALUES ('02764', 'โรงพยาบาลส่งเสริมสุขภาพตำบลปฏิรูปที่ดิน', '18', '-', '', '09', '10', '17', '30', '-', '000276400', '0', '10-1 ปฐมภูมิ', '0', 1, '21002', '', NULL, '21000', 1);
INSERT INTO `chospital` VALUES ('02765', 'โรงพยาบาลส่งเสริมสุขภาพตำบลหนองหลัก', '18', '-', '', '03', '14', '17', '30', '-', '000276500', '0', '10-1 ปฐมภูมิ', '0', 1, '21002', '', NULL, '21000', 1);
INSERT INTO `chospital` VALUES ('02766', 'โรงพยาบาลส่งเสริมสุขภาพตำบลตูมใหญ่', '18', '-', '', '03', '16', '17', '30', '-', '000276600', '0', '10-1 ปฐมภูมิ', '0', 1, '21002', '', NULL, '21000', 1);
INSERT INTO `chospital` VALUES ('02767', 'โรงพยาบาลส่งเสริมสุขภาพตำบลประดู่', '18', '-', '', '04', '17', '17', '30', '-', '000276700', '0', '10-1 ปฐมภูมิ', '0', 1, '21002', '', NULL, '21000', 1);
INSERT INTO `chospital` VALUES ('02768', 'โรงพยาบาลส่งเสริมสุขภาพตำบลเหมือดแอ่', '18', '-', '', '13', '02', '18', '30', '-', '000276800', '0', '10-1 ปฐมภูมิ', '0', 1, '21002', '', NULL, '21000', 1);
INSERT INTO `chospital` VALUES ('02769', 'โรงพยาบาลส่งเสริมสุขภาพตำบลหินตั้ง', '18', '132/4', '', '05', '02', '18', '30', '-', '000276900', '0', '10-1 ปฐมภูมิ', '0', 1, '21002', '', NULL, '21000', 1);
INSERT INTO `chospital` VALUES ('02770', 'โรงพยาบาลส่งเสริมสุขภาพตำบลเมืองเก่า', '18', '-', '', '04', '03', '18', '30', '-', '000277000', '0', '10-1 ปฐมภูมิ', '0', 1, '21002', '', NULL, '21000', 1);
INSERT INTO `chospital` VALUES ('02771', 'โรงพยาบาลส่งเสริมสุขภาพตำบลโคกมะกอก', '18', '223 ', '', '11', '04', '18', '30', '-', '000277100', '0', '10-1 ปฐมภูมิ', '0', 1, '21002', '', NULL, '21000', 1);
INSERT INTO `chospital` VALUES ('02772', 'โรงพยาบาลส่งเสริมสุขภาพตำบลโนนค่า', '18', '-', '', '03', '05', '18', '30', '-', '000277200', '0', '10-1 ปฐมภูมิ', '0', 1, '21002', '', NULL, '21000', 1);
INSERT INTO `chospital` VALUES ('02773', 'โรงพยาบาลส่งเสริมสุขภาพตำบลหนองหอย', '18', '-', '', '08', '05', '18', '30', '-', '000277300', '0', '10-1 ปฐมภูมิ', '0', 1, '21002', '', NULL, '21000', 1);
INSERT INTO `chospital` VALUES ('02774', 'โรงพยาบาลส่งเสริมสุขภาพตำบลโค้งยาง', '18', '009 ', '', '01', '06', '18', '30', '-', '000277400', '0', '10-1 ปฐมภูมิ', '0', 1, '21002', '', NULL, '21000', 1);
INSERT INTO `chospital` VALUES ('02775', 'โรงพยาบาลส่งเสริมสุขภาพตำบลมะเกลือเก่า', '18', '-', '', '01', '07', '18', '30', '-', '000277500', '0', '10-1 ปฐมภูมิ', '0', 1, '21002', '', NULL, '21000', 1);
INSERT INTO `chospital` VALUES ('02776', 'โรงพยาบาลส่งเสริมสุขภาพตำบลปลายราง', '18', '-', '', '08', '07', '18', '30', '-', '000277600', '0', '10-1 ปฐมภูมิ', '0', 1, '21002', '', NULL, '21000', 1);
INSERT INTO `chospital` VALUES ('02777', 'โรงพยาบาลส่งเสริมสุขภาพตำบลมะเกลือใหม่', '18', '228', '', '01', '08', '18', '30', '-', '000277700', '0', '10-1 ปฐมภูมิ', '0', 1, '21002', '', NULL, '21000', 1);
INSERT INTO `chospital` VALUES ('02778', 'โรงพยาบาลส่งเสริมสุขภาพตำบลวะภูแก้ว', '18', '96', '', '06', '08', '18', '30', '-', '000277800', '0', '10-1 ปฐมภูมิ', '0', 1, '21002', '', NULL, '21000', 1);
INSERT INTO `chospital` VALUES ('02779', 'โรงพยาบาลส่งเสริมสุขภาพตำบลนาใหญ่', '18', '202 ', '', '02', '09', '18', '30', '-', '000277900', '0', '10-1 ปฐมภูมิ', '0', 1, '21002', '', NULL, '21000', 1);
INSERT INTO `chospital` VALUES ('02780', 'โรงพยาบาลส่งเสริมสุขภาพตำบลหนองตะไก้', '18', '-', '', '02', '10', '18', '30', '-', '000278000', '0', '10-1 ปฐมภูมิ', '0', 1, '21002', '', NULL, '21000', 1);
INSERT INTO `chospital` VALUES ('02781', 'โรงพยาบาลส่งเสริมสุขภาพตำบลกุดจิก', '18', '202 ', '', '04', '11', '18', '30', '-', '000278100', '0', '10-1 ปฐมภูมิ', '0', 1, '21002', '', NULL, '21000', 1);
INSERT INTO `chospital` VALUES ('02782', 'โรงพยาบาลส่งเสริมสุขภาพตำบลโป่งแดง', '18', '-', '', '06', '02', '19', '30', '-', '000278200', '0', '10-1 ปฐมภูมิ', '0', 1, '21002', '', NULL, '21000', 1);
INSERT INTO `chospital` VALUES ('02783', 'โรงพยาบาลส่งเสริมสุขภาพตำบลพันดุง', '18', '-', '', '01', '03', '19', '30', '-', '000278300', '0', '10-1 ปฐมภูมิ', '0', 1, '21002', '', NULL, '21000', 1);
INSERT INTO `chospital` VALUES ('02784', 'โรงพยาบาลส่งเสริมสุขภาพตำบลโคกแขวน', '18', '-', '', '04', '03', '19', '30', '-', '000278400', '0', '10-1 ปฐมภูมิ', '0', 1, '21002', '', NULL, '21000', 1);
INSERT INTO `chospital` VALUES ('02785', 'โรงพยาบาลส่งเสริมสุขภาพตำบลหนองสรวง', '18', '-', '', '01', '04', '19', '30', '-', '000278500', '0', '10-1 ปฐมภูมิ', '0', 1, '21002', '', NULL, '21000', 1);
INSERT INTO `chospital` VALUES ('02786', 'โรงพยาบาลส่งเสริมสุขภาพตำบลบ้านหนองตะครอง', '18', '-', '', '03', '04', '19', '30', '-', '000278600', '0', '10-1 ปฐมภูมิ', '0', 1, '21002', '', NULL, '21000', 1);
INSERT INTO `chospital` VALUES ('02787', 'โรงพยาบาลส่งเสริมสุขภาพตำบลบึงอ้อ', '18', '-', '', '09', '05', '19', '30', '-', '000278700', '0', '10-1 ปฐมภูมิ', '0', 1, '21002', '', NULL, '21000', 1);
INSERT INTO `chospital` VALUES ('02788', 'โรงพยาบาลส่งเสริมสุขภาพตำบลบ้านหัน', '18', '-', '', '01', '02', '20', '30', '-', '000278800', '0', '10-1 ปฐมภูมิ', '0', 1, '21002', '', NULL, '21000', 1);
INSERT INTO `chospital` VALUES ('02789', 'โรงพยาบาลส่งเสริมสุขภาพตำบลปางละกอ', '18', '-', '', '01', '03', '20', '30', '-', '000278900', '0', '10-1 ปฐมภูมิ', '0', 1, '21002', '', NULL, '21000', 1);
INSERT INTO `chospital` VALUES ('02790', 'โรงพยาบาลส่งเสริมสุขภาพตำบลวังโรงน้อย', '18', '-', '', '04', '03', '20', '30', '-', '000279000', '0', '10-1 ปฐมภูมิ', '0', 1, '21002', '', NULL, '21000', 1);
INSERT INTO `chospital` VALUES ('02791', 'โรงพยาบาลส่งเสริมสุขภาพตำบลใหม่สำโรง', '18', '-', '', '03', '04', '20', '30', '-', '000279100', '0', '10-1 ปฐมภูมิ', '0', 1, '21002', '', NULL, '21000', 1);
INSERT INTO `chospital` VALUES ('02792', 'โรงพยาบาลส่งเสริมสุขภาพตำบลคลองตะแบก', '18', '-', '', '05', '04', '20', '30', '-', '000279200', '0', '10-1 ปฐมภูมิ', '0', 1, '21002', '', NULL, '21000', 1);
INSERT INTO `chospital` VALUES ('02793', 'โรงพยาบาลส่งเสริมสุขภาพตำบลหนองไผ่', '18', '-', '', '02', '05', '20', '30', '-', '000279300', '0', '10-1 ปฐมภูมิ', '0', 1, '21002', '', NULL, '21000', 1);
INSERT INTO `chospital` VALUES ('02794', 'โรงพยาบาลส่งเสริมสุขภาพตำบลกุดน้อย', '18', '-', '', '01', '06', '20', '30', '-', '000279400', '0', '10-1 ปฐมภูมิ', '0', 1, '21002', '', NULL, '21000', 1);
INSERT INTO `chospital` VALUES ('02795', 'โรงพยาบาลส่งเสริมสุขภาพตำบลโนนเสลา', '18', '-', '', '06', '06', '20', '30', '-', '000279500', '0', '10-1 ปฐมภูมิ', '0', 1, '21002', '', NULL, '21000', 1);
INSERT INTO `chospital` VALUES ('02796', 'โรงพยาบาลส่งเสริมสุขภาพตำบลหนองน้ำใส', '18', '-', '', '01', '07', '20', '30', '-', '000279600', '0', '10-1 ปฐมภูมิ', '0', 1, '21002', '', NULL, '21000', 1);
INSERT INTO `chospital` VALUES ('02797', 'โรงพยาบาลส่งเสริมสุขภาพตำบลห้วยลุง', '18', '-', '', '02', '08', '20', '30', '-', '000279700', '0', '10-1 ปฐมภูมิ', '0', 1, '21002', '', NULL, '21000', 1);
INSERT INTO `chospital` VALUES ('02798', 'โรงพยาบาลส่งเสริมสุขภาพตำบลวังโรงใหญ่', '18', '-', '', '01', '08', '20', '30', '-', '000279800', '0', '10-1 ปฐมภูมิ', '0', 1, '21002', '', NULL, '21000', 1);
INSERT INTO `chospital` VALUES ('02799', 'โรงพยาบาลส่งเสริมสุขภาพตำบลหนองจอก', '18', '-', '', '05', '09', '20', '30', '-', '000279900', '0', '10-1 ปฐมภูมิ', '0', 1, '21002', '', NULL, '21000', 1);
INSERT INTO `chospital` VALUES ('02800', 'โรงพยาบาลส่งเสริมสุขภาพตำบลคลองไผ่', '18', '-', '', '01', '10', '20', '30', '-', '000280000', '0', '10-1 ปฐมภูมิ', '0', 1, '21002', '', NULL, '21000', 1);
INSERT INTO `chospital` VALUES ('02801', 'โรงพยาบาลส่งเสริมสุขภาพตำบลหนองแวง', '18', '-', '', '01', '11', '20', '30', '-', '000280100', '0', '10-1 ปฐมภูมิ', '0', 1, '21002', '', NULL, '21000', 1);
INSERT INTO `chospital` VALUES ('02802', 'โรงพยาบาลส่งเสริมสุขภาพตำบลหนองกก', '18', '-', '', '02', '12', '20', '30', '-', '000280200', '0', '10-1 ปฐมภูมิ', '0', 1, '21002', '', NULL, '21000', 1);
INSERT INTO `chospital` VALUES ('02803', 'โรงพยาบาลส่งเสริมสุขภาพตำบลหนองมะค่า', '18', '54/1 ', '', '05', '01', '21', '30', '-', '000280300', '0', '10-1 ปฐมภูมิ', '0', 1, '21002', '', NULL, '21000', 1);
INSERT INTO `chospital` VALUES ('02804', 'โรงพยาบาลส่งเสริมสุขภาพตำบลกลางดง', '18', '-', '', '07', '02', '21', '30', '-', '000280400', '0', '10-1 ปฐมภูมิ', '0', 1, '21002', '', NULL, '21000', 1);
INSERT INTO `chospital` VALUES ('02805', 'โรงพยาบาลส่งเสริมสุขภาพตำบลหนองกระทุ่ม', '18', '124/1 ', '', '19', '03', '21', '30', '-', '000280500', '0', '10-1 ปฐมภูมิ', '0', 1, '21002', '', NULL, '21000', 1);
INSERT INTO `chospital` VALUES ('02806', 'โรงพยาบาลส่งเสริมสุขภาพตำบลหนองไข่น้ำ', '18', 'ถนน ปากช่องสำสมพุง ', '', '06', '03', '21', '30', '-', '000280600', '0', '10-1 ปฐมภูมิ', '0', 1, '21002', '', NULL, '21000', 1);
INSERT INTO `chospital` VALUES ('02807', 'โรงพยาบาลส่งเสริมสุขภาพตำบลวังกะทะ', '18', '-', '', '04', '04', '21', '30', '-', '000280700', '0', '10-1 ปฐมภูมิ', '0', 1, '21002', '', NULL, '21000', 1);
INSERT INTO `chospital` VALUES ('02808', 'โรงพยาบาลส่งเสริมสุขภาพตำบลหนองขวาง', '18', '14', '', '06', '04', '21', '30', '-', '000280800', '0', '10-1 ปฐมภูมิ', '0', 1, '21002', '', NULL, '21000', 1);
INSERT INTO `chospital` VALUES ('02809', 'โรงพยาบาลส่งเสริมสุขภาพตำบลคลองดินดำ', '18', '-', '', '08', '05', '21', '30', '-', '000280900', '0', '10-1 ปฐมภูมิ', '0', 1, '21002', '', NULL, '21000', 1);
INSERT INTO `chospital` VALUES ('02810', 'โรงพยาบาลส่งเสริมสุขภาพตำบลท่าช้าง', '18', '-', '', '16', '05', '21', '30', '-', '000281000', '0', '10-1 ปฐมภูมิ', '0', 1, '21002', '', NULL, '21000', 1);
INSERT INTO `chospital` VALUES ('02811', 'สถานีอนามัยเฉลิมพระเกียรติ 60 พรรษา นวมินทราชินี ', '18', '-', '', '08', '06', '21', '30', '-', '000281100', '0', '10-1 ปฐมภูมิ', '0', 1, '21002', '', NULL, '21000', 1);
INSERT INTO `chospital` VALUES ('02812', 'โรงพยาบาลส่งเสริมสุขภาพตำบลบ่อทอง', '18', '100 ', '', '15', '06', '21', '30', '-', '000281200', '0', '10-1 ปฐมภูมิ', '0', 1, '21002', '', NULL, '21000', 1);
INSERT INTO `chospital` VALUES ('02813', 'โรงพยาบาลส่งเสริมสุขภาพตำบลขนงพระเหนือ', '18', '-', '', '01', '07', '21', '30', '-', '000281300', '0', '10-1 ปฐมภูมิ', '0', 1, '21002', '', NULL, '21000', 1);
INSERT INTO `chospital` VALUES ('02814', 'โรงพยาบาลส่งเสริมสุขภาพตำบลขนงพระใต้', '18', '-', '', '02', '07', '21', '30', '-', '000281400', '0', '10-1 ปฐมภูมิ', '0', 1, '21002', '', NULL, '21000', 1);
INSERT INTO `chospital` VALUES ('02815', 'โรงพยาบาลส่งเสริมสุขภาพตำบลหนองคุ้ม', '18', '85 ', '', '01', '08', '21', '30', '-', '000281500', '0', '10-1 ปฐมภูมิ', '0', 1, '21002', '', NULL, '21000', 1);
INSERT INTO `chospital` VALUES ('02816', 'โรงพยาบาลส่งเสริมสุขภาพตำบลคลองม่วง', '18', '-', '', '04', '09', '21', '30', '-', '000281600', '0', '10-1 ปฐมภูมิ', '0', 1, '21002', '', NULL, '21000', 1);
INSERT INTO `chospital` VALUES ('02817', 'โรงพยาบาลส่งเสริมสุขภาพตำบลซับพลู', '18', '-', '', '05', '09', '21', '30', '-', '000281700', '0', '10-1 ปฐมภูมิ', '0', 1, '21002', '', NULL, '21000', 1);
INSERT INTO `chospital` VALUES ('02818', 'โรงพยาบาลส่งเสริมสุขภาพตำบลหนองน้ำแดง', '18', '10/13 ', '', '01', '10', '21', '30', '-', '000281800', '0', '10-1 ปฐมภูมิ', '0', 1, '21002', '', NULL, '21000', 1);
INSERT INTO `chospital` VALUES ('02819', 'โรงพยาบาลส่งเสริมสุขภาพตำบลวังไทร', '18', '-', '', '07', '11', '21', '30', '-', '000281900', '0', '10-1 ปฐมภูมิ', '0', 1, '21002', '', NULL, '21000', 1);
INSERT INTO `chospital` VALUES ('02820', 'โรงพยาบาลส่งเสริมสุขภาพตำบลซับน้อย', '18', '-', '', '03', '11', '21', '30', '-', '000282000', '0', '10-1 ปฐมภูมิ', '0', 1, '21002', '', NULL, '21000', 1);
INSERT INTO `chospital` VALUES ('02821', 'โรงพยาบาลส่งเสริมสุขภาพตำบลโนนกระโดน', '18', '-', '', '13', '12', '21', '30', '-', '000282100', '0', '10-1 ปฐมภูมิ', '0', 1, '21002', '', NULL, '21000', 1);
INSERT INTO `chospital` VALUES ('02822', 'โรงพยาบาลส่งเสริมสุขภาพตำบลหัวทำนบ', '18', NULL, '', '10', '01', '22', '30', '-', '000282200', '0', '10-1 ปฐมภูมิ', '0', 1, '21002', '', NULL, '21000', 1);
INSERT INTO `chospital` VALUES ('02823', 'โรงพยาบาลส่งเสริมสุขภาพตำบลสารภี', '18', NULL, '', '01', '02', '22', '30', '-', '000282300', '0', '10-1 ปฐมภูมิ', '0', 1, '21002', '', NULL, '21000', 1);
INSERT INTO `chospital` VALUES ('02824', 'โรงพยาบาลส่งเสริมสุขภาพตำบลบ้านพระ', '18', '-', '', '03', '02', '22', '30', '-', '000282400', '0', '10-1 ปฐมภูมิ', '0', 1, '21002', '', NULL, '21000', 1);
INSERT INTO `chospital` VALUES ('02825', 'โรงพยาบาลส่งเสริมสุขภาพตำบลซับตะคร้อ', '18', '-', '', '06', '03', '22', '30', '-', '000282500', '0', '10-1 ปฐมภูมิ', '0', 1, '21002', '', NULL, '21000', 1);
INSERT INTO `chospital` VALUES ('02826', 'โรงพยาบาลส่งเสริมสุขภาพตำบลบุกระโทก', '18', '1 ', '', '14', '04', '22', '30', '-', '000282600', '0', '10-1 ปฐมภูมิ', '0', 1, '21002', '', NULL, '21000', 1);
INSERT INTO `chospital` VALUES ('02827', 'โรงพยาบาลส่งเสริมสุขภาพตำบลหนองหัวแรด', '18', NULL, '', '01', '05', '22', '30', '-', '000282700', '0', '10-1 ปฐมภูมิ', '0', 1, '21002', '', NULL, '21000', 1);
INSERT INTO `chospital` VALUES ('02828', 'โรงพยาบาลส่งเสริมสุขภาพตำบลหนองตะไก้', '18', '-', '', '02', '06', '22', '30', '-', '000282800', '0', '10-1 ปฐมภูมิ', '0', 1, '21002', '', NULL, '21000', 1);
INSERT INTO `chospital` VALUES ('02829', 'โรงพยาบาลส่งเสริมสุขภาพตำบลลุงเขว้า', '18', NULL, '', '03', '07', '22', '30', '-', '000282900', '0', '10-1 ปฐมภูมิ', '0', 1, '21002', '', NULL, '21000', 1);
INSERT INTO `chospital` VALUES ('02830', 'โรงพยาบาลส่งเสริมสุขภาพตำบลหนองไม้ไผ่', '18', '-', '', '08', '08', '22', '30', '-', '000283000', '0', '10-1 ปฐมภูมิ', '0', 1, '21002', '', NULL, '21000', 1);
INSERT INTO `chospital` VALUES ('02831', 'โรงพยาบาลส่งเสริมสุขภาพตำบลใหม่อุดม', '18', NULL, '', '02', '09', '22', '30', '-', '000283100', '0', '10-1 ปฐมภูมิ', '0', 1, '21002', '', NULL, '21000', 1);
INSERT INTO `chospital` VALUES ('02832', 'โรงพยาบาลส่งเสริมสุขภาพตำบลโนนสำราญ', '18', NULL, '', '01', '02', '23', '30', '-', '000283200', '0', '10-1 ปฐมภูมิ', '0', 1, '21002', '', NULL, '21000', 1);
INSERT INTO `chospital` VALUES ('02833', 'โรงพยาบาลส่งเสริมสุขภาพตำบลโนนระเวียง', '18', '-', '', '01', '03', '23', '30', '-', '000283300', '0', '10-1 ปฐมภูมิ', '0', 1, '21002', '', NULL, '21000', 1);
INSERT INTO `chospital` VALUES ('02834', 'โรงพยาบาลส่งเสริมสุขภาพตำบลสีสุก', '18', '-', '', '02', '04', '23', '30', '-', '000283400', '0', '10-1 ปฐมภูมิ', '0', 1, '21002', '', NULL, '21000', 1);
INSERT INTO `chospital` VALUES ('02835', 'โรงพยาบาลส่งเสริมสุขภาพตำบลหัวหนอง', '18', NULL, '', '04', '05', '23', '30', '-', '000283500', '0', '10-1 ปฐมภูมิ', '0', 1, '21002', '', NULL, '21000', 1);
INSERT INTO `chospital` VALUES ('02836', 'โรงพยาบาลส่งเสริมสุขภาพตำบลโนนตาเถร', '18', '100 ', '', '09', '02', '24', '30', '-', '000283600', '0', '10-1 ปฐมภูมิ', '0', 1, '21002', '', NULL, '21000', 1);
INSERT INTO `chospital` VALUES ('02837', 'โรงพยาบาลส่งเสริมสุขภาพตำบลสำพะเนียง', '18', '-', '', '07', '03', '24', '30', '-', '000283700', '0', '10-1 ปฐมภูมิ', '0', 1, '21002', '', NULL, '21000', 1);
INSERT INTO `chospital` VALUES ('02838', 'โรงพยาบาลส่งเสริมสุขภาพตำบลดอนยาวน้อย', '18', '-', '', '06', '04', '24', '30', '-', '000283800', '0', '10-1 ปฐมภูมิ', '0', 1, '21002', '', NULL, '21000', 1);
INSERT INTO `chospital` VALUES ('02839', 'โรงพยาบาลส่งเสริมสุขภาพตำบลดอนยาวใหญ่', '18', '-', '', '03', '05', '24', '30', '-', '000283900', '0', '10-1 ปฐมภูมิ', '0', 1, '21002', '', NULL, '21000', 1);
INSERT INTO `chospital` VALUES ('02840', 'โรงพยาบาลส่งเสริมสุขภาพตำบลศาลเจ้าพ่อ', '18', '-', '', '01', '01', '25', '30', '-', '000284000', '0', '10-1 ปฐมภูมิ', '0', 1, '21002', '', NULL, '21000', 1);
INSERT INTO `chospital` VALUES ('02841', 'โรงพยาบาลส่งเสริมสุขภาพตำบลคลองทุเรียน', '18', '-', '', '06', '01', '25', '30', '-', '000284100', '0', '10-1 ปฐมภูมิ', '0', 1, '21002', '', NULL, '21000', 1);
INSERT INTO `chospital` VALUES ('02842', 'โรงพยาบาลส่งเสริมสุขภาพตำบลท่าวังไทร', '18', '-', '', '02', '02', '25', '30', '-', '000284200', '0', '10-1 ปฐมภูมิ', '0', 1, '21002', '', NULL, '21000', 1);
INSERT INTO `chospital` VALUES ('02843', 'โรงพยาบาลส่งเสริมสุขภาพตำบลบุเจ้าคุณ', '18', NULL, '', '10', '02', '25', '30', '-', '000284300', '0', '10-1 ปฐมภูมิ', '0', 1, '21002', '', NULL, '21000', 1);
INSERT INTO `chospital` VALUES ('02844', 'โรงพยาบาลส่งเสริมสุขภาพตำบลยุบอีปูน', '18', '-', '', '04', '02', '25', '30', '-', '000284400', '0', '10-1 ปฐมภูมิ', '0', 1, '21002', '', NULL, '21000', 1);
INSERT INTO `chospital` VALUES ('02845', 'โรงพยาบาลส่งเสริมสุขภาพตำบลโนนสาวเอ้', '18', NULL, '', '06', '02', '25', '30', '-', '000284500', '0', '10-1 ปฐมภูมิ', '0', 1, '21002', '', NULL, '21000', 1);
INSERT INTO `chospital` VALUES ('02846', 'โรงพยาบาลส่งเสริมสุขภาพตำบลระเริง', '18', '-', '', '01', '03', '25', '30', '-', '000284600', '0', '10-1 ปฐมภูมิ', '0', 1, '21002', '', NULL, '21000', 1);
INSERT INTO `chospital` VALUES ('02847', 'โรงพยาบาลส่งเสริมสุขภาพตำบลบะใหญ่', '18', '-', '', '07', '04', '25', '30', '-', '000284700', '0', '10-1 ปฐมภูมิ', '0', 1, '21002', '', NULL, '21000', 1);
INSERT INTO `chospital` VALUES ('02848', 'โรงพยาบาลส่งเสริมสุขภาพตำบลหนองโสม', '18', '-', '', '06', '04', '25', '30', '-', '000284800', '0', '10-1 ปฐมภูมิ', '0', 1, '21002', '', NULL, '21000', 1);
INSERT INTO `chospital` VALUES ('02849', 'โรงพยาบาลส่งเสริมสุขภาพตำบลไทยสามัคคี', '18', '-', '', '01', '05', '25', '30', '-', '000284900', '0', '10-1 ปฐมภูมิ', '0', 1, '21002', '', NULL, '21000', 1);
INSERT INTO `chospital` VALUES ('02850', 'โรงพยาบาลส่งเสริมสุขภาพตำบลสำนักตะคร้อ', '18', '-', '', '01', '01', '26', '30', '-', '000285000', '0', '10-1 ปฐมภูมิ', '0', 0, '21002', '27841', NULL, '21000', 1);
INSERT INTO `chospital` VALUES ('02851', 'โรงพยาบาลส่งเสริมสุขภาพตำบลหนองแวง', '18', '-', '', '01', '02', '26', '30', '-', '000285100', '0', '10-1 ปฐมภูมิ', '0', 1, '21002', '', NULL, '21000', 1);
INSERT INTO `chospital` VALUES ('02852', 'โรงพยาบาลส่งเสริมสุขภาพตำบลสะพานหิน', '18', '-', '', '08', '02', '26', '30', '-', '000285200', '0', '10-1 ปฐมภูมิ', '0', 1, '21002', '', NULL, '21000', 1);
INSERT INTO `chospital` VALUES ('02853', 'โรงพยาบาลส่งเสริมสุขภาพตำบลบึงปรือ', '18', '-', '', '01', '03', '26', '30', '-', '000285300', '0', '10-1 ปฐมภูมิ', '0', 1, '21002', '', NULL, '21000', 1);
INSERT INTO `chospital` VALUES ('02854', 'โรงพยาบาลส่งเสริมสุขภาพตำบลวังยายทอง', '18', '-', '', '04', '04', '26', '30', '-', '000285400', '0', '10-1 ปฐมภูมิ', '0', 1, '21002', '', NULL, '21000', 1);
INSERT INTO `chospital` VALUES ('02855', 'โรงพยาบาลส่งเสริมสุขภาพตำบลลิ้นฟ้า', '18', '-', '', '02', '01', '27', '30', '-', '000285500', '0', '10-1 ปฐมภูมิ', '0', 1, '21002', '', NULL, '21000', 1);
INSERT INTO `chospital` VALUES ('02856', 'โรงพยาบาลส่งเสริมสุขภาพตำบลกระเบื้องนอก', '18', '-', '', '12', '02', '27', '30', '-', '000285600', '0', '10-1 ปฐมภูมิ', '0', 1, '21002', '', NULL, '21000', 1);
INSERT INTO `chospital` VALUES ('02857', 'โรงพยาบาลส่งเสริมสุขภาพตำบลครบุรี', '18', '-', '', '01', '03', '27', '30', '-', '000285700', '0', '10-1 ปฐมภูมิ', '0', 1, '21002', '', NULL, '21000', 1);
INSERT INTO `chospital` VALUES ('02858', 'โรงพยาบาลส่งเสริมสุขภาพตำบลเมืองจาก', '18', '-', '', '05', '04', '27', '30', '-', '000285800', '0', '10-1 ปฐมภูมิ', '0', 1, '21002', '', NULL, '21000', 1);
INSERT INTO `chospital` VALUES ('02859', 'โรงพยาบาลส่งเสริมสุขภาพตำบลสระพระ', '18', '-', '', '01', '01', '28', '30', '-', '000285900', '0', '10-1 ปฐมภูมิ', '0', 0, '21002', '22456', NULL, '21000', 1);
INSERT INTO `chospital` VALUES ('02860', 'โรงพยาบาลส่งเสริมสุขภาพตำบลมาบกราด', '18', '-', '', '01', '02', '28', '30', '-', '000286000', '0', '10-1 ปฐมภูมิ', '0', 1, '21002', '', NULL, '21000', 1);
INSERT INTO `chospital` VALUES ('02861', 'โรงพยาบาลส่งเสริมสุขภาพตำบลพังเทียม', '18', '-', '', '01', '03', '28', '30', '-', '000286100', '0', '10-1 ปฐมภูมิ', '0', 1, '21002', '', NULL, '21000', 1);
INSERT INTO `chospital` VALUES ('02862', 'โรงพยาบาลส่งเสริมสุขภาพตำบลทัพรั้ง', '18', '-', '', '01', '04', '28', '30', '-', '000286200', '0', '10-1 ปฐมภูมิ', '0', 1, '21002', '', NULL, '21000', 1);
INSERT INTO `chospital` VALUES ('02863', 'โรงพยาบาลส่งเสริมสุขภาพตำบลหนองหอย', '18', '-', '', '01', '05', '28', '30', '-', '000286300', '0', '10-1 ปฐมภูมิ', '0', 1, '21002', '', NULL, '21000', 1);
INSERT INTO `chospital` VALUES ('02864', 'โรงพยาบาลส่งเสริมสุขภาพตำบลทำนบพัฒนา', '18', '-', '', '01', '05', '28', '30', '-', '000286400', '0', '10-1 ปฐมภูมิ', '0', 1, '21002', '', NULL, '21000', 1);
INSERT INTO `chospital` VALUES ('02866', 'โรงพยาบาลส่งเสริมสุขภาพตำบลบ้านยาง', '18', '-', '', '01', '02', '29', '30', '-', '000286600', '0', '10-1 ปฐมภูมิ', '0', 1, '21002', '', NULL, '21000', 1);
INSERT INTO `chospital` VALUES ('02867', 'โรงพยาบาลส่งเสริมสุขภาพตำบลช่องแมว', '18', '-', '', '19', '03', '29', '30', '-', '000286700', '0', '10-1 ปฐมภูมิ', '0', 1, '21002', '', NULL, '21000', 1);
INSERT INTO `chospital` VALUES ('02868', 'โรงพยาบาลส่งเสริมสุขภาพตำบลดงหลบ', '18', '-', '', '07', '03', '29', '30', '-', '000286800', '0', '10-1 ปฐมภูมิ', '0', 1, '21002', '', NULL, '21000', 1);
INSERT INTO `chospital` VALUES ('02869', 'โรงพยาบาลส่งเสริมสุขภาพตำบลไพล', '18', NULL, '', '04', '04', '29', '30', '-', '000286900', '0', '10-1 ปฐมภูมิ', '0', 1, '21002', '', NULL, '21000', 1);
INSERT INTO `chospital` VALUES ('02870', 'โรงพยาบาลส่งเสริมสุขภาพตำบลมะดัน', '18', '139 ', '', '10', '02', '32', '30', '-', '000287000', '0', '10-1 ปฐมภูมิ', '0', 1, '21002', '', NULL, '21000', 1);
INSERT INTO `chospital` VALUES ('02871', 'โรงพยาบาลส่งเสริมสุขภาพตำบลบ้านกรูด', '18', '-', '', '07', '01', '32', '30', '-', '000287100', '0', '10-1 ปฐมภูมิ', '0', 1, '21002', '', NULL, '21000', 1);
INSERT INTO `chospital` VALUES ('02872', 'โรงพยาบาลส่งเสริมสุขภาพตำบลพระพุทธ', '18', '-', '', '12', '03', '32', '30', '-', '000287200', '0', '10-1 ปฐมภูมิ', '0', 1, '21002', '', NULL, '21000', 1);
INSERT INTO `chospital` VALUES ('02873', 'โรงพยาบาลส่งเสริมสุขภาพตำบลนาตาวงษ์', '18', '-', '', '08', '04', '32', '30', '-', '000287300', '0', '10-1 ปฐมภูมิ', '0', 1, '21002', '', NULL, '21000', 1);
INSERT INTO `chospital` VALUES ('02874', 'โรงพยาบาลส่งเสริมสุขภาพตำบลบ้านโสง', '18', '-', '', '06', '05', '32', '30', '-', '000287400', '0', '10-1 ปฐมภูมิ', '0', 1, '21002', '', NULL, '21000', 1);
INSERT INTO `chospital` VALUES ('10212', 'โรงพยาบาลส่งเสริมสุขภาพตำบลโนนสมบูรณ์', '18', '-', NULL, '06', '03', '03', '30', '-', '001021200', '0', NULL, '0', 0, '21002', '', NULL, '21000', 2);
INSERT INTO `chospital` VALUES ('10666', 'โรงพยาบาลมหาราชนครราชสีมา', '05', '49 ถ.ช้างเผือก ', '', '00', '01', '01', '30', '30000', '001066600', '1310', '31-3.1 ตติยภูมิ', '1310', 1, '21002', '', NULL, '21000', 1);
INSERT INTO `chospital` VALUES ('10871', 'โรงพยาบาลครบุรี', '07', '628 ', '', '04', '01', '02', '30', '-', '001087100', '120', '22-2.2 ทุติยภูมิระดับกลาง', '120', 1, '21002', '', NULL, '21000', 1);
INSERT INTO `chospital` VALUES ('10872', 'โรงพยาบาลเสิงสาง', '07', '66 ', '', '08', '01', '03', '30', '-', '001087200', '80', '21-2.1 ทุติยภูมิระดับต้น', '80', 1, '21002', '', NULL, '21000', 1);
INSERT INTO `chospital` VALUES ('10873', 'โรงพยาบาลคง', '07', '2 ', '', '11', '01', '04', '30', '-', '001087300', '60', '21-2.1 ทุติยภูมิระดับต้น', '60', 1, '21002', '', NULL, '21000', 1);
INSERT INTO `chospital` VALUES ('10874', 'โรงพยาบาลบ้านเหลื่อม', '07', '392 ', '', '16', '01', '05', '30', '-', '001087400', '35', '21-2.1 ทุติยภูมิระดับต้น', '35', 1, '21002', '', NULL, '21000', 1);
INSERT INTO `chospital` VALUES ('10875', 'โรงพยาบาลจักราช', '07', '272 ', '', '04', '01', '06', '30', '-', '001087500', '91', '22-2.2 ทุติยภูมิระดับกลาง', '91', 1, '21002', '', NULL, '21000', 1);
INSERT INTO `chospital` VALUES ('10876', 'โรงพยาบาลโชคชัย', '07', '220 ', '', '13', '08', '07', '30', '-', '001087600', '91', '22-2.2 ทุติยภูมิระดับกลาง', '91', 1, '21002', '', NULL, '21000', 1);
INSERT INTO `chospital` VALUES ('10877', 'โรงพยาบาลหลวงพ่อคูณ ปริสุทโธ', '07', '142/49 ', '', '02', '02', '08', '30', '-', '001087700', '174', '22-2.2 ทุติยภูมิระดับกลาง', '174', 1, '21002', '', NULL, '21000', 1);
INSERT INTO `chospital` VALUES ('10878', 'โรงพยาบาลโนนไทย', '07', '707 ถ.สุรนารายณ์  ', '', '01', '01', '09', '30', '-', '001087800', '85', '21-2.1 ทุติยภูมิระดับต้น', '85', 1, '21002', '', NULL, '21000', 1);
INSERT INTO `chospital` VALUES ('10879', 'โรงพยาบาลโนนสูง', '07', '182 ถ.โนนสูง-มิตรภาพ ', '', '06', '01', '10', '30', '-', '001087900', '86', '21-2.1 ทุติยภูมิระดับต้น', '86', 1, '21002', '', NULL, '21000', 1);
INSERT INTO `chospital` VALUES ('10880', 'โรงพยาบาลขามสะแกแสง', '07', '459 ', '', '13', '01', '11', '30', '-', '001088000', '54', '21-2.1 ทุติยภูมิระดับต้น', '54', 1, '21002', '', NULL, '21000', 1);
INSERT INTO `chospital` VALUES ('10881', 'โรงพยาบาลบัวใหญ่', '07', '6 ถ.เทศบาล12 ', '', '00', '01', '12', '30', '-', '001088100', '145', '22-2.2 ทุติยภูมิระดับกลาง', '145', 1, '21002', '', NULL, '21000', 1);
INSERT INTO `chospital` VALUES ('10882', 'โรงพยาบาลประทาย', '07', '5 ', '', '13', '01', '13', '30', '-', '001088200', '82', '22-2.2 ทุติยภูมิระดับกลาง', '82', 1, '21002', '', NULL, '21000', 1);
INSERT INTO `chospital` VALUES ('10883', 'โรงพยาบาลปักธงชัย', '07', '327 ', '', '01', '17', '14', '30', '-', '001088300', '100', '22-2.2 ทุติยภูมิระดับกลาง', '100', 1, '21002', '', NULL, '21000', 1);
INSERT INTO `chospital` VALUES ('10884', 'โรงพยาบาลพิมาย', '06', '138 ม.1  ถ.พิมาย - ตลาดแค', '', '01', '01', '15', '30', '30110', '001088400', '216', '23-2.3 ทุติยภูมิระดับสูง', '216', 1, '21002', '', '2007-10-19', '21000', 1);
INSERT INTO `chospital` VALUES ('10885', 'โรงพยาบาลห้วยแถลง', '07', '422 ', '', '01', '01', '16', '30', '-', '001088500', '60', '21-2.1 ทุติยภูมิระดับต้น', '60', 1, '21002', '', NULL, '21000', 1);
INSERT INTO `chospital` VALUES ('10886', 'โรงพยาบาลชุมพวง', '07', '2 ', '', '01', '01', '17', '30', '-', '001088600', '75', '22-2.2 ทุติยภูมิระดับกลาง', '75', 1, '21002', '', NULL, '21000', 1);
INSERT INTO `chospital` VALUES ('10887', 'โรงพยาบาลสูงเนิน', '07', '274/5 ถ.มิตรสัมพันธ์ ', '', '01', '01', '18', '30', '-', '001088700', '120', '22-2.2 ทุติยภูมิระดับกลาง', '120', 1, '21002', '', NULL, '21000', 1);
INSERT INTO `chospital` VALUES ('10888', 'โรงพยาบาลขามทะเลสอ', '07', '197 ', '', '07', '01', '19', '30', '-', '001088800', '36', '21-2.1 ทุติยภูมิระดับต้น', '36', 1, '21002', '', NULL, '21000', 1);
INSERT INTO `chospital` VALUES ('10889', 'โรงพยาบาลสีคิ้ว', '07', '212 ', '', '02', '09', '20', '30', '-', '001088900', '138', '22-2.2 ทุติยภูมิระดับกลาง', '138', 1, '21002', '', NULL, '21000', 1);
INSERT INTO `chospital` VALUES ('10890', 'โรงพยาบาลปากช่องนานา', '06', '400 ถ.มิตรภาพ ', '', '00', '01', '21', '30', '-', '001089000', '307', '23-2.3 ทุติยภูมิระดับสูง', '307', 1, '21002', '', '2015-05-06', '21000', 1);
INSERT INTO `chospital` VALUES ('10891', 'โรงพยาบาลหนองบุญมาก ', '07', '198 ม.4 ถ.โชคชัย - เดชอุดม', '', '04', '04', '22', '30', '-', '001089100', '63', '21-2.1 ทุติยภูมิระดับต้น', '63', 1, '21002', '', NULL, '21000', 1);
INSERT INTO `chospital` VALUES ('10892', 'โรงพยาบาลแก้งสนามนาง', '07', '111 ถ.นิเวศน์ ', '', '01', '01', '23', '30', '-', '001089200', '35', '21-2.1 ทุติยภูมิระดับต้น', '35', 1, '21002', '', NULL, '21000', 1);
INSERT INTO `chospital` VALUES ('10893', 'โรงพยาบาลโนนแดง', '07', '113 ', '', '09', '01', '24', '30', '-', '001089300', '33', '21-2.1 ทุติยภูมิระดับต้น', '33', 1, '21002', '', NULL, '21000', 1);
INSERT INTO `chospital` VALUES ('10894', 'โรงพยาบาลวังน้ำเขียว', '07', 'ถ.ราชสีมา - กบินทร์บุรี  ', '', '03', '05', '25', '30', '-', '001089400', '50', '21-2.1 ทุติยภูมิระดับต้น', '50', 1, '21002', '', NULL, '21000', 1);
INSERT INTO `chospital` VALUES ('11492', 'โรงพยาบาลค่ายสุรนารี นครราชสีมา', '12', '211 ถนนพิบูลละเอียด', '', '00', '10', '01', '30', '30000', '001149200', '400', '-', '400', 1, '', '', NULL, '02000', 1);
INSERT INTO `chospital` VALUES ('11602', 'โรงพยาบาลเฉลิมพระเกียรติสมเด็จย่า 100 ปี', '07', '-', '', '01', '01', '27', '30', '-', '001160200', '30', '21-2.1 ทุติยภูมิระดับต้น', '30', 1, '21002', '', NULL, '21000', 1);
INSERT INTO `chospital` VALUES ('11608', 'โรงพยาบาลลำทะเมนชัย', '07', '-', '', '01', '01', '29', '30', '-', '001160800', '30', '21-2.1 ทุติยภูมิระดับต้น', '30', 1, '21002', '', NULL, '21000', 1);
INSERT INTO `chospital` VALUES ('11885', 'โรงพยาบาลเดอะโกลเดนเกท', '15', '34 ถ.มหาดไทย', '', '00', '01', '01', '30', '30000', '001188500', '60', '-', '60', 1, '', '', '2009-03-30', '29000', 1);
INSERT INTO `chospital` VALUES ('11886', 'สถานพยาบาลด่านเมดิคอล', '15', '351/1-3 ด่านขุนทด', NULL, '00', '02', '08', '30', '-', '001188600', '28', NULL, '28', 0, '', '', NULL, '29000', 2);
INSERT INTO `chospital` VALUES ('11888', 'โรงพยาบาลเซนต์แมรี่', '15', '307 ถ.มิตรภาพ', '', '00', '01', '01', '30', '30000', '001188800', '150', '-', '150', 0, '', '', NULL, '29000', 1);
INSERT INTO `chospital` VALUES ('11891', 'โรงพยาบาลราชสีมาฮอสพิทอล', '15', '398 ถ.สุรนารี', '', '00', '01', '01', '30', '30000', '001189100', '35', '-', '35', 1, '', '', '2017-03-03', '29000', 1);
INSERT INTO `chospital` VALUES ('11895', 'โรงพยาบาลกรุงเทพราชสีมา', '15', '1308/9 ', NULL, '00', '01', '01', '30', '-', '001189500', '150', NULL, '150', 0, '', '', NULL, '29000', 2);
INSERT INTO `chospital` VALUES ('11897', 'โรงพยาบาลป.แพทย์ ', '15', '43-53 ถ.ไชยณรงค์', '', '00', '01', '01', '30', '-', '001189700', '150', '-', '150', 0, '', '', NULL, '29000', 1);
INSERT INTO `chospital` VALUES ('11899', 'โรงพยาบาลบัวใหญ่รวมแพทย์', '15', '5/1 ถ.เทศบาล 5', '', '00', '01', '12', '30', '-', '001189900', '50', '-', '50', 0, '', '', NULL, '29000', 1);
INSERT INTO `chospital` VALUES ('11900', 'สถานพยาบาลเวชกรรมพิมายเมดิคอล', '15', '541/1 ถ.อนันทจินดา', '', '01', '01', '15', '30', '30110', '001190000', '28', '-', '28', 0, '', '', NULL, '29000', 1);
INSERT INTO `chospital` VALUES ('11988', 'โรงพยาบาลส่งเสริมสุขภาพตำบลบ้านหนองโบสถ์ ', '18', '-', '', '08', '04', '02', '30', '-', '001198800', '0', '10-1 ปฐมภูมิ', '0', 0, '21002', '14699', NULL, '21000', 1);
INSERT INTO `chospital` VALUES ('12267', 'ศูนย์อนามัยที่ 9 นครราชสีมา', '11', '177 ', '', '06', '17', '01', '30', '30280', '001226700', '60', '-', '60', 1, '21009', '', NULL, '21000', 1);
INSERT INTO `chospital` VALUES ('12268', 'โรงพยาบาลจิตเวชนครราชสีมาราชนครินทร์', '11', '87 ถ.ช้างเผือก 1', '', '00', '01', '01', '30', '-', '001226800', '270', '-', '270', 1, '21008', '', NULL, '21000', 1);
INSERT INTO `chospital` VALUES ('12466', 'สถานพยาบาลสถานีกาชาดที่ 4', '13', '-', '', '00', '01', '01', '30', '-', '001246600', '0', '10-1 ปฐมภูมิ', '0', 1, '', '', NULL, '30008', 1);
INSERT INTO `chospital` VALUES ('13708', 'วิทยาลัยพยาบาลบรมราชชนนี นครราชสีมา', '10', '-', '', '-', '01', '01', '30', '-', '001370800', '-', '-', '-', 0, '21002', '', NULL, '21000', 1);
INSERT INTO `chospital` VALUES ('13826', 'โรงพยาบาลส่งเสริมสุขภาพตำบลโพนสูง', '18', '122 ', '', '04', '08', '01', '30', '-', '001382600', '0', '10-1 ปฐมภูมิ', '0', 1, '21002', '', NULL, '21000', 1);
INSERT INTO `chospital` VALUES ('13827', 'โรงพยาบาลส่งเสริมสุขภาพตำบลหนองยารักษ์', '18', NULL, '', '12', '14', '01', '30', '-', '001382700', '0', '10-1 ปฐมภูมิ', '0', 1, '21002', '', NULL, '21000', 1);
INSERT INTO `chospital` VALUES ('13828', 'โรงพยาบาลส่งเสริมสุขภาพตำบลราษฎร์สามัคคี', '18', '-', '', '07', '03', '03', '30', '-', '001382800', '0', '10-1 ปฐมภูมิ', '0', 1, '21002', '', NULL, '21000', 1);
INSERT INTO `chospital` VALUES ('13829', 'โรงพยาบาลส่งเสริมสุขภาพตำบลคลองกลาง', '18', '-', '', '15', '02', '07', '30', '-', '001382900', '0', '10-1 ปฐมภูมิ', '0', 1, '21002', '', NULL, '21000', 1);
INSERT INTO `chospital` VALUES ('13830', 'โรงพยาบาลส่งเสริมสุขภาพตำบลตะคร้อ', '18', '-', '', '05', '02', '09', '30', '-', '001383000', '0', '10-1 ปฐมภูมิ', '0', 1, '21002', '', NULL, '21000', 1);
INSERT INTO `chospital` VALUES ('13831', 'โรงพยาบาลส่งเสริมสุขภาพตำบลบ้านดู่', '18', '-', '', '16', '01', '14', '30', '-', '001383100', '0', '10-1 ปฐมภูมิ', '0', 1, '21002', '', NULL, '21000', 1);
INSERT INTO `chospital` VALUES ('13832', 'โรงพยาบาลส่งเสริมสุขภาพตำบลตลาดไทร', '18', '-', '', '01', '05', '17', '30', '-', '001383200', '0', '10-1 ปฐมภูมิ', '0', 1, '21002', '', NULL, '21000', 1);
INSERT INTO `chospital` VALUES ('13833', 'โรงพยาบาลส่งเสริมสุขภาพตำบลหนองแวง', '18', '203 ', '', '05', '10', '18', '30', '-', '001383300', '0', '10-1 ปฐมภูมิ', '0', 1, '21002', '', NULL, '21000', 1);
INSERT INTO `chospital` VALUES ('13834', 'โรงพยาบาลส่งเสริมสุขภาพตำบลกุ่มพะยา', '18', '-', '', '03', '05', '19', '30', '-', '001383400', '0', '10-1 ปฐมภูมิ', '0', 1, '21002', '', NULL, '21000', 1);
INSERT INTO `chospital` VALUES ('13835', 'โรงพยาบาลส่งเสริมสุขภาพตำบลคลองสะท้อน', '18', '-', '', '05', '02', '25', '30', '-', '001383500', '0', '10-1 ปฐมภูมิ', '0', 1, '21002', '', NULL, '21000', 1);
INSERT INTO `chospital` VALUES ('14141', 'สำนักงานสาธารณสุขอำเภอบัวลาย', '02', 'ถ.บูรพาภิรมย์ ', '', '00', '02', '30', '30', '-', '001414100', '0', '-', '0', 0, '21002', '', NULL, '21000', 1);
INSERT INTO `chospital` VALUES ('14142', 'สำนักงานสาธารณสุขอำเภอสีดา', '02', 'ถ.มิตรภาพ ', '', '00', '03', '31', '30', '-', '001414200', '0', '-', '0', 0, '21002', '', NULL, '21000', 1);
INSERT INTO `chospital` VALUES ('14161', 'โรงพยาบาลกองบิน กองบิน1', '12', '1', '', '01', '10', '01', '30', '-', '001416100', '7', '-', '7', 1, '', '', '2008-01-07', '02000', 1);
INSERT INTO `chospital` VALUES ('14249', 'โรงพยาบาลส่งเสริมสุขภาพตำบลคึมมะอุ', '18', '-', '', '03', '04', '30', '30', '-', '001424900', '0', '10-1 ปฐมภูมิ', '0', 1, '21002', '', NULL, '21000', 1);
INSERT INTO `chospital` VALUES ('14421', 'ศูนย์บริการสาธารณสุขเทศบาลนครนครราชสีมา', '13', '695 ถนนโพธิ์กลาง', '', '00', '01', '01', '30', '30000', '001442100', '0', '10-1 ปฐมภูมิ', '0', 1, '', '', NULL, '23000', 1);
INSERT INTO `chospital` VALUES ('14556', 'สถานพยาบาลปากช่องเมดิคอล', '15', '468-470  ถ.มิตรภาพ', '', '02', '01', '21', '30', '30130', '001455600', '10', '-', '10', 0, '', '', NULL, '29000', 1);
INSERT INTO `chospital` VALUES ('14620', 'ศูนย์วิทยาศาสตร์การแพทย์ที่ 9 นครราชสีมา', '13', '49 ถ.เชือก ', '', '00', '17', '01', '30', '30000', '001462000', '0', '-', '0', 0, '21006', '', NULL, '21000', 1);
INSERT INTO `chospital` VALUES ('14630', 'โรงพยาบาลกรุงเทพปากช่อง', '15', '5/1 ถ.มิตรภาพ', '', '00', '06', '21', '30', '-', '001463000', '31', '-', '31', 0, '', '', '2012-04-19', '29000', 1);
INSERT INTO `chospital` VALUES ('14631', 'สำนักงานป้องกันควบคุมโรคที่ 9 จังหวัดนครราชสีมา', '13', '-', '', '00', '01', '01', '30', '-', '001463100', '0', '10-1 ปฐมภูมิ', '0', 0, '21004', '', NULL, '21000', 1);
INSERT INTO `chospital` VALUES ('14650', 'ศูนย์สุขภาพจิตที่ 9', '10', '3820 ถนนช้างเผือก', '', '00', '01', '01', '30', '30000', '001465000', '0', '10-1 ปฐมภูมิ', '0', 0, '21008', '', '2011-04-07', '21000', 1);
INSERT INTO `chospital` VALUES ('14661', 'โรงพยาบาลส่งเสริมสุขภาพ ศูนย์อนามัยที่ 5', '11', '-', NULL, '00', '17', '01', '30', '-', '001466100', '60', NULL, '60', 0, '21009', '', NULL, '21000', 2);
INSERT INTO `chospital` VALUES ('14671', 'สำนักงานสิ่งแว้ดล้อมภาค 11', '13', '-', '', '00', '01', '01', '30', '-', '001467100', '-', '10-1 ปฐมภูมิ', '-', 0, '', '', NULL, '09000', 1);
INSERT INTO `chospital` VALUES ('14690', 'ศูนย์สุขภาพชุมชนเมือง 7 โคกกรวด', '13', '-', '', '02', '17', '01', '30', '-', '001469000', '-', '10-1 ปฐมภูมิ', '-', 1, '21002', '', '2008-09-22', '21000', 1);
INSERT INTO `chospital` VALUES ('14691', 'ศูนย์แพทย์ชุมชนเมือง 8', '13', 'ศูนย์จิตบำบัด ', NULL, '06', '17', '01', '30', '-', '001469100', '-', NULL, '-', 0, '21002', '', '2008-09-22', '21000', 2);
INSERT INTO `chospital` VALUES ('14693', 'ศูนย์แพทย์ชุมชนเมือง9', '13', '-', '', '00', '01', '01', '30', '-', '001469300', '-', '10-1 ปฐมภูมิ', '-', 1, '21002', '', '2008-09-22', '21000', 1);
INSERT INTO `chospital` VALUES ('14695', 'ศูนย์แพทย์ชุมชนเมือง 11', '13', '-', '', '14', '02', '32', '30', '-', '001469500', '0', '10-1 ปฐมภูมิ', '0', 0, '21002', '24692', NULL, '21000', 0);
INSERT INTO `chospital` VALUES ('14696', 'ศูนย์แพทย์ชุมชนเมือง12', '13', '-', '', '03', '16', '01', '30', '-', '001469600', '0', '10-1 ปฐมภูมิ', '0', 1, '21002', '', NULL, '21000', 1);
INSERT INTO `chospital` VALUES ('14697', 'ศูนย์แพทย์ชุมชนเมือง 13', '13', '-', '', '06', '15', '01', '30', '-', '001469700', '-', '10-1 ปฐมภูมิ', '-', 1, '21002', '', '2008-09-22', '21000', 1);
INSERT INTO `chospital` VALUES ('14699', 'โรงพยาบาลส่งเสริมสุขภาพตำบลโคกกระชาย', '18', '-', '', '08', '04', '02', '30', '-', '001469900', '-', '10-1 ปฐมภูมิ', '-', 1, '21002', '', '2008-09-22', '21000', 1);
INSERT INTO `chospital` VALUES ('14709', 'ศูนย์ควบคุมโรคติดต่อนำโดยแมลงที่ 5.2', '13', '-', '', '-', '19', '01', '30', '-', '001470900', '-', '10-1 ปฐมภูมิ', '-', 0, '21004', '', NULL, '21000', 1);
INSERT INTO `chospital` VALUES ('14710', 'ศูนย์ควบคุมโรคติดต่อนำโดยแมลงที่ 5.4', '13', '-', '', '00', '01', '21', '30', '-', '001471000', '0', '-', '0', 1, '21004', '', NULL, '21000', 1);
INSERT INTO `chospital` VALUES ('14826', 'สวนพริกไทย', '13', '-', '', '00', '01', '01', '30', '-', '001482600', '0', '10-1 ปฐมภูมิ', '0', 1, '', '', NULL, '23000', 1);
INSERT INTO `chospital` VALUES ('14827', 'ทุ่งสว่าง', '13', '-', '', '00', '01', '01', '30', '-', '001482700', '0', '10-1 ปฐมภูมิ', '0', 1, '', '', NULL, '23000', 1);
INSERT INTO `chospital` VALUES ('14828', 'เทศบาลโนนสูง', '13', '-', '', '00', '01', '10', '30', '-', '001482800', '0', '10-1 ปฐมภูมิ', '0', 0, '', '', NULL, '23000', 1);
INSERT INTO `chospital` VALUES ('14829', 'ศูนย์บริการสาธารณสุข ๑ เทศบาลเมืองบัวใหญ่', '13', '290 ถ.เทศบาล 7 ', '', '00', '01', '12', '30', '-', '001482900', '0', '10-1 ปฐมภูมิ', '0', 1, '21002', '', NULL, '21000', 1);
INSERT INTO `chospital` VALUES ('14831', 'เทศบาลปากช่อง', '13', '-', '', '00', '06', '21', '30', '-', '001483100', '0', '10-1 ปฐมภูมิ', '0', 0, '', '', NULL, '23000', 1);
INSERT INTO `chospital` VALUES ('14834', 'ศูนย์แพทย์ชุมชนเมือง 1 หัวทะเล', '13', '-', '', '00', '01', '01', '30', '-', '001483400', '0', '10-1 ปฐมภูมิ', '0', 1, '21002', '', NULL, '21000', 1);
INSERT INTO `chospital` VALUES ('14835', 'ศูนย์แพทย์ชุมชนเมือง 2 วัดป่าสาละวัน', '13', '-', '', '00', '01', '01', '30', '-', '001483500', '0', '10-1 ปฐมภูมิ', '0', 1, '21002', '', NULL, '21000', 1);
INSERT INTO `chospital` VALUES ('14836', 'ศูนย์แพทย์ชุมชนเมือง 3 วัดบูรณ์', '13', '-', '', '00', '01', '01', '30', '-', '001483600', '0', '10-1 ปฐมภูมิ', '0', 1, '21002', '', NULL, '21000', 1);
INSERT INTO `chospital` VALUES ('15060', 'คลินิกเวชปฎิบัติครอบครัว', '13', '-', '', '00', '01', '01', '30', '-', '001506000', '-', '10-1 ปฐมภูมิ', '-', 1, '21002', '', NULL, '21000', 1);
INSERT INTO `chospital` VALUES ('15061', 'ศูนย์สุขภาพชุมชนอำเภอเฉลิมพระเกียติ', '13', '-', NULL, '00', '01', '32', '30', '-', '001506100', '-', NULL, '-', 0, '21002', '', '2008-09-22', '21000', 2);
INSERT INTO `chospital` VALUES ('15066', 'คลินิกราชสีมาธนบุรีปากช่อง', '16', '-', '', '-', '06', '21', '30', '-', '001506600', '-', '-', '-', 0, '', '', NULL, '29000', 1);
INSERT INTO `chospital` VALUES ('18229', 'คลินิกด่านเกวียนการแพทย์', '16', '121  ถนนสุขาภิบาล1', NULL, '00', '10', '07', '30', '30190', '001822900', '-', NULL, '-', 0, '', '', '2017-07-11', '29000', 1);
INSERT INTO `chospital` VALUES ('18232', 'คลินิกนายแพทย์วัชระ', '16', '259/8  ถนนสืบศิริ', NULL, '00', '01', '14', '30', '30150', '001823200', '-', NULL, '-', 0, '', '', '2017-07-11', '29000', 1);
INSERT INTO `chospital` VALUES ('18234', 'คลินิกทันตแพทย์ณรงค์ชัย', '16', '98  ถนนจอมพล', NULL, '00', '01', '01', '30', '30000', '001823400', '-', NULL, '-', 0, '', '', '2017-07-11', '29000', 1);
INSERT INTO `chospital` VALUES ('21324', 'คลินิกชุมชนอบอุ่นมหาชัย', '16', '130/73-74', '', '00', '01', '01', '30', '30000', '002132400', '-', '-', '-', 1, '', '', '2008-11-07', '29000', 1);
INSERT INTO `chospital` VALUES ('21481', 'ศูยน์สุขภาพชุมชนพิมายเมืองใหม่', '08', 'เทศบาลเมือง', '', '-', '01', '15', '30', '-', '001088301', '-', '10-1 ปฐมภูมิ', '-', 1, '21002', '', NULL, '21000', 1);
INSERT INTO `chospital` VALUES ('22143', 'ศูนย์สุขภาพชุมชนดอนไพล', '13', '-', '', '07', '07', '07', '30', '-', '002214300', '0', '10-1 ปฐมภูมิ', '0', 1, '21002', '', NULL, '21000', 1);
INSERT INTO `chospital` VALUES ('22456', 'โรงพยาบาลพระทองคำ เฉลิมพระเกียรติ 80 พรรษา', '07', '99', '', '05', '03', '28', '30', '-', '002245600', '30', '21-2.1 ทุติยภูมิระดับต้น', '30', 1, '21002', '', NULL, '21000', 1);
INSERT INTO `chospital` VALUES ('22736', 'ศูนย์บริการสาธารณสุข๔(การเคหะ)เทศบาลนครนครราชสีมา', '13', '15 ถนนมิตรภาพ 15 ', '', '00', '01', '01', '30', '30000', '002273600', '0', '10-1 ปฐมภูมิ', '0', 1, '', '', '2009-09-21', '23000', 1);
INSERT INTO `chospital` VALUES ('22738', 'สถานพยาบาลเรือนจำกลางนครราชสีมา', '13', '182 ถ.สรรพสิทธิ์  ', '', '00', '01', '01', '30', '30000', '002273800', '0', '10-1 ปฐมภูมิ', '0', 1, '', '', NULL, '16000', 1);
INSERT INTO `chospital` VALUES ('22745', 'สถานพยาบาลเรือนจำกลางคลองไผ่', '13', '300  ถ.มิตรภาพ ', '', '01', '10', '20', '30', '30340', '002274500', '0', '10-1 ปฐมภูมิ', '0', 1, '', '', NULL, '16000', 1);
INSERT INTO `chospital` VALUES ('22831', 'สถานพยาบาลเรือนจำอำเภอบัวใหญ่', '13', '211  ถ.นิเวศน์รัตน์ ', '', '09', '15', '12', '30', '30120', '002283100', '0', '10-1 ปฐมภูมิ', '0', 1, '', '', NULL, '16000', 1);
INSERT INTO `chospital` VALUES ('22844', 'สถานพยาบาลเรือนจำอำเภอสีคิ้ว', '13', '181  ถ.มิตรภาพ ', '', '05', '04', '20', '30', '30140', '002284400', '0', '10-1 ปฐมภูมิ', '0', 1, '', '', NULL, '16000', 1);
INSERT INTO `chospital` VALUES ('22853', 'สถานพยาบาลทัณฑสถานเกษตรอุตสาหกรรมเขาพริก', '13', '111  ', '', '04', '10', '20', '30', '30340', '002285300', '0', '10-1 ปฐมภูมิ', '0', 1, '', '', NULL, '16000', 1);
INSERT INTO `chospital` VALUES ('22867', 'สถานพยาบาลทัณฑสถานหญิงนครราชสีมา', '13', '19 ถ.มิตรภาพ ', '', '01', '10', '20', '30', '30340', '002286700', '0', '10-1 ปฐมภูมิ', '0', 1, '', '', NULL, '16000', 1);
INSERT INTO `chospital` VALUES ('23012', 'ศูนย์สุขภาพชุมชนเทศบาลเมืองปากช่อง3(หนองสาหร่าย)', '08', 'ถ.เทศบาล 36 ', '', '00', '06', '21', '30', '30130', '001089001', '0', '10-1 ปฐมภูมิ', '0', 1, '21002', '', '2008-11-19', '21000', 1);
INSERT INTO `chospital` VALUES ('23550', 'ศูนย์บริการสาธารณสุขตำบลหัวทะเล', '13', '-', '', '01', '11', '01', '30', '30000', '002355000', '-', '10-1 ปฐมภูมิ', '-', 0, '', '', NULL, '23000', 1);
INSERT INTO `chospital` VALUES ('23563', 'ศูนย์สุขภาพชุมชนขามสะแกแสง', '08', 'เลขที่ 13 ', NULL, '13', '01', '11', '30', '30290', '001088001', '-', NULL, '-', 0, '21002', '10880', '2008-11-19', '21000', 2);
INSERT INTO `chospital` VALUES ('23759', 'ศูนย์แพทย์ชุมชนสีดา', '08', 'เลขที่204 หตลาดนาบุญ ', NULL, '00', '02', '31', '30', '-', '001088101', '-', NULL, '-', 0, '21002', '', NULL, '21000', 2);
INSERT INTO `chospital` VALUES ('23839', 'โรงพยาบาลเทพรัตน์นครราชสีมา ', '06', '345/5 ', '', '06', '17', '01', '30', '30280', '002383900', '244', '23-2.3 ทุติยภูมิระดับสูง', '244', 1, '21002', '', '2015-05-06', '21000', 1);
INSERT INTO `chospital` VALUES ('23927', 'ศูนย์บริการสาธารณสุข เทศบาลตำบลเมืองปัก', '13', '-', '', '11', '01', '14', '30', '30150', '002392700', '-', '10-1 ปฐมภูมิ', '-', 0, '', '', '2009-03-25', '23000', 1);
INSERT INTO `chospital` VALUES ('23928', 'โรงพยาบาลกรุงเทพราชสีมา', '15', '1308/9 ถ.มิตรภาพ', '', '00', '01', '01', '30', '30000', '002392800', '150', '-', '150', 0, '', '', '2009-03-30', '29000', 1);
INSERT INTO `chospital` VALUES ('24060', 'โรงพยาบาลมหาวิทยาลัยเทคโนโลยีสุรนารี', '12', '111 ถ.มหาวิทยาลัย', NULL, '00', '20', '01', '30', '30000', '002406000', '120', NULL, '120', 1, '', '', '2010-05-31', '20000', 1);
INSERT INTO `chospital` VALUES ('24196', 'คลินิกเวชกรรมชุมชนอบอุ่นปากช่อง 1', '16', '1591 ถ.มิตรภาพ', NULL, '00', '01', '21', '30', '30130', '002419600', '-', NULL, '-', 1, '', '', '2010-08-19', '29000', 1);
INSERT INTO `chospital` VALUES ('24563', 'แพทย์วรพงษ์คลินิก', '16', '678/2 ถ.มิตรภาพ', NULL, '00', '01', '21', '30', '30320', '002456300', '-', NULL, '-', 0, '', '', '2010-10-11', '29000', 1);
INSERT INTO `chospital` VALUES ('24641', 'ศูนย์สุขภาพชุมชนเทศบาลเมืองปากช่อง 1', '13', 'ถนนเทศบาล', NULL, '00', '01', '21', '30', '30210', '002464100', '-', NULL, '-', 1, '21002', '', '2010-11-16', '21000', 1);
INSERT INTO `chospital` VALUES ('24642', 'ศูนย์สุขภาพชุมชนเทศบาลเมืองปากช่อง 2', '13', 'บ้านสะพาน', NULL, '17', '01', '21', '30', '30210', '002464200', '-', NULL, '-', 1, '21002', '', '2010-11-16', '21000', 1);
INSERT INTO `chospital` VALUES ('24692', 'โรงพยาบาลเฉลิมพระเกียรติ', '07', 'เลขที่ 444', NULL, '15', '02', '32', '30', '30230', '002469200', '36', NULL, '36', 1, '21002', '', '2011-05-11', '21000', 1);
INSERT INTO `chospital` VALUES ('24741', 'หน่วยตรวจโรคที่ ๒ พัน.สร.๒๒บชร.๒', '13', '757/1', NULL, '01', '10', '01', '30', '30000', '002474100', '-', NULL, '-', 0, '', '', '2011-09-06', '02000', 1);
INSERT INTO `chospital` VALUES ('24742', 'ศูนย์บริการสาธารณสุขเทศบาลนคร นครราชสีมา (เพาะชำ)', '13', '124 ถ.มิตรภาพ-หนองคาย', NULL, '00', '01', '01', '30', '30000', '002474200', '-', NULL, '-', 0, '', '', '2011-10-03', '23000', 2);
INSERT INTO `chospital` VALUES ('24918', 'คลินิกแพทย์ชุมชนเมืองโรงพยาบาลเดอะโกลเดนเกท', '16', '839/1-4 ถ.เดชอุดม', NULL, '00', '01', '01', '30', '30000', '002491800', '-', NULL, '-', 0, '', '', '2012-06-14', '29000', 1);
INSERT INTO `chospital` VALUES ('25042', 'คลินิกแพทย์สุวรรณี', '16', '66 ถ.บัวรอง', NULL, '-', '01', '01', '30', '30000', '002504200', '-', NULL, '-', 0, '', '', '2012-12-06', '29000', 1);
INSERT INTO `chospital` VALUES ('27839', 'โรงพยาบาลบัวลาย', '07', '55', NULL, '05', '01', '30', '30', '30120', '002783900', '10', NULL, '10', 1, '21002', '', '2013-03-04', '21000', 1);
INSERT INTO `chospital` VALUES ('27840', 'โรงพยาบาลสีดา', '07', '-', NULL, '01', '01', '31', '30', '30430', '002784000', '24', NULL, '24', 1, '21002', '', '2013-03-04', '21000', 1);
INSERT INTO `chospital` VALUES ('27841', 'โรงพยาบาลเทพารักษ์', '07', '222', NULL, '14', '01', '26', '30', '30210', '002784100', '30', NULL, '30', 1, '21002', '', '2013-03-04', '21000', 1);
INSERT INTO `chospital` VALUES ('28008', 'โรงพยาบาลริมลิฟวิ่งโรงพยาบาลทั่วไปขนาดกลาง', '15', '256 ถ.ราชสีมา-ปักธงชัย', NULL, '03', '03', '01', '30', '30000', '002800800', '32', NULL, '32', 0, '', '', '2013-06-25', '29000', 1);
INSERT INTO `chospital` VALUES ('32044', 'คลินิกแพทย์พิบูล', '16', '492/3-4  ถนนมิตรภาพ', NULL, '00', '01', '21', '30', '30130', '003204400', '-', NULL, '-', 0, '', '', '2017-07-11', '29000', 1);
INSERT INTO `chospital` VALUES ('32045', 'คลินิกรักษ์ฟัน', '16', '244  ถนนมิตรภาพ', NULL, '03', '16', '01', '30', '30310', '003204500', '-', NULL, '-', 0, '', '', '2017-07-11', '29000', 1);
INSERT INTO `chospital` VALUES ('32046', 'คลินิกรัตนาการพยาบาลและการผดุงครรภ์', '16', '231', NULL, '06', '03', '21', '30', '30130', '003204600', '-', NULL, '-', 0, '', '', '2017-07-11', '29000', 1);
INSERT INTO `chospital` VALUES ('32047', 'คลินิกนายแพทย์คธาวุฒิ', '16', '21/10 ', NULL, '03', '01', '19', '30', '30280', '003204700', '-', NULL, '-', 0, '', '', '2017-07-11', '29000', 1);
INSERT INTO `chospital` VALUES ('32048', 'คลินิกแพทย์กิตติบูลย์', '16', '3/1  ถนนโคกกรวด-โนนไทย', NULL, '03', '01', '19', '30', '30280', '003204800', '-', NULL, '-', 0, '', '', '2017-07-11', '29000', 1);
INSERT INTO `chospital` VALUES ('32049', 'คลินิกนายแพทย์นิฐิคุณ', '16', '156', NULL, '01', '01', '11', '30', '30290', '003204900', '-', NULL, '-', 0, '', '', '2017-07-11', '29000', 1);
INSERT INTO `chospital` VALUES ('32050', 'คลินิกเวชกรรมไพโรจน์การแพทย์', '16', '508/5', NULL, '01', '01', '11', '30', '30290', '003205000', '-', NULL, '-', 0, '', '', '2017-07-11', '29000', 1);
INSERT INTO `chospital` VALUES ('32051', 'คลินิกนายแพทย์เรืองศักดิ์', '16', '519  ถนนราษฎร์พัฒนา', NULL, '04', '01', '02', '30', '30250', '003205100', '-', NULL, '-', 0, '', '', '2017-07-11', '29000', 1);
INSERT INTO `chospital` VALUES ('32052', 'คลินิกนายแพทย์ไมตรี', '16', '634-635  ถนนบุรีราษฎร์', NULL, '04', '08', '02', '30', '30250', '003205200', '-', NULL, '-', 0, '', '', '2017-07-11', '29000', 1);
INSERT INTO `chospital` VALUES ('32053', 'คลินิกทีปวิทย์การแพทย์', '16', '543', NULL, '09', '08', '02', '30', '30250', '003205300', '-', NULL, '-', 0, '', '', '2017-07-11', '29000', 1);
INSERT INTO `chospital` VALUES ('32054', 'คลินิกนายแพทย์วิชัย', '16', 'ถนนสุขาภิบาล15', NULL, '04', '01', '06', '30', '30230', '003205400', '-', NULL, '-', 0, '', '', '2017-07-11', '29000', 1);
INSERT INTO `chospital` VALUES ('32055', 'คลินิกแพทย์โชคชัย', '16', '181/23', NULL, '04', '01', '06', '30', '30230', '003205500', '-', NULL, '-', 0, '', '', '2017-07-11', '29000', 1);
INSERT INTO `chospital` VALUES ('32056', 'คลินิกแพทย์หญิงอุษณีย์', '16', '345', NULL, '04', '01', '06', '30', '30230', '003205600', '-', NULL, '-', 0, '', '', '2017-07-12', '29000', 1);
INSERT INTO `chospital` VALUES ('32059', 'คลินิกโกวิทย์การแพทย์', '16', '147/8  ถนนออมสิน', NULL, '01', '08', '07', '30', '30190', '003205900', '-', NULL, '-', 0, '', '', '2017-07-12', '29000', 1);
INSERT INTO `chospital` VALUES ('32060', 'คลินิกแพทย์วรวุฒิ', '16', '139/16 ถนนราชสีมา-โชคชัย', NULL, '01', '08', '07', '30', '30190', '003206000', '-', NULL, '-', 0, '', '', '2017-07-12', '29000', 1);
INSERT INTO `chospital` VALUES ('32062', 'คลินิกเวชกรรมด่านเมดิคอล', '16', '351/1-3  ถนนสีคิ้ว-ชัยภูมิ', NULL, '00', '02', '08', '30', '30210', '003206200', '-', NULL, '-', 0, '', '', '2017-07-12', '29000', 1);
INSERT INTO `chospital` VALUES ('32063', 'คลินิกนายแพทย์พันตรี', '16', '498-499  ถนนสีคิ้ว-ชัยภูมิ', NULL, '02', '02', '08', '30', '30210', '003206300', '-', NULL, '-', 0, '', '', '2017-07-12', '29000', 1);
INSERT INTO `chospital` VALUES ('32064', 'คลินิกไชยณรงค์การแพทย์', '16', '174-5  ถนนสีคิ้ว-ชัยภูมิ', NULL, '02', '02', '08', '30', '30210', '003206400', '-', NULL, '-', 0, '', '', '2017-07-12', '29000', 1);
INSERT INTO `chospital` VALUES ('32065', 'คลินิกแพทย์นิพนธ์', '16', '805  ถนนสุรนารายณ์', NULL, '00', '01', '09', '30', '30220', '003206500', '-', NULL, '-', 0, '', '', '2017-07-12', '29000', 1);
INSERT INTO `chospital` VALUES ('32066', 'คลินิกนายแพทย์อนุพงศ์', '16', '144/6   ถนนศรีธานี', NULL, '00', '01', '10', '30', '30160', '003206600', '-', NULL, '-', 0, '', '', '2017-07-12', '29000', 1);
INSERT INTO `chospital` VALUES ('32067', 'คลินิกธีรพงศ์การแพทย์', '16', '94/4 ถนนสำราญราษฎร์', NULL, '00', '01', '10', '30', '30160', '003206700', '-', NULL, '-', 0, '', '', '2017-07-12', '29000', 1);
INSERT INTO `chospital` VALUES ('32068', 'คลินิกนายแพทย์จำรัส', '16', '68  ถนนสำราญราษฎร์', NULL, '00', '01', '10', '30', '30160', '003206800', '-', NULL, '-', 0, '', '', '2017-07-12', '29000', 1);
INSERT INTO `chospital` VALUES ('32069', 'คลินิกนายแพทย์วรวุฒิ(หมอต้น)', '16', '92/1  ถนนมิตรภาพ-โนนสูง', NULL, '00', '01', '10', '30', '30160', '003206900', '-', NULL, '-', 0, '', '', '2017-07-12', '29000', 1);
INSERT INTO `chospital` VALUES ('32071', 'วีรา-วินส์คลินิกเวชกรรม', '16', '148-150  ถนนรถไฟ1', NULL, '00', '01', '12', '30', '30120', '003207100', '-', NULL, '-', 0, '', '', '2017-07-12', '29000', 1);
INSERT INTO `chospital` VALUES ('32072', 'คลินิกนายแพทย์ทศพร', '16', '94 ถนนสืบศิริ', NULL, '14', '01', '14', '30', '30150', '003207200', '-', NULL, '-', 0, '', '', '2017-07-12', '29000', 1);
INSERT INTO `chospital` VALUES ('32073', 'คลินิกอรัญการแพทย์', '16', '621/1 ถนนเทพธงชัย', NULL, '00', '01', '14', '30', '30150', '003207300', '-', NULL, '-', 0, '', '', '2017-07-12', '29000', 1);
INSERT INTO `chospital` VALUES ('32074', 'คลินิกนายแพทย์สมบัติ', '16', '151/5', NULL, '11', '01', '14', '30', '30150', '003207400', '-', NULL, '-', 0, '', '', '2017-07-12', '29000', 1);
INSERT INTO `chospital` VALUES ('32075', 'คลินิกนิติวัฒน์การแพทย์', '16', '664-665', NULL, '10', '01', '14', '30', '30150', '003207500', '-', NULL, '-', 0, '', '', '2017-07-12', '29000', 1);
INSERT INTO `chospital` VALUES ('32076', 'คลินิกสาธิตการแพทย์', '16', '405  ถนนศรีพลรัตน์', NULL, '10', '01', '14', '30', '30150', '003207600', '-', NULL, '-', 0, '', '', '2017-07-12', '29000', 1);
INSERT INTO `chospital` VALUES ('32077', 'คลินิกขัติญพัณศ์การแพทย์', '16', '750/3', NULL, '10', '01', '14', '30', '30150', '003207700', '-', NULL, '-', 0, '', '', '2017-07-12', '29000', 1);
INSERT INTO `chospital` VALUES ('32078', 'คลินิกแพทย์เดิมชัย', '16', '268/1  ถนนประชาอุทิศ', NULL, '00', '01', '14', '30', '30150', '003207800', '-', NULL, '-', 0, '', '', '2017-07-12', '29000', 1);
INSERT INTO `chospital` VALUES ('32079', 'คลินิกเกรียงไกรการแพทย์', '16', '34,36  ซอยตลาดกังวาฬ1  ถนนมิตรภาพ', NULL, '02', '01', '21', '30', '30130', '003207900', '-', NULL, '-', 0, '', '', '2017-07-12', '29000', 1);
INSERT INTO `chospital` VALUES ('32080', 'คลินิกแพทย์อุทัย', '16', '477  ถนนมิตรภาพ', NULL, '00', '01', '21', '30', '30130', '003208000', '-', NULL, '-', 0, '', '', '2017-07-12', '29000', 1);
INSERT INTO `chospital` VALUES ('32082', 'เกรียงไกรการแพทย์2', '16', '8/2  ถนนปากช่อง-ลำสมพุง', NULL, '00', '01', '21', '30', '30130', '003208200', '-', NULL, '-', 0, '', '', '2017-07-12', '29000', 1);
INSERT INTO `chospital` VALUES ('32083', 'คลินิกเวชกรรมปากช่องเมโมเรียล', '16', '363-369  ถนนมิตรภาพ', NULL, '00', '01', '21', '30', '30130', '003208300', '-', NULL, '-', 0, '', '', '2017-07-12', '29000', 1);
INSERT INTO `chospital` VALUES ('32084', 'คลินิกแพทย์วารสินทร์', '16', '76  ถนนเทศบาล16', NULL, '00', '01', '21', '30', '30130', '003208400', '-', NULL, '-', 0, '', '', '2017-07-12', '29000', 1);
INSERT INTO `chospital` VALUES ('32085', 'คลินิกแพทย์สมยศ-ดวงรัตน์', '16', '441 ถนนมิตรภาพ', NULL, '00', '01', '21', '30', '30130', '003208500', '-', NULL, '-', 0, '', '', '2017-07-12', '29000', 1);
INSERT INTO `chospital` VALUES ('32086', 'คลินิกแพทย์ธงชัย-ปนัดดา', '16', '684  ถนนมิตรภาพ', NULL, '00', '01', '21', '30', '30130', '003208600', '-', NULL, '-', 0, '', '', '2017-07-12', '29000', 1);
INSERT INTO `chospital` VALUES ('32087', 'คลินิกเวชกรรมชุมชนอบอุ่นปากช่อง1', '16', '1591  ถนนมิตรภาพ', NULL, '00', '01', '21', '30', '30130', '003208700', '-', NULL, '-', 0, '', '', '2017-07-12', '29000', 1);
INSERT INTO `chospital` VALUES ('32088', 'คลินิกนายแพทย์สมบูรณ์', '16', '6-10  ถนนเทศบาล15', NULL, '00', '01', '21', '30', '30130', '003208800', '-', NULL, '-', 0, '', '', '2017-07-12', '29000', 1);
INSERT INTO `chospital` VALUES ('32089', 'คลินิกแพทย์รัตนาวลี', '16', '520  ถนนมิตรภาพ', NULL, '00', '01', '21', '30', '30130', '003208900', '-', NULL, '-', 0, '', '', '2017-07-12', '29000', 1);
INSERT INTO `chospital` VALUES ('32090', 'คลินิกแพทย์ปิยะพงษ์-เฉลิมพร', '16', '639  ถนนมิตรภาพ', NULL, '00', '01', '21', '30', '30130', '003209000', '-', NULL, '-', 0, '', '', '2017-07-12', '29000', 1);
INSERT INTO `chospital` VALUES ('32091', 'คลินิกแพทย์ณัฐวัฒน์', '16', '27/2  ถนนบ้านนา-ขนงพระ', NULL, '04', '10', '21', '30', '30130', '003209100', '-', NULL, '-', 0, '', '', '2017-07-26', '29000', 1);
INSERT INTO `chospital` VALUES ('32092', 'คลินิกแพทย์สุจริต', '16', '80/1  ถนนมิตรภาพ', NULL, '00', '06', '21', '30', '30130', '003209200', '-', NULL, '-', 0, '', '', '2017-07-26', '29000', 1);
INSERT INTO `chospital` VALUES ('32093', 'คลินิกแพทย์ยรรยง', '16', '365 ถนนมิตรภาพ', NULL, '00', '06', '21', '30', '30130', '003209300', '-', NULL, '-', 0, '', '', '2017-07-26', '29000', 1);
INSERT INTO `chospital` VALUES ('32094', 'คลินิกแพทย์ชำนาญ', '16', '397/8', NULL, '01', '01', '28', '30', '30220', '003209400', '-', NULL, '-', 0, '', '', '2017-07-27', '29000', 1);
INSERT INTO `chospital` VALUES ('32095', 'คลินิกพิมายการแพทย์', '16', '18/3', NULL, '03', '01', '15', '30', '30110', '003209500', '-', NULL, '-', 0, '', '', '2017-07-26', '29000', 1);
INSERT INTO `chospital` VALUES ('32096', 'คลินิกนายแพทย์พีรวัฒน์', '16', '297/2  ถนนราชชนนีลีลา', NULL, '14', '01', '15', '30', '30110', '003209600', '-', NULL, '-', 0, '', '', '2017-07-26', '29000', 1);
INSERT INTO `chospital` VALUES ('32097', 'คลินิกนายแพทย์นพชัย', '16', '243 ถนนจอมสุดาเสด็จ', NULL, '14', '01', '15', '30', '30110', '003209700', '-', NULL, '-', 0, '', '', '2017-07-26', '29000', 1);
INSERT INTO `chospital` VALUES ('32098', 'คลินิกเด็กแพทย์นฤดี', '16', '1  ถนนบูชายันต์', NULL, '16', '01', '15', '30', '30110', '003209800', '-', NULL, '-', 0, '', '', '2017-07-26', '29000', 1);
INSERT INTO `chospital` VALUES ('32099', 'คลินิกอายุรกรรมแพทย์หญิงสุจี', '16', '312', NULL, '14', '01', '15', '30', '30110', '003209900', '-', NULL, '-', 0, '', '', '2017-07-26', '29000', 1);
INSERT INTO `chospital` VALUES ('32100', 'คลินิกนายแพทย์หิรัญ', '16', '552/4-5  ถนนอานันทจินดา', NULL, '00', '01', '15', '30', '30110', '003210000', '-', NULL, '-', 0, '', '', '2017-07-26', '29000', 1);
INSERT INTO `chospital` VALUES ('32101', 'คลินิกโคกกรวดการแพทย์', '16', '215/12 ', NULL, '01', '17', '01', '30', '30280', '003210100', '-', NULL, '-', 0, '', '', '2017-07-26', '29000', 1);
INSERT INTO `chospital` VALUES ('32102', 'คลินิกอรัญการแพทย์(สาขา2)', '16', '222/9-10  ถนนโคกกรวด-ขามทะเลสอ', NULL, '00', '17', '01', '30', '30280', '003210200', '-', NULL, '-', 0, '', '', '2017-07-26', '29000', 1);
INSERT INTO `chospital` VALUES ('32103', 'คลินิกภาณุการแพทย์', '16', '523/  ถนนมิตรภาพ-หนองคาย', NULL, '03', '16', '01', '30', '30310', '003210300', '-', NULL, '-', 0, '', '', '2017-07-26', '29000', 1);
INSERT INTO `chospital` VALUES ('32104', 'คลินิกแพทย์ชำนาญ', '16', '679', NULL, '13', '16', '01', '30', '30310', '003210400', '-', NULL, '-', 0, '', '', '2017-07-26', '29000', 1);
INSERT INTO `chospital` VALUES ('32105', 'คลินิกธงชัยการแพทย์', '16', '432  ถนนมิตรภาพ', NULL, '03', '16', '01', '30', '30310', '003210500', '-', NULL, '-', 0, '', '', '2017-07-26', '29000', 1);
INSERT INTO `chospital` VALUES ('32106', 'คลินิกนายแพทย์เกศ', '16', '52/9  ถนนสุรนารายณ์', NULL, '03', '16', '01', '30', '30310', '003210600', '-', NULL, '-', 0, '', '', '2017-07-26', '29000', 1);
INSERT INTO `chospital` VALUES ('32108', 'คลินิกหมอจำรัสเวชกรรม', '16', '362', NULL, '03', '16', '01', '30', '30310', '003210800', '-', NULL, '-', 0, '', '', '2017-07-27', '29000', 1);
INSERT INTO `chospital` VALUES ('32109', 'สหการแพทย์', '16', '103  ถนนมนัส', NULL, '00', '01', '01', '30', '30000', '003210900', '-', NULL, '-', 0, '', '', '2017-07-26', '29000', 1);
INSERT INTO `chospital` VALUES ('32110', 'คลินิกแพทย์สรวุฒิ', '16', '306/1  ถนนยมราช', NULL, '00', '01', '01', '30', '30000', '003211000', '-', NULL, '-', 0, '', '', '2017-07-26', '29000', 1);
INSERT INTO `chospital` VALUES ('32111', 'คลินิกแพทย์สุรชาติ', '16', '139/1  ถนนจักรี', NULL, '00', '01', '01', '30', '30000', '003211100', '-', NULL, '-', 0, '', '', '2017-08-02', '29000', 1);
INSERT INTO `chospital` VALUES ('32112', 'คลินิกนรชาติการแพทย์', '16', '34/1  ถนนมหาดไทย', NULL, '00', '01', '01', '30', '30000', '003211200', '-', NULL, '-', 0, '', '', '2017-08-02', '29000', 1);
INSERT INTO `chospital` VALUES ('32113', 'คลินิกแพทย์มงคล-ธัญญา', '16', '331/11  ถนนยมราช', NULL, '00', '01', '01', '30', '30000', '003211300', '-', NULL, '-', 0, '', '', '2017-08-02', '29000', 1);
INSERT INTO `chospital` VALUES ('32114', 'คลินิกคลินิกแพทย์นิพัทธ์-สรรัตน์', '16', '443/1  ถนนยมราช', NULL, '00', '01', '01', '30', '30000', '003211400', '-', NULL, '-', 0, '', '', '2017-08-02', '29000', 1);
INSERT INTO `chospital` VALUES ('32115', 'โยธีคลินิกการแพทย์', '16', '23/2  ถนนมุขมนตรี', NULL, '00', '01', '01', '30', '30000', '003211500', '-', NULL, '-', 0, '', '', '2017-08-02', '29000', 1);
INSERT INTO `chospital` VALUES ('32116', 'คลินิกนายแพทย์พิทักษ์', '16', '13  ถนนจักรี', NULL, '00', '01', '01', '30', '30000', '003211600', '-', NULL, '-', 0, '', '', '2017-08-02', '29000', 1);
INSERT INTO `chospital` VALUES ('32117', 'คลินิกนายแพทย์ชูเกียรติ', '16', '81  ถนนจอมพล', NULL, '00', '01', '01', '30', '30000', '003211700', '-', NULL, '-', 0, '', '', '2017-08-02', '29000', 1);
INSERT INTO `chospital` VALUES ('32118', 'คลินิกแพทย์อุกฤษฎ์', '16', '419/2  ถนนช้างเผือก', NULL, '00', '01', '01', '30', '30000', '003211800', '-', NULL, '-', 0, '', '', '2017-08-02', '29000', 1);
INSERT INTO `chospital` VALUES ('32119', 'คลินิกหูคอจมูกแพทย์หญิงเพ็ญพรรณ', '16', '114  ถนนโพธิ์กลาง', NULL, '00', '01', '01', '30', '30000', '003211900', '-', NULL, '-', 0, '', '', '2017-08-02', '29000', 1);
INSERT INTO `chospital` VALUES ('32120', 'คลินิกเด็กนายแพทย์ไพรัตน์', '16', '40  ถนนประจักษ์', NULL, '00', '01', '01', '30', '30000', '003212000', '-', NULL, '-', 0, '', '', '2017-08-02', '29000', 1);
INSERT INTO `chospital` VALUES ('32121', 'คลินิกนายแพทย์สมยศ', '16', '1340/26  ถนนสุรนารายณ์', NULL, '00', '01', '01', '30', '30000', '003212100', '-', NULL, '-', 0, '', '', '2017-08-02', '29000', 1);
INSERT INTO `chospital` VALUES ('32122', 'คลินิกสุวิทย์การแพทย์', '16', '883/6   ถนนช้างเผือก', NULL, '00', '01', '01', '30', '30000', '003212200', '-', NULL, '-', 0, '', '', '2017-08-02', '29000', 1);
INSERT INTO `chospital` VALUES ('32123', 'คลินิกแพทย์ปฏิพันธ์', '16', '1242/2  ถนนมิตรภาพ', NULL, '00', '01', '01', '30', '30000', '003212300', '-', NULL, '-', 0, '', '', '2017-08-02', '29000', 1);
INSERT INTO `chospital` VALUES ('32124', 'คลินิกแพทย์สุรชัย', '16', '98  ถนนพิบูลละเอียด', NULL, '00', '01', '01', '30', '30000', '003212400', '-', NULL, '-', 0, '', '', '2017-08-02', '29000', 1);
INSERT INTO `chospital` VALUES ('32125', 'คลินิกพิชิตการแพทย์', '16', '1607  ถนนมุขมนตรี', NULL, '00', '01', '01', '30', '30000', '003212500', '-', NULL, '-', 0, '', '', '2017-08-02', '29000', 1);
INSERT INTO `chospital` VALUES ('32126', 'คลินิกนายแพทย์มนตรี', '16', '490/2  ถนนโพธิ์กลาง', NULL, '00', '01', '01', '30', '30000', '003212600', '-', NULL, '-', 0, '', '', '2017-08-02', '29000', 1);
INSERT INTO `chospital` VALUES ('32127', 'คลินิกนายแพทย์เกศ', '16', '28  ถนนสุรนารี', NULL, '00', '01', '01', '30', '30000', '003212700', '-', NULL, '-', 0, '', '', '2017-08-02', '29000', 1);
INSERT INTO `chospital` VALUES ('32128', 'คลินิกแพทย์ณัฏฐ์', '16', '167/3  ถนนพิบูลละเอียด', NULL, '00', '01', '01', '30', '30000', '003212800', '-', NULL, '-', 0, '', '', '2017-08-02', '29000', 1);
INSERT INTO `chospital` VALUES ('32129', 'คลินิกแพทย์กนกพร', '16', '704/8  ถนนจอมพล', NULL, '00', '01', '01', '30', '30000', '003212900', '-', NULL, '-', 0, '', '', '2017-08-02', '29000', 1);
INSERT INTO `chospital` VALUES ('32130', 'คลินิกรามาวินศ์เวชกรรม', '16', '1242/2ชั้น2เดอะมอลล์นครราชสีมา  ถนนมิตรภาพ', NULL, '00', '01', '01', '30', '30000', '003213000', '-', NULL, '-', 0, '', '', '2017-08-02', '29000', 1);
INSERT INTO `chospital` VALUES ('32131', 'เดอะเฟชคลินิกเวชกรรม', '16', '311-313  ถนนอัษฎางค์', NULL, '00', '01', '01', '30', '30000', '003213100', '-', NULL, '-', 0, '', '', '2017-08-02', '29000', 1);
INSERT INTO `chospital` VALUES ('32132', 'รักผิวคลินิกเวชกรรม', '16', '249  ถนนจอมพล', NULL, '00', '01', '01', '30', '30000', '003213200', '-', NULL, '-', 0, '', '', '2017-08-02', '29000', 1);
INSERT INTO `chospital` VALUES ('32133', 'คลินิกแพทย์หญิงชวนพิศ', '16', '203  ถนนมิตรภาพ', NULL, '00', '01', '01', '30', '30000', '003213300', '-', NULL, '-', 0, '', '', '2017-08-02', '29000', 1);
INSERT INTO `chospital` VALUES ('32134', 'คลินิกสัจจาการแพทย์', '16', '4/10  ซอยมิตรภาพ15 ถนนมิตรภาพ', NULL, '00', '01', '01', '30', '30000', '003213400', '-', NULL, '-', 0, '', '', '2017-08-02', '29000', 1);
INSERT INTO `chospital` VALUES ('32135', 'คลินิกตานายแพทย์ณัฐชัย', '16', '48  ถนนไชยณรงค์', NULL, '00', '01', '01', '30', '30000', '003213500', '-', NULL, '-', 0, '', '', '2017-08-02', '29000', 1);
INSERT INTO `chospital` VALUES ('32136', 'คลินิกเวชกรรมหมอหนูคลินิก', '16', '972/8  ซอยมิตรภาพ15 ถนนมิตรภาพ', NULL, '00', '01', '01', '30', '30000', '003213600', '-', NULL, '-', 0, '', '', '2017-08-02', '29000', 1);
INSERT INTO `chospital` VALUES ('32137', 'คลินิกวิศาลการแพทย์', '16', '139  ถนนสุรนารี', NULL, '00', '01', '01', '30', '30000', '003213700', '-', NULL, '-', 0, '', '', '2017-08-02', '29000', 1);
INSERT INTO `chospital` VALUES ('32138', 'คลินิกชุมพลการแพทย์', '16', '2336  ถนนจอมพล', NULL, '01', '01', '01', '30', '30000', '003213800', '-', NULL, '-', 0, '', '', '2017-08-02', '29000', 1);
INSERT INTO `chospital` VALUES ('32139', 'คลินิกประชาการแพทย์', '16', '240  ถนนจอมพล', NULL, '00', '01', '01', '30', '30000', '003213900', '-', NULL, '-', 0, '', '', '2017-08-02', '29000', 1);
INSERT INTO `chospital` VALUES ('32140', 'คลินิกแพทย์วณิชย์และศูนย์พยาธิวิทยา', '16', '476  ถนนจอมพล', NULL, '00', '01', '01', '30', '30000', '003214000', '-', NULL, '-', 0, '', '', '2017-08-02', '29000', 1);
INSERT INTO `chospital` VALUES ('32141', 'คลินิกวัชรเวชช', '16', '152  ถนนอัษฎางค์', NULL, '00', '01', '01', '30', '30000', '003214100', '-', NULL, '-', 0, '', '', '2017-08-02', '29000', 1);
INSERT INTO `chospital` VALUES ('32142', 'คลินิกนายแพทย์ดนัยพร', '16', '131/4  ถนนมหาดไทย', NULL, '00', '01', '01', '30', '30000', '003214200', '-', NULL, '-', 0, '', '', '2017-08-02', '29000', 1);
INSERT INTO `chospital` VALUES ('32143', 'คลินิกแพทย์ปริญญา-ดาริน', '16', '68/2  ซอยมิตรภาพ15  ถนนมิตรภาพ', NULL, '00', '01', '01', '30', '30000', '003214300', '-', NULL, '-', 0, '', '', '2017-08-02', '29000', 1);
INSERT INTO `chospital` VALUES ('32144', 'แพนคลินิกเวชกรรม', '16', '2/2-3  ถนนบัวรอง', NULL, '00', '01', '01', '30', '30000', '003214400', '-', NULL, '-', 0, '', '', '2017-08-02', '29000', 1);
INSERT INTO `chospital` VALUES ('32145', 'คลินิกแพทย์หญิงนิชาภา', '16', '136  ถนนไชยณรงค์', NULL, '00', '01', '01', '30', '30000', '003214500', '-', NULL, '-', 0, '', '', '2017-08-02', '29000', 1);
INSERT INTO `chospital` VALUES ('32146', 'แพทย์ไพรัชหู-คอ-จมูกคลินิก', '16', '40  ถนนบัวรอง', NULL, '00', '01', '01', '30', '30000', '003214600', '-', NULL, '-', 0, '', '', '2017-08-02', '29000', 1);
INSERT INTO `chospital` VALUES ('32148', 'คลินิกศัลยกรรมความงามดร.สมศักดิ์', '16', '2  ถนนจอมสุรางค์ยาตร์', NULL, '00', '01', '01', '30', '30000', '003214800', '-', NULL, '-', 0, '', '', '2017-08-03', '29000', 1);
INSERT INTO `chospital` VALUES ('32149', 'คลินิกแพทย์วิชัย', '16', '151/1-2  ถนนเดชอุดม', NULL, '00', '01', '01', '30', '30000', '003214900', '-', NULL, '-', 0, '', '', '2017-08-03', '29000', 1);
INSERT INTO `chospital` VALUES ('32150', 'คลินิกวิวัฒน์การแพทย์', '16', '231  ถนนโพธิ์กลาง', NULL, '00', '01', '01', '30', '30000', '003215000', '-', NULL, '-', 0, '', '', '2017-08-03', '29000', 1);
INSERT INTO `chospital` VALUES ('32151', 'คลินิกแพทย์ชวนชื่น', '16', '874  ถนนมุขมนตรี', NULL, '00', '01', '01', '30', '30000', '003215100', '-', NULL, '-', 0, '', '', '2017-08-03', '29000', 1);
INSERT INTO `chospital` VALUES ('32152', 'คลินิกตรอกจันทร์การแพทย์', '16', '37  ถนนจันทร์', NULL, '00', '01', '01', '30', '30000', '003215200', '-', NULL, '-', 0, '', '', '2017-08-03', '29000', 1);
INSERT INTO `chospital` VALUES ('32153', 'คลินิกเวชกรรมชุมชนนครราชสีมา', '16', '86/1  ถนนสืบศิริ', NULL, '00', '01', '01', '30', '30000', '003215300', '-', NULL, '-', 0, '', '', '2017-08-03', '29000', 1);
INSERT INTO `chospital` VALUES ('32154', 'คลินิกแพทย์พินิศจัย', '16', '663/3  ถนนช้างเผือก', NULL, '00', '01', '01', '30', '30000', '003215400', '-', NULL, '-', 0, '', '', '2017-08-03', '29000', 1);
INSERT INTO `chospital` VALUES ('32155', 'คลินิกหูคอจมูกนายแพทย์วรนันท์', '16', '196  ถนนจอมพล', NULL, '00', '01', '01', '30', '30000', '003215500', '-', NULL, '-', 0, '', '', '2017-08-03', '29000', 1);
INSERT INTO `chospital` VALUES ('32156', 'คลินิกบุญนำการแพทย์', '16', '78-80  ถนนพลเสน', NULL, '00', '01', '01', '30', '30000', '003215600', '-', NULL, '-', 0, '', '', '2017-08-03', '29000', 1);
INSERT INTO `chospital` VALUES ('32157', 'คลินิกแพทย์อุกฤษฎ์', '16', '124/2  ถนนช้างเผือก', NULL, '00', '01', '01', '30', '30000', '003215700', '-', NULL, '-', 0, '', '', '2017-08-03', '29000', 1);
INSERT INTO `chospital` VALUES ('32158', 'คลินิกจอมพลการแพทย์', '16', '46  ถนนจอมพล', NULL, '00', '01', '01', '30', '30000', '003215800', '-', NULL, '-', 0, '', '', '2017-08-03', '29000', 1);
INSERT INTO `chospital` VALUES ('32159', 'คลินิกนายแพทย์สวัสดิ์', '16', '256/19  ถนนยมราช', NULL, '00', '01', '01', '30', '30000', '003215900', '-', NULL, '-', 0, '', '', '2017-08-03', '29000', 1);
INSERT INTO `chospital` VALUES ('32160', 'เดอะเฟชคลินิกเวชกรรม(สาขาเซฟวัน)', '16', '2131  ถนนมิตรภาพ', NULL, '00', '01', '01', '30', '30000', '003216000', '-', NULL, '-', 0, '', '', '2017-08-03', '29000', 1);
INSERT INTO `chospital` VALUES ('32162', 'คลินิกแพทย์บุระ', '16', '2600/4  ถนนเดชอุดม', NULL, '00', '01', '01', '30', '30000', '003216200', '-', NULL, '-', 0, '', '', '2017-08-03', '29000', 1);
INSERT INTO `chospital` VALUES ('32163', 'คลินิกแพทย์อนุชา', '16', '2/25 ซอยมิตรภาพ15  ถนนมิตรภาพ', NULL, '00', '01', '01', '30', '30000', '003216300', '-', NULL, '-', 0, '', '', '2017-08-03', '29000', 1);
INSERT INTO `chospital` VALUES ('32164', 'คลินิกแพทย์หญิงอุษา-แพทย์หญิงปิยทิพย์', '16', '1089  ถนนสุรนารายณ์', NULL, '00', '01', '01', '30', '30000', '003216400', '-', NULL, '-', 0, '', '', '2017-08-03', '29000', 1);
INSERT INTO `chospital` VALUES ('32165', 'แพทย์หญิงนิติกาญจน์คลินิก', '16', '66-68  ถนนมหาดไทย', NULL, '00', '01', '01', '30', '30000', '003216500', '-', NULL, '-', 0, '', '', '2017-08-03', '29000', 1);
INSERT INTO `chospital` VALUES ('32166', 'นิติพลคลินิกเวชกรรมสาขาโคราช', '16', '1242/2ห้องที่3พี36ชั้น3   ถนนมิตรภาพ', NULL, '00', '01', '01', '30', '30000', '003216600', '-', NULL, '-', 0, '', '', '2017-08-03', '29000', 1);
INSERT INTO `chospital` VALUES ('32167', 'ราชเทวีคลินิกเวชกรรมสาขานครราชสีมา', '16', '1242/2  ถนนมิตรภาพ', NULL, '00', '01', '01', '30', '30000', '003216700', '-', NULL, '-', 0, '', '', '2017-08-03', '29000', 1);
INSERT INTO `chospital` VALUES ('32168', 'คลินิกแพทย์พงษ์เทพ(สาขาเดอะมอลล์)', '16', '569-571  ถนนมิตรภาพ', NULL, '00', '01', '01', '30', '30000', '003216800', '-', NULL, '-', 0, '', '', '2017-08-03', '29000', 1);
INSERT INTO `chospital` VALUES ('32169', 'คลินิกวิชุลดา-บวรการแพทย์', '16', '1020  ถนนมุขมนตรี', NULL, '00', '01', '01', '30', '30000', '003216900', '-', NULL, '-', 0, '', '', '2017-08-03', '29000', 1);
INSERT INTO `chospital` VALUES ('32170', 'คลินิกสมชายการแพทย์', '16', '17  ถนนบัวรอง', NULL, '00', '01', '01', '30', '30000', '003217000', '-', NULL, '-', 0, '', '', '2017-08-03', '29000', 1);
INSERT INTO `chospital` VALUES ('32171', 'คลินิกแพทย์พงษ์เทพ', '16', '95  ถนนมหาดไทย', NULL, '00', '01', '01', '30', '30000', '003217100', '-', NULL, '-', 0, '', '', '2017-08-03', '29000', 1);
INSERT INTO `chospital` VALUES ('32172', 'คลินิกแพทย์สุชาติ', '16', '579  ถนนสุรนารายณ์', NULL, '00', '01', '01', '30', '30000', '003217200', '-', NULL, '-', 0, '', '', '2017-08-03', '29000', 1);
INSERT INTO `chospital` VALUES ('32173', 'หมออะตอมคลินิกเวชกรรม', '16', '17 ถนนจอมสุรางค์ยาตร์', NULL, '00', '01', '01', '30', '30000', '003217300', '-', NULL, '-', 0, '', '', '2017-08-03', '29000', 1);
INSERT INTO `chospital` VALUES ('32174', 'บางกอกเลเซอร์คลินิกเวชกรรม', '16', '91,93   ถนนมหาดไทย', NULL, '00', '01', '01', '30', '30000', '003217400', '-', NULL, '-', 0, '', '', '2017-08-03', '29000', 1);
INSERT INTO `chospital` VALUES ('32177', 'คลินิกเวชกรรมแอทคอลซัลติ้ง', '16', '18 ถนนเดชอุดม', NULL, '00', '01', '01', '30', '30000', '003217700', '-', NULL, '-', 0, '', '', '2017-08-03', '29000', 1);
INSERT INTO `chospital` VALUES ('32178', 'แพทย์ธนพรคลินิกเวชกรรมนครราชสีมา', '16', '1119/14  ถนนสุรนารายณ์', NULL, '00', '01', '01', '30', '30000', '003217800', '-', NULL, '-', 0, '', '', '2017-08-03', '29000', 1);
INSERT INTO `chospital` VALUES ('32179', 'จักษุคลินิกสายตา', '16', '742-744  ถนนราชดำเนิน', NULL, '00', '01', '01', '30', '30000', '003217900', '-', NULL, '-', 0, '', '', '2017-08-03', '29000', 1);
INSERT INTO `chospital` VALUES ('32180', 'คลินิกตาแพทย์ศิริรัตน์', '16', '105  ถนนจอมสุรางค์ยาตร์', NULL, '00', '01', '01', '30', '30000', '003218000', '-', NULL, '-', 0, '', '', '2017-08-03', '29000', 1);
INSERT INTO `chospital` VALUES ('32181', 'คลินิกแพทย์สุรศักดิ์เวชกรรมความงาม', '16', '61/3  ถนนจอมสุรางค์ยาตร์', NULL, '00', '01', '01', '30', '30000', '003218100', '-', NULL, '-', 0, '', '', '2017-08-03', '29000', 1);
INSERT INTO `chospital` VALUES ('32182', 'คลินิกเวชกรรมเมดิแคร์1', '16', '553/11-12  ถนนมิตรภาพ', NULL, '00', '01', '01', '30', '30000', '003218200', '-', NULL, '-', 0, '', '', '2017-08-03', '29000', 1);
INSERT INTO `chospital` VALUES ('32183', 'คลินิกแพทย์พินิจ', '16', '925/1-2  ถนนช้างเผือก', NULL, '00', '01', '01', '30', '30000', '003218300', '-', NULL, '-', 0, '', '', '2017-08-03', '29000', 1);
INSERT INTO `chospital` VALUES ('32184', 'แพนคลินิกเวชกรรม', '16', '1242/2ชั้น2ศูนย์การค้าเดอะมอลล์นครราชสีมา  ถนนมิตร', NULL, '00', '01', '01', '30', '30000', '003218400', '-', NULL, '-', 0, '', '', '2017-08-03', '29000', 1);
INSERT INTO `chospital` VALUES ('32185', 'คลินิกแพทย์ไนท์บาร์ซ่าร์', '16', '230  ถนนจอมพล', NULL, '00', '01', '01', '30', '30000', '003218500', '-', NULL, '-', 0, '', '', '2017-08-03', '29000', 1);
INSERT INTO `chospital` VALUES ('32186', 'ภานุกฤตคลินิกเวชกรรม', '16', '1006-1008  ถนนมุขมนตรี', NULL, '00', '01', '01', '30', '30000', '003218600', '-', NULL, '-', 0, '', '', '2017-08-03', '29000', 1);
INSERT INTO `chospital` VALUES ('32187', 'วุฒิ-ศักดิ์คลินิกเวชกรรมสาขาเดอะมอลล์โคราช', '16', '1242/2ชั้น3ห้องเลขที่3พี26  ถนนมิตรภาพ', NULL, '00', '01', '01', '30', '30000', '003218700', '-', NULL, '-', 0, '', '', '2017-08-03', '29000', 1);
INSERT INTO `chospital` VALUES ('32188', 'คลินิกประวัติการแพทย์', '16', '114  ถนนชุมพล', NULL, '00', '01', '01', '30', '30000', '003218800', '-', NULL, '-', 0, '', '', '2017-08-03', '29000', 1);
INSERT INTO `chospital` VALUES ('32189', 'คลินิกแพทย์ปฏิพันธ์2', '16', '228/2  ซอยมิตรภาพ15  ถนนมิตรภาพ', NULL, '00', '01', '01', '30', '30000', '003218900', '-', NULL, '-', 0, '', '', '2017-08-03', '29000', 1);
INSERT INTO `chospital` VALUES ('32190', 'สุมัทธาคลินิกเวชกรรม', '16', '2171  ถนนสืบศิริ', NULL, '00', '01', '01', '30', '30000', '003219000', '-', NULL, '-', 0, '', '', '2017-08-03', '29000', 1);
INSERT INTO `chospital` VALUES ('32191', 'คลินิกแพทย์มงคล', '16', '67/3  ถนนเดชอุดม', NULL, '00', '01', '01', '30', '30000', '003219100', '-', NULL, '-', 0, '', '', '2017-08-03', '29000', 1);
INSERT INTO `chospital` VALUES ('32192', 'คลินิกแพทย์จำรัส', '16', '158/6-7  ถนนจักรี', NULL, '00', '01', '01', '30', '30000', '003219200', '-', NULL, '-', 0, '', '', '2017-08-03', '29000', 1);
INSERT INTO `chospital` VALUES ('32193', 'คลินิกเวชกรรมกรวิกกา', '16', '1202/1  ถนนมิตรภาพ', NULL, '00', '01', '01', '30', '30000', '003219300', '-', NULL, '-', 0, '', '', '2017-08-03', '29000', 1);
INSERT INTO `chospital` VALUES ('32194', 'ห้างหุ้นส่วนจำกัดไอริสคลินิกเวชกรรม', '16', '624/5-6', NULL, '00', '01', '01', '30', '30000', '003219400', '-', NULL, '-', 0, '', '', '2017-08-31', '29000', 1);
INSERT INTO `chospital` VALUES ('32195', 'คลินิกแพทย์วีรพันธ์', '16', '624/12  ถนนช้างเผือก', NULL, '00', '01', '01', '30', '30000', '003219500', '-', NULL, '-', 0, '', '', '2017-08-04', '29000', 1);
INSERT INTO `chospital` VALUES ('32196', 'คลินิกแพทย์หญิงวัชรินทร์', '16', '11  ถนนมนัส', NULL, '00', '01', '01', '30', '30000', '003219600', '-', NULL, '-', 0, '', '', '2017-08-04', '29000', 1);
INSERT INTO `chospital` VALUES ('32197', 'บีไบร์ทคลินิกเวชกรรม', '16', '160/10-11  ถนนจอมสุรางค์ยาตร์', NULL, '00', '01', '01', '30', '30000', '003219700', '-', NULL, '-', 0, '', '', '2017-08-04', '29000', 1);
INSERT INTO `chospital` VALUES ('32198', 'คลินิกนายแพทย์นิมิต', '16', '2600/3  ถนนเดชอุดม', NULL, '00', '01', '01', '30', '30000', '003219800', '-', NULL, '-', 0, '', '', '2017-08-04', '29000', 1);
INSERT INTO `chospital` VALUES ('32199', 'เดอะคลีนิกค์เดอะมอลล์โคราชคลินิกเวชกรรม', '16', '1242/2ห้างสรรพสินค้าเดอะมอลล์นครราชสีมาห้องเลขที่2', NULL, '00', '01', '01', '30', '30000', '003219900', '-', NULL, '-', 0, '', '', '2017-08-04', '29000', 1);
INSERT INTO `chospital` VALUES ('32200', 'ไอริสคลินิกเวชกรรมสาขา2', '16', '4/5  ซอย15  ถนนมิตรภาพ', NULL, '00', '01', '01', '30', '30000', '003220000', '-', NULL, '-', 0, '', '', '2017-08-04', '29000', 1);
INSERT INTO `chospital` VALUES ('32201', 'คลินิกเวชกรรมพรเกษมโคราช', '16', '1242/2ห้อง2S-38A-Bชั้น2เดอะมอลล์นครราชสีมา  ถนนมิต', NULL, '00', '01', '01', '30', '30000', '003220100', '-', NULL, '-', 0, '', '', '2017-08-04', '29000', 1);
INSERT INTO `chospital` VALUES ('32202', 'คลินิกแพทย์รามา', '16', '736  ถนนราชดำเนิน', NULL, '00', '01', '01', '30', '30000', '003220200', '-', NULL, '-', 0, '', '', '2017-08-04', '29000', 1);
INSERT INTO `chospital` VALUES ('32203', 'คลินิกนายแพทย์วิศาลสูติ-นรีเวชกรรม', '16', '256/20  ถนนยมราช', NULL, '00', '01', '01', '30', '30000', '003220300', '-', NULL, '-', 0, '', '', '2017-08-04', '29000', 1);
INSERT INTO `chospital` VALUES ('32204', 'โตเกียวคิวสวิทซ์เลเซอร์คลินิกเวชการ', '16', '329  ถนนสุรนารี', NULL, '00', '01', '01', '30', '30000', '003220400', '-', NULL, '-', 0, '', '', '2017-08-04', '29000', 1);
INSERT INTO `chospital` VALUES ('32206', 'คลินิกเวชกรรมรักษ์กระดูกและข้อ', '16', '622/46', NULL, '00', '01', '01', '30', '30000', '003220600', '-', NULL, '-', 0, '', '', '2017-08-04', '29000', 1);
INSERT INTO `chospital` VALUES ('32207', 'คลินิกเวชกรรมหมอรุ่งนภา', '16', '114/1  ถนนมหาดไทย', NULL, '00', '01', '01', '30', '30000', '003220700', '-', NULL, '-', 0, '', '', '2017-08-04', '29000', 1);
INSERT INTO `chospital` VALUES ('32208', 'เฮร่าคลินิกเวชกรรม', '16', '22/71  ซอยมิตรภาพ15  ถนนมิตรภาพ', NULL, '00', '01', '01', '30', '30000', '003220800', '-', NULL, '-', 0, '', '', '2017-08-04', '29000', 1);
INSERT INTO `chospital` VALUES ('32209', 'กรวิกกาคลินิกเวชกรรมสาขา2', '16', '160/4,160/5  ถนนจอมสุรางค์ยาตร์', NULL, '00', '01', '01', '30', '30000', '003220900', '-', NULL, '-', 0, '', '', '2017-08-04', '29000', 1);
INSERT INTO `chospital` VALUES ('32210', 'คลินิกนายแพทย์ไพโรจน์', '16', '872/2  ถนนสุรนารายณ์', NULL, '01', '12', '01', '30', '30000', '003221000', '-', NULL, '-', 0, '', '', '2017-08-04', '29000', 1);
INSERT INTO `chospital` VALUES ('32211', 'ไวทัลไลซ์คลินิกเวชกรรม', '16', '67/9  ถนนมหาวิทยาลัย', NULL, '06', '20', '01', '30', '30000', '003221100', '-', NULL, '-', 0, '', '', '2017-08-04', '29000', 1);
INSERT INTO `chospital` VALUES ('32212', 'คลินิกแพทย์นรินทรา', '16', '225/9  ถนนสุรนารี2', NULL, '01', '24', '01', '30', '30000', '003221200', '-', NULL, '-', 0, '', '', '2017-08-04', '29000', 1);
INSERT INTO `chospital` VALUES ('32213', 'นิติพลคลินิกเวชกรรมสาขาโลตัสโคราช2', '16', '223 ถนนมิตรภาพ', NULL, '01', '19', '01', '30', '30000', '003221300', '-', NULL, '-', 0, '', '', '2017-08-04', '29000', 1);
INSERT INTO `chospital` VALUES ('32214', 'คลินิกนายแพทย์ศาสตร์ศิลป์', '16', '76 ถนนพิบูลละเอียด', NULL, '00', '10', '01', '30', '30000', '003221400', '-', NULL, '-', 0, '', '', '2017-08-04', '29000', 1);
INSERT INTO `chospital` VALUES ('32215', 'บีเมสส คลินิกนายแพทย์สำราญ', '16', '537  ถนนพิบูลละเอียด', NULL, '07', '10', '01', '30', '30000', '003221500', '-', NULL, '-', 0, '', '', '2017-08-04', '29000', 1);
INSERT INTO `chospital` VALUES ('32216', 'คลินิกแพทย์วรทัศน์', '16', '442/196  ถนนราชสีมา-โชคชัย', NULL, '01', '11', '01', '30', '30000', '003221600', '-', NULL, '-', 0, '', '', '2017-08-16', '29000', 1);
INSERT INTO `chospital` VALUES ('32217', 'คลินิกแพทย์สุรชัย', '16', '70/1', NULL, '09', '01', '29', '30', '30270', '003221700', '-', NULL, '-', 0, '', '', '2017-08-16', '29000', 1);
INSERT INTO `chospital` VALUES ('32218', 'คลินิกนายแพทย์วิชาญ', '16', '679', NULL, '01', '01', '25', '30', '30370', '003221800', '-', NULL, '-', 0, '', '', '2017-08-16', '29000', 1);
INSERT INTO `chospital` VALUES ('32219', 'คลินิกแพทย์วิชัย', '16', '305-306 ถนนผาสุก', NULL, '00', '01', '20', '30', '30140', '003221900', '-', NULL, '-', 0, '', '', '2017-08-16', '29000', 1);
INSERT INTO `chospital` VALUES ('32220', 'คลินิกสีคิ้วการแพทย์', '16', '289/2  ถนนชุมค้า', NULL, '19', '01', '20', '30', '30140', '003222000', '-', NULL, '-', 0, '', '', '2017-08-16', '29000', 1);
INSERT INTO `chospital` VALUES ('32221', 'คลินิกหมอพัชร', '16', '224-5  ถนนชุมค้า', NULL, '00', '01', '20', '30', '30140', '003222100', '-', NULL, '-', 0, '', '', '2017-08-16', '29000', 1);
INSERT INTO `chospital` VALUES ('32222', 'คลินิกนายแพทย์ฤทธิ์ทา', '16', '157-158', NULL, '15', '01', '20', '30', '30140', '003222200', '-', NULL, '-', 0, '', '', '2017-08-16', '29000', 1);
INSERT INTO `chospital` VALUES ('32223', 'คลินิกนายแพทย์ชัยวัฒน์', '16', '315/2', NULL, '02', '01', '20', '30', '30140', '003222300', '-', NULL, '-', 0, '', '', '2017-08-16', '29000', 1);
INSERT INTO `chospital` VALUES ('32224', 'คลินิกพุทธรักษาสีคิ้วการแพทย์', '16', '187-188', NULL, '15', '01', '20', '30', '30140', '003222400', '-', NULL, '-', 0, '', '', '2017-08-16', '29000', 1);
INSERT INTO `chospital` VALUES ('32225', 'หมอนภัคคลินิกเวชกรรม', '16', '171/7  ถนนเทศบาล6', NULL, '09', '01', '20', '30', '30140', '003222500', '-', NULL, '-', 0, '', '', '2017-08-16', '29000', 1);
INSERT INTO `chospital` VALUES ('32226', 'คลินิกนายแพทย์ทองหล่อ', '16', '65  ถนนสุขาภิบาล1', NULL, '00', '11', '18', '30', '30380', '003222600', '-', NULL, '-', 0, '', '', '2017-08-16', '29000', 1);
INSERT INTO `chospital` VALUES ('32227', 'คลินิกนายแพทย์ชาติชัย', '16', '70/21', NULL, '00', '01', '18', '30', '30170', '003222700', '-', NULL, '-', 0, '', '', '2017-08-16', '29000', 1);
INSERT INTO `chospital` VALUES ('32228', 'คลินิกนายแพทย์วสันติ', '16', '663/15  ถนนมิตรสัมพันธ์', NULL, '11', '01', '18', '30', '30170', '003222800', '-', NULL, '-', 0, '', '', '2017-08-16', '29000', 1);
INSERT INTO `chospital` VALUES ('32229', 'คลินิกหมอแป๋วการแพทย์', '16', '752/1-2  ถนนสุขาภิบาล4', NULL, '00', '01', '18', '30', '30170', '003222900', '-', NULL, '-', 0, '', '', '2017-08-16', '29000', 1);
INSERT INTO `chospital` VALUES ('32230', 'คลินิกแพทย์วีณา', '16', '825 ', NULL, '11', '01', '18', '30', '30170', '003223000', '-', NULL, '-', 0, '', '', '2017-08-16', '29000', 1);
INSERT INTO `chospital` VALUES ('32231', 'คลินิกเกรียงศักดิ์การแพทย์', '16', '165', NULL, '15', '01', '03', '30', '30330', '003223100', '-', NULL, '-', 0, '', '', '2017-08-16', '29000', 1);
INSERT INTO `chospital` VALUES ('32232', 'คลินิกนายแพทย์ธนัช', '16', '167', NULL, '02', '04', '22', '30', '30410', '003223200', '-', NULL, '-', 0, '', '', '2017-08-16', '29000', 1);
INSERT INTO `chospital` VALUES ('32233', 'คลินิกกอบชัยการแพทย์', '16', '7  ถนนประชาชื่น', NULL, '01', '01', '16', '30', '30240', '003223300', '-', NULL, '-', 0, '', '', '2017-08-16', '29000', 1);
INSERT INTO `chospital` VALUES ('32234', 'คลินิกนิวัฒน์ชัยการแพทย์', '16', '58/7', NULL, '01', '01', '16', '30', '30240', '003223400', '-', NULL, '-', 0, '', '', '2017-08-16', '29000', 1);
INSERT INTO `chospital` VALUES ('32235', 'คลินิกเวชกรรมโรคกระดูกและข้อหมอพงษ์ศักดิ์', '16', '406-407  ถนนบุรีราษฎร์', NULL, '04', '08', '02', '30', '30250', '003223500', '-', NULL, '-', 0, '', '', '2017-08-16', '29000', 1);
INSERT INTO `chospital` VALUES ('32236', 'คลินิกแพทย์หญิงสาวิกา', '16', '647', NULL, '04', '08', '02', '30', '30250', '003223600', '-', NULL, '-', 0, '', '', '2017-08-16', '29000', 1);
INSERT INTO `chospital` VALUES ('32237', 'คลินิกเด็กแพทย์ยิ่งรัก', '16', '138  ถนนสีคิ้ว-ชัยภูมิ', NULL, '11', '02', '08', '30', '30210', '003223700', '-', NULL, '-', 0, '', '', '2017-08-16', '29000', 1);
INSERT INTO `chospital` VALUES ('32238', 'คลินิกนายแพทย์อธิคม', '16', '545-546  ถนนไชยณรงค์', NULL, '02', '02', '08', '30', '30210', '003223800', '-', NULL, '-', 0, '', '', '2017-08-16', '29000', 1);
INSERT INTO `chospital` VALUES ('32239', 'คลินิกแพทย์ฉัตรชัย(สูตินรีเวช)', '16', '277  ถนนสีคิ้ว-ชัยภูมิ', NULL, '11', '02', '08', '30', '30210', '003223900', '-', NULL, '-', 0, '', '', '2017-08-31', '29000', 1);
INSERT INTO `chospital` VALUES ('32240', 'คลินิกโนนไทยการแพทย์', '16', '745  ถนนสุรนารายณ์', NULL, '01', '01', '09', '30', '30220', '003224000', '-', NULL, '-', 0, '', '', '2017-08-31', '29000', 1);
INSERT INTO `chospital` VALUES ('32242', 'คลินิกบริษัทเชี่ยวชาญไตเทียมจำกัด', '16', '165/2', NULL, '01', '17', '14', '30', '30150', '003224200', '-', NULL, '-', 0, '', '', '2017-08-31', '29000', 1);
INSERT INTO `chospital` VALUES ('32243', 'คลินิกนายแพทย์บุญชัย', '16', '63  ถนนเทศบาล19', NULL, '00', '01', '21', '30', '30130', '003224300', '-', NULL, '-', 0, '', '', '2017-08-31', '29000', 1);
INSERT INTO `chospital` VALUES ('32244', 'คลินิกนายแพทย์สมศักดิ์', '16', '768/5-6  ถนนมิตรภาพ', NULL, '00', '01', '21', '30', '30130', '003224400', '-', NULL, '-', 0, '', '', '2017-08-31', '29000', 1);
INSERT INTO `chospital` VALUES ('32245', 'คลินิกแพทย์วีรุฒา', '16', '359  ถนนมิตรภาพ', NULL, '00', '01', '21', '30', '30130', '003224500', '-', NULL, '-', 0, '', '', '2017-08-31', '29000', 1);
INSERT INTO `chospital` VALUES ('32246', 'คลินิกแพทย์ธิติกานต์', '16', '939/16 ถนนมิตรภาพ', NULL, '00', '01', '21', '30', '30130', '003224600', '-', NULL, '-', 0, '', '', '2017-08-31', '29000', 1);
INSERT INTO `chospital` VALUES ('32247', 'คลินิกตานายแพทย์มงคล', '16', '768/1  ถนนมิตรภาพ', NULL, '00', '01', '21', '30', '30130', '003224700', '-', NULL, '-', 0, '', '', '2017-08-31', '29000', 1);
INSERT INTO `chospital` VALUES ('32249', 'คลินิกเวชกรรมกระดูกและข้อหมอมนูญ', '16', '357/7-8  ถนนมุขมนตรี', NULL, '00', '01', '01', '30', '30000', '003224900', '-', NULL, '-', 0, '', '', '2017-08-31', '29000', 1);
INSERT INTO `chospital` VALUES ('32250', 'คลินิกแพทย์วิทูร', '16', '3/42  ซอยเสาธง', NULL, '00', '01', '01', '30', '30000', '003225000', '-', NULL, '-', 0, '', '', '2017-08-31', '29000', 1);
INSERT INTO `chospital` VALUES ('32251', 'เดอะมอลล์จักษุคลินิก', '16', '2Fx-19A2เดอะมอลล์นครราชสีมา', NULL, '00', '01', '01', '30', '30000', '003225100', '-', NULL, '-', 0, '', '', '2017-08-31', '29000', 1);
INSERT INTO `chospital` VALUES ('32252', 'คลินิกแพทย์นภดล', '16', '1635  ถนนมุขมนตรี', NULL, '00', '01', '01', '30', '30000', '003225200', '-', NULL, '-', 0, '', '', '2017-08-31', '29000', 1);
INSERT INTO `chospital` VALUES ('32253', 'คลินิกนายแพทย์สุรินทร์', '16', '522  ถนนช้างเผือก', NULL, '00', '01', '01', '30', '30000', '003225300', '-', NULL, '-', 0, '', '', '2017-08-31', '29000', 1);
INSERT INTO `chospital` VALUES ('32254', 'คลินิกแพทย์พงษ์จรัส', '16', '2112/21  ถนนมิตรภาพ', NULL, '00', '01', '01', '30', '30000', '003225400', '-', NULL, '-', 0, '', '', '2017-08-31', '29000', 1);
INSERT INTO `chospital` VALUES ('32256', 'สีมาเอ็มอาร์ไอคลินิกเวชกรรม', '16', '49MRIรพ.มหาราชนครราชสีมา', NULL, '00', '01', '01', '30', '30000', '003225600', '-', NULL, '-', 0, '', '', '2017-08-31', '29000', 1);
INSERT INTO `chospital` VALUES ('32257', 'พงศ์ดนัยคลินิกกระดูกและข้อ', '16', '925/2  ถนนช้างเผือก', NULL, '00', '01', '01', '30', '30000', '003225700', '-', NULL, '-', 0, '', '', '2017-08-31', '29000', 1);
INSERT INTO `chospital` VALUES ('32258', 'คลินิกแพทย์หญิงนิศาอายุรศาสตร์เฉพาะทาง', '16', '17   ถนนจอมสุรางค์ยาตร์', NULL, '00', '01', '01', '30', '30000', '003225800', '-', NULL, '-', 0, '', '', '2017-08-31', '29000', 1);
INSERT INTO `chospital` VALUES ('32259', 'คลินิกเด็กแพทย์จิรรุจน์', '16', '255/4  ถนนยมราช', NULL, '00', '01', '01', '30', '30000', '003225900', '-', NULL, '-', 0, '', '', '2017-08-31', '29000', 1);
INSERT INTO `chospital` VALUES ('32260', 'คลินิกตาแพทย์ธนภูมิ', '16', '885/26  ถนนช้างเผือก', NULL, '00', '01', '01', '30', '30000', '003226000', '-', NULL, '-', 0, '', '', '2017-08-31', '29000', 1);
INSERT INTO `chospital` VALUES ('32261', 'คลินิกเด็กและโรคภูมิแพ้แพทย์หญิงสุนทรี', '16', '53/1  ถนนกุดั่น', NULL, '00', '01', '01', '30', '30000', '003226100', '-', NULL, '-', 0, '', '', '2017-08-31', '29000', 1);
INSERT INTO `chospital` VALUES ('32262', 'คลินิกแพทย์ภัทราวุธ', '16', '2964/5  ถนนเดชอุดม', NULL, '00', '01', '01', '30', '30000', '003226200', '-', NULL, '-', 0, '', '', '2017-08-31', '29000', 1);
INSERT INTO `chospital` VALUES ('32263', 'คลินิกเวชกรรมแพทย์อารีย์', '16', '70/2', NULL, '02', '01', '20', '30', '30140', '003226300', '-', NULL, '-', 0, '', '', '2017-08-31', '29000', 1);
INSERT INTO `chospital` VALUES ('32264', 'คลินิกหมอสันติเวชกรรม', '16', '274 ถนนชุมค้า', NULL, '16', '01', '20', '30', '30140', '003226400', '-', NULL, '-', 0, '', '', '2017-08-31', '29000', 1);
INSERT INTO `chospital` VALUES ('32265', 'คลินิกชลธิชาทันตแพทย์', '16', '654-655', NULL, '04', '08', '02', '30', '30250', '003226500', '-', NULL, '-', 0, '', '', '2017-08-31', '29000', 1);
INSERT INTO `chospital` VALUES ('32266', 'คลินิกทันตกรรมครบุรี', '16', '412', NULL, '04', '08', '02', '30', '30250', '003226600', '-', NULL, '-', 0, '', '', '2017-08-31', '29000', 1);
INSERT INTO `chospital` VALUES ('32267', 'คลินิกทันตกรรมทันตแพทย์หญิงชมพูนุท', '16', '50', NULL, '04', '01', '06', '30', '30230', '003226700', '-', NULL, '-', 0, '', '', '2017-08-31', '29000', 1);
INSERT INTO `chospital` VALUES ('32268', 'คลินิกทันตแพทย์หญิงรัตติกาล', '16', '188/3 ถนนเทศบาล', NULL, '14', '02', '32', '30', '30230', '003226800', '-', NULL, '-', 0, '', '', '2017-08-31', '29000', 1);
INSERT INTO `chospital` VALUES ('32269', 'คลินิกหมอฟัน', '16', '148/10', NULL, '13', '08', '07', '30', '30190', '003226900', '-', NULL, '-', 0, '', '', '2017-08-31', '29000', 1);
INSERT INTO `chospital` VALUES ('32270', 'คลินิกทันตแพทย์เอ็นดู', '16', '7/136', NULL, '14', '02', '08', '30', '30210', '003227000', '-', NULL, '-', 0, '', '', '2017-08-31', '29000', 1);
INSERT INTO `chospital` VALUES ('32271', 'คลินิกทันตกรรมบ้านหมอหนึ่ง', '16', '352/2  ถนนสุรนารายณ์', NULL, '10', '01', '09', '30', '30220', '003227100', '-', NULL, '-', 0, '', '', '2017-08-31', '29000', 1);
INSERT INTO `chospital` VALUES ('32272', 'คลินิกทันตแพทย์พรพิมล', '16', '975  ถนนสุรนารายณ์', NULL, '10', '01', '09', '30', '30120', '003227200', '-', NULL, '-', 0, '', '', '2017-08-31', '29000', 1);
INSERT INTO `chospital` VALUES ('32273', 'คลินิกบ้านหมอฟัน', '16', '97  ถนนรถไฟ1', NULL, '00', '01', '12', '30', '30120', '003227300', '-', NULL, '-', 0, '', '', '2017-08-31', '29000', 1);
INSERT INTO `chospital` VALUES ('32274', 'คลินิกบัวใหญ่ทันตแพทย์', '16', '238  ถนนรถไฟ1', NULL, '01', '01', '12', '30', '30120', '003227400', '-', NULL, '-', 0, '', '', '2017-08-31', '29000', 1);
INSERT INTO `chospital` VALUES ('32275', 'คลินิกพัชราทันตแพทย์', '16', '8/15  ถนนรถไฟ1', NULL, '00', '01', '12', '30', '30120', '003227500', '-', NULL, '-', 0, '', '', '2017-08-31', '29000', 1);
INSERT INTO `chospital` VALUES ('32276', 'คลินิกทันตกรรมเดนท์สไมล์', '16', '328-330  ถนนรถไฟ1', NULL, '00', '01', '12', '30', '30120', '003227600', '-', NULL, '-', 0, '', '', '2017-08-31', '29000', 1);
INSERT INTO `chospital` VALUES ('32277', 'คลินิกปักธงชัยทันตกรรม', '16', '282/1  ถนนสืบศิริ', NULL, '11', '01', '14', '30', '30150', '003227700', '-', NULL, '-', 0, '', '', '2017-08-31', '29000', 1);
INSERT INTO `chospital` VALUES ('32278', 'คลินิกทันตแพทย์อัจฉรา', '16', '274/5  ถนนนิวาสวัฒนกิจ', NULL, '11', '01', '14', '30', '30150', '003227800', '-', NULL, '-', 0, '', '', '2017-09-08', '29000', 1);
INSERT INTO `chospital` VALUES ('32279', 'คลินิกทันตกรรมบ้านฟันยิ้ม', '16', '632/3 ', NULL, '01', '01', '14', '30', '30150', '003227900', '-', NULL, '-', 0, '', '', '2017-09-08', '29000', 1);
INSERT INTO `chospital` VALUES ('32280', 'คลินิกอนุวัฒน์ทันตแพทย์', '16', '24  ถนนเทศบาล15', NULL, '00', '01', '21', '30', '30130', '003228000', '-', NULL, '-', 0, '', '', '2017-09-08', '29000', 1);
INSERT INTO `chospital` VALUES ('32281', 'คลินิกชาญชัยทันตแพทย์', '16', '51  ถนนเทศบาล19', NULL, '00', '01', '21', '30', '30130', '003228100', '-', NULL, '-', 0, '', '', '2017-09-08', '29000', 1);
INSERT INTO `chospital` VALUES ('32282', 'คลินิกศูนย์ทันตกรรมโตเกียว', '16', '68  ถนนเทศบาล17', NULL, '00', '01', '21', '30', '30130', '003228200', '-', NULL, '-', 0, '', '', '2017-09-11', '29000', 1);
INSERT INTO `chospital` VALUES ('32283', 'คลินิกทันตแพทย์สิริพร', '16', '28/15  ถนนเทศบาล15', NULL, '00', '01', '21', '30', '30130', '003228300', '-', NULL, '-', 0, '', '', '2017-09-11', '29000', 1);
INSERT INTO `chospital` VALUES ('32284', 'คลินิกทันตแพทย์7117', '16', '108  ถนนเทศบาล19', NULL, '00', '01', '21', '30', '30130', '003228400', '-', NULL, '-', 0, '', '', '2017-09-11', '29000', 1);
INSERT INTO `chospital` VALUES ('32285', 'คลินิกทันตกรรมแฮปปี้สไมล์', '16', '118/58-59  ซอยกองวัคซีน  ถนนเทศบาล16', NULL, '00', '01', '21', '30', '30130', '003228500', '-', NULL, '-', 0, '', '', '2017-09-12', '29000', 1);
INSERT INTO `chospital` VALUES ('32286', 'คลินิกทีดีซีทันตกรรม', '16', '299/35', NULL, '18', '01', '21', '30', '30130', '003228600', '-', NULL, '-', 0, '', '', '2017-09-12', '29000', 1);
INSERT INTO `chospital` VALUES ('32287', 'ศูนย์ทันตกรรมคลินิกปากช่อง', '16', '25,27,29,31  ถนนเทศบาล19', NULL, '00', '01', '21', '30', '30130', '003228700', '-', NULL, '-', 0, '', '', '2017-09-12', '29000', 1);
INSERT INTO `chospital` VALUES ('32288', 'คลินิกทันตลักษณ์ทันตกรรม', '16', '71/10  ถนนมิตรภาพ', NULL, '00', '01', '21', '30', '30130', '003228800', '-', NULL, '-', 0, '', '', '2017-09-12', '29000', 1);
INSERT INTO `chospital` VALUES ('32290', 'คลินิกพิมายทันตกรรม', '16', '239 ', NULL, '14', '01', '15', '30', '30110', '003229000', '-', NULL, '-', 0, '', '', '2017-09-12', '29000', 1);
INSERT INTO `chospital` VALUES ('32291', 'คลินิกทันตกรรมแอทโฮม', '16', '1085', NULL, '13', '16', '01', '30', '30310', '003229100', '-', NULL, '-', 0, '', '', '2017-09-12', '29000', 1);
INSERT INTO `chospital` VALUES ('32292', 'ทันตแพทย์คลินิก', '16', '175  ถนนสุรนารี', NULL, '00', '01', '01', '30', '30000', '003229200', '-', NULL, '-', 0, '', '', '2017-09-12', '29000', 1);
INSERT INTO `chospital` VALUES ('32293', 'คลินิกดนัยทันตแพทย์', '16', '305  ถนนจอมพล', NULL, '00', '01', '01', '30', '30000', '003229300', '-', NULL, '-', 0, '', '', '2017-09-12', '29000', 1);
INSERT INTO `chospital` VALUES ('32294', 'คลินิกวีระเพ็ญทันตแพทย์', '16', '141-143   ถนนประจักษ์', NULL, '00', '01', '01', '30', '30000', '003229400', '-', NULL, '-', 0, '', '', '2017-09-12', '29000', 1);
INSERT INTO `chospital` VALUES ('32295', 'ทันตแพทย์คลินิกสาขาบัวรอง', '16', '2/4 ถนนบัวรอง', NULL, '00', '01', '01', '30', '30000', '003229500', '-', NULL, '-', 0, '', '', '2017-09-12', '29000', 1);
INSERT INTO `chospital` VALUES ('32296', 'คลินิกทันตแพทย์สมปอง', '16', '129/3  ถนนประจักษ์', NULL, '00', '01', '01', '30', '30000', '003229600', '-', NULL, '-', 0, '', '', '2017-09-12', '29000', 1);
INSERT INTO `chospital` VALUES ('32297', 'คลินิกทันตแพทย์พลศิลป์', '16', '114  ถนนบัวรอง', NULL, '00', '01', '01', '30', '30000', '003229700', '-', NULL, '-', 0, '', '', '2017-09-12', '29000', 1);
INSERT INTO `chospital` VALUES ('32298', 'คลินิกศูนย์ทันตแพทย์1991', '16', '565-567   ถนนจอมสุรางค์ยาตร์', NULL, '00', '01', '01', '30', '30000', '003229800', '-', NULL, '-', 0, '', '', '2017-09-12', '29000', 1);
INSERT INTO `chospital` VALUES ('32299', 'คลินิกทันตแพทย์อภิชาติ', '16', '122  ถนนสุรนารี', NULL, '00', '01', '01', '30', '30000', '003229900', '-', NULL, '-', 0, '', '', '2017-09-12', '29000', 1);
INSERT INTO `chospital` VALUES ('32300', 'คลินิกวารินทันตกรรม', '16', '112  ถนนมหาดไทย', NULL, '00', '01', '01', '30', '30000', '003230000', '-', NULL, '-', 0, '', '', '2017-09-12', '29000', 1);
INSERT INTO `chospital` VALUES ('32301', 'คลินิกทันตแพทย์จอมสุรางค์', '16', '61/5-6  ถนนจอมสุรางค์ยาตร', NULL, '00', '01', '01', '30', '30000', '003230100', '-', NULL, '-', 0, '', '', '2017-09-12', '29000', 1);
INSERT INTO `chospital` VALUES ('32302', 'คลินิกบ้านอัมพวัน(ทันตกรรม)', '16', '1792/4  ถนนมุขมนตรี', NULL, '00', '01', '01', '30', '30000', '003230200', '-', NULL, '-', 0, '', '', '2017-09-12', '29000', 1);
INSERT INTO `chospital` VALUES ('32303', 'อรพินท์ทันตคลินิก', '16', '354/1-2  ถนนสุรนารี', NULL, '00', '01', '01', '30', '30000', '003230300', '-', NULL, '-', 0, '', '', '2017-09-12', '29000', 1);
INSERT INTO `chospital` VALUES ('32304', 'คลินิกทันตกรรมออร์โธสไมล์ทันตแพทย์หญิงณุจิเรจ', '16', '1089  ถนนสุรนารายณ์', NULL, '00', '01', '01', '30', '30000', '003230400', '-', NULL, '-', 0, '', '', '2017-09-12', '29000', 1);
INSERT INTO `chospital` VALUES ('32305', 'คลินิกบ้านหมอฟัน(บัวรอง)', '16', '70/4   ถนนบัวรอง', NULL, '00', '01', '01', '30', '30000', '003230500', '-', NULL, '-', 0, '', '', '2017-09-12', '29000', 1);
INSERT INTO `chospital` VALUES ('32306', 'คลินิกทันตแพทย์ปริญญา', '16', '387-9  ถนนจอมพล', NULL, '00', '01', '01', '30', '30000', '003230600', '-', NULL, '-', 0, '', '', '2017-09-12', '29000', 1);
INSERT INTO `chospital` VALUES ('32307', 'ราชสีมาคลินิกทันตแพทย์', '16', '3/1  ถนนมิตรภาพ', NULL, '00', '01', '01', '30', '30000', '003230700', '-', NULL, '-', 0, '', '', '2017-10-10', '29000', 1);
INSERT INTO `chospital` VALUES ('32308', 'ฟันดีคลินิก(สาขาถนนสรรพสิทธิ์)', '16', '3/1  ถนนสรรพสิทธิ์', NULL, '00', '01', '01', '30', '30000', '003230800', '-', NULL, '-', 0, '', '', '2017-10-10', '29000', 1);
INSERT INTO `chospital` VALUES ('32309', 'คลินิกทันตกรรมแฟมิลี่', '16', '696-698  ถนนโพธิ์กลาง', NULL, '00', '01', '01', '30', '30000', '003230900', '-', NULL, '-', 0, '', '', '2017-10-10', '29000', 1);
INSERT INTO `chospital` VALUES ('32310', 'คลินิกสวนหมากทันตแพทย์', '16', '71  ถนนมนัส', NULL, '00', '01', '01', '30', '30000', '003231000', '-', NULL, '-', 0, '', '', '2017-10-10', '29000', 1);
INSERT INTO `chospital` VALUES ('32311', 'ร้านทำฟันจางฟุกซิน(ลักขณาทันตคลินิก)', '16', '152,154   ถนนโพธิ์กลาง', NULL, '00', '01', '01', '30', '30000', '003231100', '-', NULL, '-', 0, '', '', '2017-10-10', '29000', 1);
INSERT INTO `chospital` VALUES ('32312', 'คลินิกทันตแพทย์ศิริรัตน์-พงศ์พร', '16', '443/3  ถนนยมราช', NULL, '00', '01', '01', '30', '30000', '003231200', '-', NULL, '-', 0, '', '', '2017-10-10', '29000', 1);
INSERT INTO `chospital` VALUES ('32313', 'คลินิกบ้านหมอฟัน', '16', '269  ถนนสุรนารี', NULL, '00', '01', '01', '30', '30000', '003231300', '-', NULL, '-', 0, '', '', '2017-10-10', '29000', 1);
INSERT INTO `chospital` VALUES ('32314', 'คลินิกจอมพลทันตแพทย์', '16', '80  ถนนจอมพล', NULL, '00', '01', '01', '30', '30000', '003231400', '-', NULL, '-', 0, '', '', '2017-10-10', '29000', 1);
INSERT INTO `chospital` VALUES ('32315', 'คลินิกทันตแพทย์หญิงเอื้อมพร', '16', '79  ถนนมุขมนตรี', NULL, '00', '01', '01', '30', '30000', '003231500', '-', NULL, '-', 0, '', '', '2017-10-10', '29000', 1);
INSERT INTO `chospital` VALUES ('32316', 'คลินิกฟันสวย', '16', '1/1-3   ถนนมุขมนตรี', NULL, '00', '01', '01', '30', '30000', '003231600', '-', NULL, '-', 0, '', '', '2017-10-10', '29000', 1);
INSERT INTO `chospital` VALUES ('32317', 'เคหะทันตแพทย์คลินิก', '16', '305  ถนนมิตรภาพ', NULL, '00', '01', '01', '30', '30000', '003231700', '-', NULL, '-', 0, '', '', '2017-10-10', '29000', 1);
INSERT INTO `chospital` VALUES ('32318', 'คลินิกทันตแพทย์มณเทียร', '16', '181  ถนนมหาดไทย', NULL, '00', '01', '01', '30', '30000', '003231800', '-', NULL, '-', 0, '', '', '2017-10-10', '29000', 1);
INSERT INTO `chospital` VALUES ('32319', 'คลินิกราชสีมาทันตกรรม', '16', '10,12   ถนนมหาดไทย', NULL, '00', '01', '01', '30', '30000', '003231900', '-', NULL, '-', 0, '', '', '2017-10-10', '29000', 1);
INSERT INTO `chospital` VALUES ('32320', 'คลินิกฟันทันตแพทย์ยรรยง', '16', '311  ถนนสุรนารี', NULL, '00', '01', '01', '30', '30000', '003232000', '-', NULL, '-', 0, '', '', '2017-10-10', '29000', 1);
INSERT INTO `chospital` VALUES ('32321', 'คลินิกสืบศิริทันตแพทย์', '16', '360/4   ถนนสืบศิริ', NULL, '00', '01', '01', '30', '30000', '003232100', '-', NULL, '-', 0, '', '', '2017-10-10', '29000', 1);
INSERT INTO `chospital` VALUES ('32322', 'คลินิกบ้านฟันสวย', '16', '3  ถนนมิตรภาพ', NULL, '00', '01', '01', '30', '30000', '003232200', '-', NULL, '-', 0, '', '', '2017-10-10', '29000', 1);
INSERT INTO `chospital` VALUES ('32323', 'คลินิกบ้านหมอฟันถนนช้างเผือก', '16', '684/1   ถนนช้างเผือก', NULL, '00', '01', '01', '30', '30000', '003232300', '-', NULL, '-', 0, '', '', '2017-10-10', '29000', 1);
INSERT INTO `chospital` VALUES ('32324', 'คลินิกทันตกรรมจริงใจ', '16', '2566   ถนนเดชอุดม', NULL, '00', '01', '01', '30', '30000', '003232400', '-', NULL, '-', 0, '', '', '2017-10-10', '29000', 1);
INSERT INTO `chospital` VALUES ('32325', 'คลินิกทันตกรรมดีฟอร์ยู', '16', '277-279   ถนนจอมพล', NULL, '00', '01', '01', '30', '30000', '003232500', '-', NULL, '-', 0, '', '', '2017-10-10', '29000', 1);
INSERT INTO `chospital` VALUES ('32326', 'คลินิกทันตกรรมแฮปปี้สไมล์ทันตแพทย์หญิงพิมพลักษณ์', '16', '201   ถนนมิตรภาพ', NULL, '00', '01', '01', '30', '30000', '003232600', '-', NULL, '-', 0, '', '', '2017-10-10', '29000', 1);
INSERT INTO `chospital` VALUES ('32327', 'คลินิกทันตแพทย์สุรชาติ', '16', '361   ถนนพิบูลละเอียด', NULL, '00', '01', '01', '30', '30000', '003232700', '-', NULL, '-', 0, '', '', '2017-10-10', '29000', 1);
INSERT INTO `chospital` VALUES ('32328', 'ติกาหรังทันตแพทย์คลินิก', '16', '1202/1UnitD', NULL, '00', '01', '01', '30', '30000', '003232800', '-', NULL, '-', 0, '', '', '2017-10-10', '29000', 1);
INSERT INTO `chospital` VALUES ('32329', 'คลินิกทันตแพทย์ปิยตร์', '16', '132/4  ซอย15  ถนนมิตรภาพ', NULL, '00', '01', '01', '30', '30000', '003232900', '-', NULL, '-', 0, '', '', '2017-10-10', '29000', 1);
INSERT INTO `chospital` VALUES ('32330', 'คลินิกราชดำเนินทันตกรรม', '16', '722   ถนนราชดำเนิน', NULL, '00', '01', '01', '30', '30000', '003233000', '-', NULL, '-', 0, '', '', '2017-10-10', '29000', 1);
INSERT INTO `chospital` VALUES ('32331', 'อรพินท์ทันตคลินิกสาขา2', '16', '1119/2  ถนนสุรนารายณ์', NULL, '00', '01', '01', '30', '30000', '003233100', '-', NULL, '-', 0, '', '', '2017-10-10', '29000', 1);
INSERT INTO `chospital` VALUES ('32332', 'คลินิกทันตแพทย์วันทนา', '16', '257/7   ถนนยมราช', NULL, '00', '01', '01', '30', '30000', '003233200', '-', NULL, '-', 0, '', '', '2017-10-10', '29000', 1);
INSERT INTO `chospital` VALUES ('32333', 'คลินิกทันตกรรม', '16', '591/1   ถนนจอมสุรางค์ยาตร์', NULL, '00', '01', '01', '30', '30000', '003233300', '-', NULL, '-', 0, '', '', '2017-10-10', '29000', 1);
INSERT INTO `chospital` VALUES ('32334', 'คลินิกทันตแพทย์วิชัย', '16', '1/1  ซอยเสาธง  ถนนมุขมนตรี', NULL, '00', '01', '01', '30', '30000', '003233400', '-', NULL, '-', 0, '', '', '2017-10-10', '29000', 1);
INSERT INTO `chospital` VALUES ('32335', 'คลินิกบัญชาทันตแพทย์', '16', '259  ถนนอัษฎางค์', NULL, '00', '01', '01', '30', '30000', '003233500', '-', NULL, '-', 0, '', '', '2017-10-10', '29000', 1);
INSERT INTO `chospital` VALUES ('32336', 'คลินิกทันตแพทย์สมปอง(สาขาเดอะมอลล์นครราชสีมา)', '16', '1242/2   ถนนมิตรภาพ', NULL, '00', '01', '01', '30', '30000', '003233600', '-', NULL, '-', 0, '', '', '2017-10-17', '29000', 1);
INSERT INTO `chospital` VALUES ('32337', 'คลินิกทันตกรรมบ้านช้างเผือก', '16', '225/4  ถนนมนัส', NULL, '00', '01', '01', '30', '30000', '003233700', '-', NULL, '-', 0, '', '', '2017-10-17', '29000', 1);
INSERT INTO `chospital` VALUES ('32338', 'คลินิกอภิชาติทันตแพทย์', '16', '6  ถนนเดชอุดม', NULL, '00', '01', '01', '30', '30000', '003233800', '-', NULL, '-', 0, '', '', '2017-10-17', '29000', 1);
INSERT INTO `chospital` VALUES ('32339', 'คลินิกทันตกรรมเดนทอลอาร์ต', '16', '1195/13-14   ถนนมิตรภาพ', NULL, '00', '01', '01', '30', '30000', '003233900', '-', NULL, '-', 0, '', '', '2017-10-17', '29000', 1);
INSERT INTO `chospital` VALUES ('32340', 'คลินิกทันตกรรมไอสไมล์', '16', '939/10  ถนนสุรนารายณ์', NULL, '01', '12', '01', '30', '30000', '003234000', '-', NULL, '-', 0, '', '', '2017-10-17', '29000', 1);
INSERT INTO `chospital` VALUES ('32341', 'คลินิกสุขภาพฟัน', '16', '265  ถนนพิบูลละเอียด', NULL, '00', '10', '01', '30', '30000', '003234100', '-', NULL, '-', 0, '', '', '2017-10-17', '29000', 1);
INSERT INTO `chospital` VALUES ('32342', 'คลินิกทันตแพทย์ปาริชาติ', '16', '567/5   ถนนพิบูลละเอียด', NULL, '07', '10', '01', '30', '30000', '003234200', '-', NULL, '-', 0, '', '', '2017-10-17', '29000', 1);
INSERT INTO `chospital` VALUES ('32343', 'คลินิกทันตแพทย์จอนสัน', '16', '281/2  ถนนสิริราชธานี', NULL, '09', '08', '01', '30', '30000', '003234300', '-', NULL, '-', 0, '', '', '2017-10-25', '29000', 1);
INSERT INTO `chospital` VALUES ('32344', 'คลินิกศิริทันตกรรม', '16', '1269 ถนนราชสีมา-โชคชัย', NULL, '01', '11', '01', '30', '30000', '003234400', '-', NULL, '-', 0, '', '', '2017-10-25', '29000', 1);
INSERT INTO `chospital` VALUES ('32345', 'คลินิกทันตแพทย์จันทิกา', '16', '157  ถนนผาสุก', NULL, '15', '01', '20', '30', '30140', '003234500', '-', NULL, '-', 0, '', '', '2017-10-25', '29000', 1);
INSERT INTO `chospital` VALUES ('32346', 'คลินิกทันตแพทย์สุวิช', '16', '289/8 ถนนชุมเค้า', NULL, '09', '01', '20', '30', '30140', '003234600', '-', NULL, '-', 0, '', '', '2017-10-25', '29000', 1);
INSERT INTO `chospital` VALUES ('32347', 'คลินิกทันตแพทย์บงกช', '16', '459  ถนนสีคิ้ว-ด่านขุนทด', NULL, '02', '01', '20', '30', '30140', '003234700', '-', NULL, '-', 0, '', '', '2017-10-25', '29000', 1);
INSERT INTO `chospital` VALUES ('32348', 'คลินิกทันตกรรมสูงเนิน', '16', '663/16  ถนนมิตรสัมพันธ์', NULL, '00', '01', '18', '30', '30170', '003234800', '-', NULL, '-', 0, '', '', '2017-10-25', '29000', 1);
INSERT INTO `chospital` VALUES ('32349', 'คลินิกทันตกรรมบ้านฟันสวย', '16', '309', NULL, '15', '04', '22', '30', '30410', '003234900', '-', NULL, '-', 0, '', '', '2017-10-25', '29000', 1);
INSERT INTO `chospital` VALUES ('32350', 'คลินิกบ้านหมอฟัน', '16', '58/1  ถนนหน้าสถานีรถไฟ', NULL, '01', '01', '16', '30', '30240', '003235000', '-', NULL, '-', 0, '', '', '2017-10-25', '29000', 1);
INSERT INTO `chospital` VALUES ('32352', 'คลินิกเพชรีการพยาบาลและการผดุงครรภ์', '16', '99', NULL, '01', '04', '19', '30', '30280', '003235200', '-', NULL, '-', 0, '', '', '2017-10-25', '29000', 1);
INSERT INTO `chospital` VALUES ('32353', 'คลินิกทิพวัลย์การพยาบาลและการผดุงครรภ์', '16', '356 ', NULL, '06', '04', '19', '30', '30280', '003235300', '-', NULL, '-', 0, '', '', '2017-10-25', '29000', 1);
INSERT INTO `chospital` VALUES ('32354', 'คลินิกสายไหมการพยาบาลและการผดุงครรภ์', '16', '276', NULL, '01', '01', '11', '30', '30290', '003235400', '-', NULL, '-', 0, '', '', '2017-10-25', '29000', 1);
INSERT INTO `chospital` VALUES ('32355', 'คลินิกลดาวัลย์การพยาบาลและการผดุงครรภ์', '16', '326', NULL, '01', '01', '11', '30', '30290', '003235500', '-', NULL, '-', 0, '', '', '2017-10-25', '29000', 1);
INSERT INTO `chospital` VALUES ('32356', 'คลินิกเอกลักษณ์การพยาบาลและผดุงครรภ์', '16', '34', NULL, '04', '01', '11', '30', '30290', '003235600', '-', NULL, '-', 0, '', '', '2017-10-25', '29000', 1);
INSERT INTO `chospital` VALUES ('32357', 'คลินิกขามสะแกแสงการพยาบาลและผดุงครรภ์', '16', '508/5', NULL, '01', '01', '11', '30', '30290', '003235700', '-', NULL, '-', 0, '', '', '2017-10-25', '29000', 1);
INSERT INTO `chospital` VALUES ('32358', 'คลินิกประภาพรการพยาบาลและการผดุงครรภ์', '16', '181', NULL, '01', '01', '11', '30', '30290', '003235800', '-', NULL, '-', 0, '', '', '2017-10-25', '29000', 1);
INSERT INTO `chospital` VALUES ('32359', 'คลินิกปราณิสาการพยาบาลและการผดุงครรภ์', '16', '198 ', NULL, '02', '05', '11', '30', '30290', '003235900', '-', NULL, '-', 0, '', '', '2017-10-27', '29000', 1);
INSERT INTO `chospital` VALUES ('32360', 'คลินิกหาญอนุสรณ์การพยาบาลและการผดุงครรภ์', '16', '227', NULL, '05', '06', '11', '30', '30290', '003236000', '-', NULL, '-', 0, '', '', '2017-10-27', '29000', 1);
INSERT INTO `chospital` VALUES ('32361', 'คลินิกชลธิชาการพยาบาลและการผดุงครรภ์', '16', '277', NULL, '05', '06', '11', '30', '30290', '003236100', '-', NULL, '-', 0, '', '', '2017-10-27', '29000', 1);
INSERT INTO `chospital` VALUES ('32362', 'คลินิกหนองหัวฟานการพยาบาลและผดุงครรภ์', '16', '275', NULL, '05', '06', '11', '30', '30290', '003236200', '-', NULL, '-', 0, '', '', '2017-10-27', '29000', 1);
INSERT INTO `chospital` VALUES ('32363', 'คลินิกกชนิภาการพยาบาลและการผดุงครรภ์', '16', '196', NULL, '01', '04', '04', '30', '30260', '003236300', '-', NULL, '-', 0, '', '', '2017-10-27', '29000', 1);
INSERT INTO `chospital` VALUES ('32364', 'คลินิกสุกฤตาการพยาบาลและการผดุงครรภ์', '16', '50', NULL, '01', '05', '04', '30', '30260', '003236400', '-', NULL, '-', 0, '', '', '2017-10-27', '29000', 1);
INSERT INTO `chospital` VALUES ('32365', 'คลินิกจันทร์ศรีการพยาบาลและการผดุงครรภ์', '16', '31  ถนนเทศบาล1', NULL, '08', '01', '04', '30', '30260', '003236500', '-', NULL, '-', 0, '', '', '2017-10-27', '29000', 1);
INSERT INTO `chospital` VALUES ('32368', 'คลินิกแหม่มการพยาบาลและผดุงครรภ์', '16', '127', NULL, '07', '01', '04', '30', '30260', '003236800', '-', NULL, '-', 0, '', '', '2017-10-27', '29000', 1);
INSERT INTO `chospital` VALUES ('32369', 'คลินิกกรรณิการ์พยาบาลและการผดุงครรภ์', '16', '233/2', NULL, '08', '01', '04', '30', '30260', '003236900', '-', NULL, '-', 0, '', '', '2017-10-27', '29000', 1);
INSERT INTO `chospital` VALUES ('32371', 'คลินิกผินการพยาบาลและการผดุงครรภ์', '16', '103', NULL, '01', '05', '02', '30', '30250', '003237100', '-', NULL, '-', 0, '', '', '2017-10-27', '29000', 1);
INSERT INTO `chospital` VALUES ('32372', 'ครบุรีคลินิกการพยาบาลและผดุงครรภ์', '16', '362   ถนนราษฎรพัฒนา', NULL, '04', '01', '02', '30', '30250', '003237200', '-', NULL, '-', 0, '', '', '2017-10-27', '29000', 1);
INSERT INTO `chospital` VALUES ('32373', 'คลินิกเต็มดวงการพยาบาลและผดุงครรภ์', '16', '64', NULL, '00', '09', '02', '30', '30250', '003237300', '-', NULL, '-', 0, '', '', '2017-10-27', '29000', 1);
INSERT INTO `chospital` VALUES ('32374', 'คลินิกสุทธิพรการพยาบาลและการผดุงครรภ์', '16', '203', NULL, '07', '12', '02', '30', '30250', '003237400', '-', NULL, '-', 0, '', '', '2017-10-27', '29000', 1);
INSERT INTO `chospital` VALUES ('32375', 'คลินิกผกายกุลการพยาบาลและการผดุงครรภ์', '16', '454', NULL, '04', '01', '06', '30', '30230', '003237500', '-', NULL, '-', 0, '', '', '2017-10-27', '29000', 1);
INSERT INTO `chospital` VALUES ('32376', 'คลินิกศรีสุดาการพยาบาลและการผดุงครรภ์', '16', '67', NULL, '04', '01', '06', '30', '30230', '003237600', '-', NULL, '-', 0, '', '', '2017-10-27', '29000', 1);
INSERT INTO `chospital` VALUES ('32377', 'คลินิกสุดคนึงการพยาบาลและผดุงครรภ์', '16', '26  ถนนเทศบาล3', NULL, '04', '01', '06', '30', '30230', '003237700', '-', NULL, '-', 0, '', '', '2017-10-27', '29000', 1);
INSERT INTO `chospital` VALUES ('32378', 'คลินิกจินตนาการผดุงครรภ์', '16', '117', NULL, '08', '05', '06', '30', '30230', '003237800', '-', NULL, '-', 0, '', '', '2017-10-27', '29000', 1);
INSERT INTO `chospital` VALUES ('32379', 'คลินิกรุ่งฤดีการผดุงครรภ์', '16', '136/1', NULL, '08', '07', '06', '30', '30230', '003237900', '-', NULL, '-', 0, '', '', '2017-10-27', '29000', 1);
INSERT INTO `chospital` VALUES ('32381', 'คลินิกมยุรีการพยาบาลและการผดุงครรภ์', '16', '22/5', NULL, '02', '07', '06', '30', '30230', '003238100', '-', NULL, '-', 0, '', '', '2017-10-27', '29000', 1);
INSERT INTO `chospital` VALUES ('32382', 'คลินิกสุภาพรการพยาบาลและการผดุงครรภ์', '16', '92', NULL, '00', '13', '06', '30', '30230', '003238200', '-', NULL, '-', 0, '', '', '2017-10-27', '29000', 1);
INSERT INTO `chospital` VALUES ('32383', 'คลินิกศรัญญาการพยาบาลและการผดุงครรภ์', '16', '84', NULL, '03', '13', '06', '30', '30230', '003238300', '-', NULL, '-', 0, '', '', '2017-10-27', '29000', 1);
INSERT INTO `chospital` VALUES ('32385', 'คลินิกยินดีสาขาการพยาบาลและการผดุงครรภ์', '16', '143', NULL, '04', '03', '32', '30', '30230', '003238500', '-', NULL, '-', 0, '', '', '2017-10-27', '29000', 1);
INSERT INTO `chospital` VALUES ('32387', 'เกตน์สิรีคลินิกการพยาบาลและการผดุงครรภ์', '16', '4/1  ถนนเทศบาล1', NULL, '11', '01', '17', '30', '30270', '003238700', '-', NULL, '-', 0, '', '', '2017-10-27', '29000', 1);
INSERT INTO `chospital` VALUES ('32388', 'คลินิกอิสริยาการพยาบาลและการผดุงครรภ์', '16', '280', NULL, '01', '03', '17', '30', '30270', '003238800', '-', NULL, '-', 0, '', '', '2017-10-27', '29000', 1);
INSERT INTO `chospital` VALUES ('32389', 'คลินิกหทัยรัตน์การพยาบาลและการผดุงครรภ์', '16', '60/1  ', NULL, '10', '08', '07', '30', '30190', '003238900', '-', NULL, '-', 0, '', '', '2017-10-27', '29000', 1);
INSERT INTO `chospital` VALUES ('32390', 'คลินิกปฏิญญาการพยาบาลและผดุงครรภ์', '16', '5', NULL, '02', '10', '07', '30', '30190', '003239000', '-', NULL, '-', 0, '', '', '2017-10-27', '29000', 1);
INSERT INTO `chospital` VALUES ('32391', 'คลินิกประไพการพยาบาลและการผดุงครรภ์', '16', '53', NULL, '02', '10', '07', '30', '30190', '003239100', '-', NULL, '-', 0, '', '', '2017-10-27', '29000', 1);
INSERT INTO `chospital` VALUES ('32392', 'คลินิกณัฐกาลการพยาบาลและการผดุงครรภ์', '16', '52', NULL, '09', '07', '07', '30', '30190', '003239200', '-', NULL, '-', 0, '', '', '2017-10-27', '29000', 1);
INSERT INTO `chospital` VALUES ('32393', 'คลินิกประภาพรการพยาบาลและผดุงครรภ์', '16', '222/2', NULL, '09', '07', '07', '30', '30190', '003239300', '-', NULL, '-', 0, '', '', '2017-10-27', '29000', 1);
INSERT INTO `chospital` VALUES ('32394', 'คลินิกเจนจิราการพยาบาลและการผดุงครรภ์', '16', '29/2', NULL, '07', '04', '07', '30', '30190', '003239400', '-', NULL, '-', 0, '', '', '2017-10-27', '29000', 1);
INSERT INTO `chospital` VALUES ('32395', 'คลินิกจันทนาการพยาบาลและการผดุงครรภ์', '16', '372', NULL, '07', '05', '08', '30', '30210', '003239500', '-', NULL, '-', 0, '', '', '2017-10-27', '29000', 1);
INSERT INTO `chospital` VALUES ('32396', 'หงษ์สกุลการพยาบาลและการผดุงครรภ์', '16', '170  ซอยกลาง ถนนสีคิ้ว-ชัยภูมิ', NULL, '02', '05', '08', '30', '30210', '003239600', '-', NULL, '-', 0, '', '', '2017-10-27', '29000', 1);
INSERT INTO `chospital` VALUES ('32397', 'คลินิกศิริพรการพยาบาลและการผดุงครรภ์', '16', '187', NULL, '02', '17', '08', '30', '30210', '003239700', '-', NULL, '-', 0, '', '', '2017-10-27', '29000', 1);
INSERT INTO `chospital` VALUES ('32398', 'บ้านแปรงคลินิกการพยาบาลและผดุงครรภ์', '16', '283', NULL, '11', '07', '08', '30', '30210', '003239800', '-', NULL, '-', 0, '', '', '2017-10-27', '29000', 1);
INSERT INTO `chospital` VALUES ('32399', 'คลินิกกัญยาการพยาบาลและการผดุงครรภ์', '16', '105-106', NULL, '15', '15', '08', '30', '30210', '003239900', '-', NULL, '-', 0, '', '', '2017-10-27', '29000', 1);
INSERT INTO `chospital` VALUES ('32400', 'คลินิกวิภาวรรณการพยาบาลและการผดุงครรภ์', '16', '270', NULL, '15', '15', '08', '30', '30210', '003240000', '-', NULL, '-', 0, '', '', '2017-10-27', '29000', 1);
INSERT INTO `chospital` VALUES ('32401', 'คลินิกเกรซการพยาบาลและการผดุงครรภ์', '16', '241', NULL, '16', '01', '26', '30', '30210', '003240100', '-', NULL, '-', 0, '', '', '2017-10-27', '29000', 1);
INSERT INTO `chospital` VALUES ('32402', 'คลินิกศิริทรัพย์การพยาบาลและผดุงครรภ์', '16', '77  ถนนเจนจบทิศ', NULL, '15', '01', '24', '30', '30360', '003240200', '-', NULL, '-', 0, '', '', '2017-10-27', '29000', 1);
INSERT INTO `chospital` VALUES ('32403', 'คลินิกอรนันท์การพยาบาลและผดุงครรภ์', '16', '9  ถนนเจนจบทิศ', NULL, '15', '01', '24', '30', '30360', '003240300', '-', NULL, '-', 0, '', '', '2017-10-27', '29000', 1);
INSERT INTO `chospital` VALUES ('32404', 'คลินิกศศิริญจ์การพยาบาลและผดุงครรภ์', '16', '196  ถนนเจนจบทิศ', NULL, '15', '01', '24', '30', '30360', '003240400', '-', NULL, '-', 0, '', '', '2017-10-27', '29000', 1);
INSERT INTO `chospital` VALUES ('32405', 'คลินิกการพยาบาลและการผดุงครรภ์โนนตาเถร', '16', '126', NULL, '09', '02', '24', '30', '30360', '003240500', '-', NULL, '-', 0, '', '', '2017-10-27', '29000', 1);
INSERT INTO `chospital` VALUES ('32406', 'คลินิกโคกใหญ่การพยาบาลและการผดุงครรภ์', '16', '33', NULL, '11', '02', '24', '30', '30360', '003240600', '-', NULL, '-', 0, '', '', '2017-10-27', '29000', 1);
INSERT INTO `chospital` VALUES ('32407', 'คลินิกสุมาลีการพยาบาลและการผดุงครรภ์', '16', '236  ถนนสุรนารายณ์', NULL, '01', '02', '09', '30', '30220', '003240700', '-', NULL, '-', 0, '', '', '2017-10-27', '29000', 1);
INSERT INTO `chospital` VALUES ('32408', 'คลินิกเบญจรัตน์การพยาบาลและการผดุงครรภ์', '16', '97', NULL, '01', '02', '09', '30', '30220', '003240800', '-', NULL, '-', 0, '', '', '2017-10-27', '29000', 1);
INSERT INTO `chospital` VALUES ('32409', 'คลินิกอารีย์ผดุงครรภ์', '16', '113', NULL, '01', '02', '09', '30', '30220', '003240900', '-', NULL, '-', 0, '', '', '2017-10-27', '29000', 1);
INSERT INTO `chospital` VALUES ('32410', 'คลินิกอรสาการพยาบาลและผดุงครรภ์', '16', '64', NULL, '04', '02', '09', '30', '30220', '003241000', '-', NULL, '-', 0, '', '', '2017-10-27', '29000', 1);
INSERT INTO `chospital` VALUES ('32411', 'คลินิกมะลิวัลย์การพยาบาลและผดุงครรภ์', '16', '125  ถนนสุรนารายณ์', NULL, '04', '01', '09', '30', '30220', '003241100', '-', NULL, '-', 0, '', '', '2017-10-27', '29000', 1);
INSERT INTO `chospital` VALUES ('32412', 'คลินิกศศิธรการพยาบาลและผดุงครรภ์', '16', '962', NULL, '01', '01', '09', '30', '30220', '003241200', '-', NULL, '-', 0, '', '', '2017-10-27', '29000', 1);
INSERT INTO `chospital` VALUES ('32413', 'คลินิกมะลิซ้อนการพยาบาลและผดุงครรภ์', '16', '45', NULL, '08', '07', '09', '30', '30220', '003241300', '-', NULL, '-', 0, '', '', '2017-10-27', '29000', 1);
INSERT INTO `chospital` VALUES ('32414', 'คลินิกสุนีย์การพยาบาลและผดุงครรภ์', '16', '203', NULL, '10', '14', '09', '30', '30220', '003241400', '-', NULL, '-', 0, '', '', '2017-10-27', '29000', 1);
INSERT INTO `chospital` VALUES ('32415', 'คลินิกประหยัดการพยาบาลและการผดุงครรภ์', '16', '240  ถนนสุรนารายณ์', NULL, '04', '08', '09', '30', '30220', '003241500', '-', NULL, '-', 0, '', '', '2017-10-27', '29000', 1);
INSERT INTO `chospital` VALUES ('32416', 'คลินิกโคกสวายการพยาบาลและการผดุงครรภ์', '16', '21  ถนนสุรนารายณ์', NULL, '04', '08', '09', '30', '30220', '003241600', '-', NULL, '-', 0, '', '', '2017-10-27', '29000', 1);
INSERT INTO `chospital` VALUES ('32417', 'คลินิกสายฝนการผดุงครรภ์', '16', '43 ', NULL, '02', '04', '09', '30', '30220', '003241700', '-', NULL, '-', 0, '', '', '2017-10-27', '29000', 1);
INSERT INTO `chospital` VALUES ('32418', 'คลินิกดอนหวายการพยาบาลและผดุงครรภ์', '16', '3/1', NULL, '01', '15', '10', '30', '30160', '003241800', '-', NULL, '-', 0, '', '', '2017-10-27', '29000', 1);
INSERT INTO `chospital` VALUES ('32419', 'คลินิกนิสราการพยาบาลและการผดุงครรภ์', '16', '38', NULL, '12', '06', '10', '30', '30420', '003241900', '-', NULL, '-', 0, '', '', '2017-10-27', '29000', 1);
INSERT INTO `chospital` VALUES ('32420', 'สมพรการพยาบาลและการผดุงครรภ์', '16', '145 ', NULL, '06', '06', '10', '30', '30420', '003242000', '-', NULL, '-', 0, '', '', '2017-10-27', '29000', 1);
INSERT INTO `chospital` VALUES ('32422', 'คลินิกเสาวลักษณ์การพยาบาลและการผดุงครรภ์', '16', '106  ถนนศรีธานี', NULL, '00', '01', '10', '30', '30160', '003242200', '-', NULL, '-', 0, '', '', '2017-10-27', '29000', 1);
INSERT INTO `chospital` VALUES ('32423', 'คลินิกนัชชาการพยาบาลและผดุงครรภ์', '16', '214  ถนนศรีธานี', NULL, '00', '01', '10', '30', '30160', '003242300', '-', NULL, '-', 0, '', '', '2017-10-27', '29000', 1);
INSERT INTO `chospital` VALUES ('32424', 'คลินิกพิชญ์สินี', '16', '26  ถนนบ้านเพิ่ม', NULL, '00', '01', '10', '30', '30160', '003242400', '-', NULL, '-', 0, '', '', '2017-11-01', '29000', 1);
INSERT INTO `chospital` VALUES ('32425', 'สมจิตการพยาบาลและการผดุงครรภ์', '16', '70  ถนนสำราญราษฎร์', NULL, '00', '01', '10', '30', '30160', '003242500', '-', NULL, '-', 0, '', '', '2017-11-01', '29000', 1);
INSERT INTO `chospital` VALUES ('32427', 'คลินิกรุจิราการพยาบาลและการผดุงครรภ์', '16', '62/1', NULL, '04', '04', '10', '30', '30160', '003242700', '-', NULL, '-', 0, '', '', '2017-11-01', '29000', 1);
INSERT INTO `chospital` VALUES ('32428', 'คลินิกวริวรรณการพยาบาลและการผดุงครรภ์', '16', '241', NULL, '01', '09', '10', '30', '30160', '003242800', '-', NULL, '-', 0, '', '', '2017-11-01', '29000', 1);
INSERT INTO `chospital` VALUES ('32429', 'คลินิกกาญจนาการพยาบาลและผดุงครรภ์', '16', '116/2', NULL, '01', '09', '10', '30', '30160', '003242900', '-', NULL, '-', 0, '', '', '2017-11-01', '29000', 1);
INSERT INTO `chospital` VALUES ('32430', 'คลินิกบัวลายการพยาบาลและผดุงครรภ์', '16', '9', NULL, '09', '03', '30', '30', '30120', '003243000', '-', NULL, '-', 0, '', '', '2017-11-01', '29000', 1);
INSERT INTO `chospital` VALUES ('32431', 'จันทิมาคลินิกพยาบาลและผดุงครรภ์', '16', '92', NULL, '09', '03', '30', '30', '30120', '003243100', '-', NULL, '-', 0, '', '', '2017-11-01', '29000', 1);
INSERT INTO `chospital` VALUES ('32432', 'คลินิกศรีบัวลายการพยาบาลและการผดุงครรภ์', '16', '121/1  ถนนบูรพาภิรมย์', NULL, '11', '03', '30', '30', '30120', '003243200', '-', NULL, '-', 0, '', '', '2017-11-01', '29000', 1);
INSERT INTO `chospital` VALUES ('32433', 'คลินิกอรุณีการพยาบาลและการผดุงครรภ์', '16', '115', NULL, '01', '20', '12', '30', '30120', '003243300', '-', NULL, '-', 0, '', '', '2017-11-01', '29000', 1);
INSERT INTO `chospital` VALUES ('32434', 'คลินิกบัวใหญ่การพยาบาลและผดุงครรภ์', '16', '92  ถนนรถไฟ1', NULL, '00', '01', '12', '30', '30120', '003243400', '-', NULL, '-', 0, '', '', '2017-11-01', '29000', 1);
INSERT INTO `chospital` VALUES ('32435', 'คลินิกประกายดาวการพยาบาลและผดุงครรภ์', '16', '23/1', NULL, '02', '03', '05', '30', '30350', '003243500', '-', NULL, '-', 0, '', '', '2017-11-01', '29000', 1);
INSERT INTO `chospital` VALUES ('32436', 'คลินิกศิรินทร์ทิพย์การพยาบาลและการผดุงครรภ์', '16', '133', NULL, '04', '03', '05', '30', '30350', '003243600', '-', NULL, '-', 0, '', '', '2017-11-01', '29000', 1);
INSERT INTO `chospital` VALUES ('32437', 'คลินิกเสาวภาการพยาบาลและการผดุงครรภ์', '16', '219 ', NULL, '02', '01', '05', '30', '30350', '003243700', '-', NULL, '-', 0, '', '', '2017-11-01', '29000', 1);
INSERT INTO `chospital` VALUES ('32438', 'คลินิกวรัญญาการพยาบาลและการผดุงครรภ์', '16', '107', NULL, '05', '13', '13', '30', '30180', '003243800', '-', NULL, '-', 0, '', '', '2017-11-01', '29000', 1);
INSERT INTO `chospital` VALUES ('32439', 'อัมพิกาการพยาบาลและการผดุงครรภ์', '16', '115', NULL, '16', '01', '13', '30', '30180', '003243900', '-', NULL, '-', 0, '', '', '2017-11-02', '29000', 1);
INSERT INTO `chospital` VALUES ('32440', 'คลินิกอำนาจการพยาบาลและผดุงครรภ์', '16', '85', NULL, '05', '03', '14', '30', '30150', '003244000', '-', NULL, '-', 0, '', '', '2017-11-02', '29000', 1);
INSERT INTO `chospital` VALUES ('32441', 'คลินิกวัชราภรณ์การผดุงครรภ์', '16', '91/1', NULL, '03', '10', '14', '30', '30150', '003244100', '-', NULL, '-', 0, '', '', '2017-11-02', '29000', 1);
INSERT INTO `chospital` VALUES ('32442', 'คลินิกยุพินการพยาบาลและผดุงครรภ์', '16', '202', NULL, '12', '10', '14', '30', '30150', '003244200', '-', NULL, '-', 0, '', '', '2017-11-02', '29000', 1);
INSERT INTO `chospital` VALUES ('32443', 'คลินิกนพอำไพการพยาบาลและการผดุงครรภ์', '16', '68', NULL, '01', '10', '14', '30', '30150', '003244300', '-', NULL, '-', 0, '', '', '2017-11-02', '29000', 1);
INSERT INTO `chospital` VALUES ('32444', 'คลินิกสำลีการพยาบาลและผดุงครรภ์', '16', '61', NULL, '02', '07', '14', '30', '30150', '003244400', '-', NULL, '-', 0, '', '', '2017-11-02', '29000', 1);
INSERT INTO `chospital` VALUES ('32445', 'คลินิกวิโรจน์การพยาบาลและผดุงครรภ์', '16', '43/1', NULL, '01', '05', '14', '30', '30150', '003244500', '-', NULL, '-', 0, '', '', '2017-11-02', '29000', 1);
INSERT INTO `chospital` VALUES ('32446', 'คลินิกรัฐน้อมการพยาบาลและการผดุงครรภ์', '16', '639', NULL, '01', '05', '14', '30', '30150', '003244600', '-', NULL, '-', 0, '', '', '2017-11-02', '29000', 1);
INSERT INTO `chospital` VALUES ('32448', 'คลินิกชลลดาการพยาบาลและการผดุงครรภ์', '16', '19', NULL, '10', '06', '14', '30', '30150', '003244800', '-', NULL, '-', 0, '', '', '2017-11-02', '29000', 1);
INSERT INTO `chospital` VALUES ('32450', 'คลินิกเทพธงชัยการพยาบาลและผดุงครรภ์', '16', '91  ถนนสืบศิริ', NULL, '14', '01', '14', '30', '30150', '003245000', '-', NULL, '-', 0, '', '', '2017-11-02', '29000', 1);
INSERT INTO `chospital` VALUES ('32451', 'คลินิกสุรชาติสถานผดุงครรภ์', '16', '139/1', NULL, '01', '01', '14', '30', '30150', '003245100', '-', NULL, '-', 0, '', '', '2017-11-02', '29000', 1);
INSERT INTO `chospital` VALUES ('32452', 'คลินิกสร้อยสุดาการพยาบาลและการผดุงครรภ์', '16', '599/2  ถนนศรีพลรัตน์', NULL, '10', '01', '14', '30', '30150', '003245200', '-', NULL, '-', 0, '', '', '2017-11-02', '29000', 1);
INSERT INTO `chospital` VALUES ('32453', 'คลินิกรุจิราการพยาบาลและการผดุงครรภ์', '16', '46  ถนนสืบศิริ', NULL, '12', '01', '14', '30', '30150', '003245300', '-', NULL, '-', 0, '', '', '2017-11-02', '29000', 1);
INSERT INTO `chospital` VALUES ('32454', 'คลินิกมะลิวัลย์การพยาบาลและผดุงครรภ์', '16', '39', NULL, '12', '02', '21', '30', '30130', '003245400', '-', NULL, '-', 0, '', '', '2017-11-02', '29000', 1);
INSERT INTO `chospital` VALUES ('32455', 'คลินิกชมภูนุชการพยาบาลและการผดุงครรภ์', '16', '1', NULL, '06', '02', '21', '30', '30320', '003245500', '-', NULL, '-', 0, '', '', '2017-11-02', '29000', 1);
INSERT INTO `chospital` VALUES ('32456', 'คลินิกยุพินการพยาบาลและผดุงครรภ์', '16', '8  ถนนมิตรภาพ', NULL, '07', '02', '21', '30', '30320', '003245600', '-', NULL, '-', 0, '', '', '2017-11-02', '29000', 1);
INSERT INTO `chospital` VALUES ('32457', 'คลินิกสุพิศการพยาบาลและการผดุงครรภ์', '16', '135/6', NULL, '05', '09', '21', '30', '30130', '003245700', '-', NULL, '-', 0, '', '', '2017-11-02', '29000', 1);
INSERT INTO `chospital` VALUES ('32458', 'คลินิกกชนิภาการพยาบาลและผดุงครรภ์', '16', '256  ถนนหนองสาหร่าย-ระเริง', NULL, '04', '09', '21', '30', '30130', '003245800', '-', NULL, '-', 0, '', '', '2017-11-02', '29000', 1);
INSERT INTO `chospital` VALUES ('32459', 'คลินิกสายชลการพยาบาลและการผดุงครรภ์', '16', '91', NULL, '18', '09', '21', '30', '30130', '003245900', '-', NULL, '-', 0, '', '', '2017-11-02', '29000', 1);
INSERT INTO `chospital` VALUES ('32460', 'คลินิกอัญชลีการพยาบาลและการผดุงครรภ์', '16', '35/3  ถนนปากช่อง-ระเริง', NULL, '05', '09', '21', '30', '30130', '003246000', '-', NULL, '-', 0, '', '', '2017-11-02', '29000', 1);
INSERT INTO `chospital` VALUES ('32461', 'คลินิกวิภาการพยาบาลและผดุงครรภ์', '16', '83/3  ถนนปากช่อง-ลำสมพุง', NULL, '01', '03', '21', '30', '30130', '003246100', '-', NULL, '-', 0, '', '', '2017-11-02', '29000', 1);
INSERT INTO `chospital` VALUES ('32462', 'คลินิกทัศนีย์การพยาบาลและผดุงครรภ์', '16', '49 ซอยตลาดแขก  ถนนมิตรภาพ', NULL, '00', '01', '21', '30', '30130', '003246200', '-', NULL, '-', 0, '', '', '2017-11-02', '29000', 1);
INSERT INTO `chospital` VALUES ('32463', 'คลินิกสมนึกการพยาบาลและผดุงครรภ์', '16', '1/2', NULL, '02', '08', '21', '30', '30130', '003246300', '-', NULL, '-', 0, '', '', '2017-11-07', '29000', 1);
INSERT INTO `chospital` VALUES ('32464', 'คลินิกอุดมศิลป์การพยาบาลและการผดุงครรภ์', '16', '267/1', NULL, '04', '01', '21', '30', '30130', '003246400', '-', NULL, '-', 0, '', '', '2017-11-07', '29000', 1);
INSERT INTO `chospital` VALUES ('32465', 'คลินิกพรพักตร์การพยาบาลและการผดุงครรภ์', '16', '98', NULL, '05', '04', '21', '30', '30130', '003246500', '-', NULL, '-', 0, '', '', '2017-11-07', '29000', 1);
INSERT INTO `chospital` VALUES ('32466', 'คลินิกดลฤดีการพยาบาลและการผดุงครรภ์', '16', '484', NULL, '02', '11', '21', '30', '30130', '003246600', '-', NULL, '-', 0, '', '', '2017-11-07', '29000', 1);
INSERT INTO `chospital` VALUES ('32467', 'คลินิกไขนภาการพยาบาลและการผดุงครรภ์', '16', '45/3', NULL, '01', '10', '21', '30', '30130', '003246700', '-', NULL, '-', 0, '', '', '2017-11-07', '29000', 1);
INSERT INTO `chospital` VALUES ('32468', 'คลินิกสุพรรณ์การพยาบาลและการผดุงครรภ์', '16', '214  ถนนเทศบาล38', NULL, '00', '06', '21', '30', '30130', '003246800', '-', NULL, '-', 0, '', '', '2017-11-07', '29000', 1);
INSERT INTO `chospital` VALUES ('32469', 'คลินิกศรีรัตน์การผดุงครรภ์', '16', '204  ถนนเทศบาล38', NULL, '00', '06', '21', '30', '30130', '003246900', '-', NULL, '-', 0, '', '', '2017-11-07', '29000', 1);
INSERT INTO `chospital` VALUES ('32470', 'ศิริขวัญการพยาบาลและการผดุงครรภ์', '16', '58/2', NULL, '21', '06', '21', '30', '30130', '003247000', '-', NULL, '-', 0, '', '', '2017-11-07', '29000', 1);
INSERT INTO `chospital` VALUES ('32471', 'คลินิกผัง1การพยาบาลและการผดุงครรภ์', '16', '55/3   ถนนนิคมลำตะคอง', NULL, '08', '06', '21', '30', '30130', '003247100', '-', NULL, '-', 0, '', '', '2017-11-07', '29000', 1);
INSERT INTO `chospital` VALUES ('32472', 'คลินิกสุธีรัตน์การพยาบาลและการผดุงครรภ์', '16', '57/1', NULL, '21', '06', '21', '30', '30130', '003247200', '-', NULL, '-', 0, '', '', '2017-11-07', '29000', 1);
INSERT INTO `chospital` VALUES ('32473', 'คลินิกสมประสงค์การพยาบาลและการผดุงครรภ์', '16', '60', NULL, '03', '06', '21', '30', '30130', '003247300', '-', NULL, '-', 0, '', '', '2017-11-07', '29000', 1);
INSERT INTO `chospital` VALUES ('32474', 'คลินิกยุภาวรรณการพยาบาลและการผดุงครรภ์', '16', '157', NULL, '15', '06', '21', '30', '30130', '003247400', '-', NULL, '-', 0, '', '', '2017-11-07', '29000', 1);
INSERT INTO `chospital` VALUES ('32475', 'คลินิกวรรณการพยาบาลและการผดุงครรภ์', '16', '98  ถนนเทศบาล38', NULL, '00', '06', '21', '30', '30130', '003247500', '-', NULL, '-', 0, '', '', '2017-11-07', '29000', 1);
INSERT INTO `chospital` VALUES ('32476', 'คลองดินดำการพยาบาลและการผดุงครรภ์', '16', '153/3  ', NULL, '08', '05', '21', '30', '30130', '003247600', '-', NULL, '-', 0, '', '', '2017-11-07', '29000', 1);
INSERT INTO `chospital` VALUES ('32477', 'ราเมธคลินิกการพยาบาลและการผดุงครรภ์', '16', '246/1', NULL, '16', '05', '21', '30', '30130', '003247700', '-', NULL, '-', 0, '', '', '2017-11-07', '29000', 1);
INSERT INTO `chospital` VALUES ('32478', 'คลินิกหมูสีการพยาบาลและการผดุงครรภ์', '16', '17/1', NULL, '05', '05', '21', '30', '30130', '003247800', '-', NULL, '-', 0, '', '', '2017-11-07', '29000', 1);
INSERT INTO `chospital` VALUES ('32479', 'คลินิกท่าช้างการพยาบาลและการผดุงครรภ์', '16', '48/2', NULL, '16', '05', '21', '30', '30130', '003247900', '-', NULL, '-', 0, '', '', '2017-11-07', '29000', 1);
INSERT INTO `chospital` VALUES ('32481', 'คลินิกเตือนใจการพยาบาลและการผดุงครรภ์', '16', '130', NULL, '02', '04', '28', '30', '30220', '003248100', '-', NULL, '-', 0, '', '', '2017-11-07', '29000', 1);
INSERT INTO `chospital` VALUES ('32483', 'คลินิกทัพรั้งการพยาบาลและการผดุงครรภ์', '16', '10', NULL, '01', '04', '28', '30', '30220', '003248300', '-', NULL, '-', 0, '', '', '2017-11-07', '29000', 1);
INSERT INTO `chospital` VALUES ('32484', 'คลินิกหนองยางการพยาบาลและผดุงครรภ์', '16', '375', NULL, '07', '04', '28', '30', '30220', '003248400', '-', NULL, '-', 0, '', '', '2017-11-07', '29000', 1);
INSERT INTO `chospital` VALUES ('32485', 'คลินิกสุมาลีการพยาบาลและการผดุงครรภ์', '16', '18', NULL, '01', '03', '28', '30', '30220', '003248500', '-', NULL, '-', 0, '', '', '2017-11-07', '29000', 1);
INSERT INTO `chospital` VALUES ('32486', 'คลินิกสมพรการพยาบาลและการผดุงครรภ์', '16', '43', NULL, '01', '01', '28', '30', '30220', '003248600', '-', NULL, '-', 0, '', '', '2017-11-07', '29000', 1);
INSERT INTO `chospital` VALUES ('32487', 'รัตนาการพยาบาลและการผดุงครรภ์', '16', '458/2', NULL, '01', '01', '28', '30', '30220', '003248700', '-', NULL, '-', 0, '', '', '2017-11-07', '29000', 1);
INSERT INTO `chospital` VALUES ('32491', 'คลินิกพัฒนาการพยาบาลและการผดุงครรภ์', '16', '23', NULL, '01', '01', '28', '30', '30220', '003249100', '-', NULL, '-', 0, '', '', '2017-11-07', '29000', 1);
INSERT INTO `chospital` VALUES ('32492', 'คลินิกจิราพรการพยาบาลและผดุงครรภ์', '16', '397/7', NULL, '01', '01', '28', '30', '30220', '003249200', '-', NULL, '-', 0, '', '', '2017-11-07', '29000', 1);
INSERT INTO `chospital` VALUES ('32493', 'ดงน้อยคลินิกการพยาบาลและการผดุงครรภ์', '16', '198', NULL, '18', '09', '15', '30', '30110', '003249300', '-', NULL, '-', 0, '', '', '2017-11-08', '29000', 1);
INSERT INTO `chospital` VALUES ('32494', 'คลินิกวิไลวรรณการพยาบาลและการผดุงครรภ์', '16', '99', NULL, '03', '10', '15', '30', '30110', '003249400', '-', NULL, '-', 0, '', '', '2017-11-08', '29000', 1);
INSERT INTO `chospital` VALUES ('32495', 'คลินิกบุศรินทร์การพยาบาลและผดุงครรภ์', '16', '299', NULL, '13', '10', '15', '30', '30110', '003249500', '-', NULL, '-', 0, '', '', '2017-11-08', '29000', 1);
INSERT INTO `chospital` VALUES ('32496', 'คลินิกจินตนาการพยาบาลและผดุงครรภ์', '16', '76', NULL, '12', '10', '15', '30', '30110', '003249600', '-', NULL, '-', 0, '', '', '2017-11-08', '29000', 1);
INSERT INTO `chospital` VALUES ('32497', 'คลินิกกัญจน์นิมิตาการพยาบาลและการผดุงครรภ์', '16', '8/5   ถนนพิมาย-หินดาด', NULL, '07', '08', '15', '30', '30110', '003249700', '-', NULL, '-', 0, '', '', '2017-11-08', '29000', 1);
INSERT INTO `chospital` VALUES ('32498', 'คลินิกวนิดาการผดุงครรภ์', '16', '181/1  ถนนสุริยาอัสดง', NULL, '01', '01', '15', '30', '30110', '003249800', '-', NULL, '-', 0, '', '', '2017-11-08', '29000', 1);
INSERT INTO `chospital` VALUES ('32499', 'คลินิกการพยาบาลและการผดุงครรภ์รัตนา', '16', '220', NULL, '01', '03', '15', '30', '30110', '003249900', '-', NULL, '-', 0, '', '', '2017-11-08', '29000', 1);
INSERT INTO `chospital` VALUES ('32500', 'คลินิกอรทัยการพยาบาลและการผดุงครรภ์', '16', '10  ถนนพิมาย-ชุมพวง', NULL, '03', '03', '15', '30', '30110', '003250000', '-', NULL, '-', 0, '', '', '2017-11-08', '29000', 1);
INSERT INTO `chospital` VALUES ('32501', 'คลินิกชูเกียรติการพยาบาลและการผดุงครรภ์', '16', '110/1   ถนนชุมพวง-พิมาย', NULL, '05', '06', '15', '30', '30110', '003250100', '-', NULL, '-', 0, '', '', '2017-11-08', '29000', 2);
INSERT INTO `chospital` VALUES ('32502', 'คลินิกเลขาการพยาบาลและการผดุงครรภ์', '16', '2/1', NULL, '06', '06', '15', '30', '30110', '003250200', '-', NULL, '-', 0, '', '', '2017-11-08', '29000', 1);
INSERT INTO `chospital` VALUES ('32503', 'คลินิกธีระนันท์การพยาบาลและการผดุงครรภ์', '16', '131/1  ถนนพิมาย-ชุมพวง', NULL, '04', '06', '15', '30', '30110', '003250300', '-', NULL, '-', 0, '', '', '2017-11-08', '29000', 1);
INSERT INTO `chospital` VALUES ('32504', 'คลินิกการพยาบาลและผดุงครรภ์ศิริพร', '16', '251', NULL, '01', '02', '15', '30', '30110', '003250400', '-', NULL, '-', 0, '', '', '2017-11-08', '29000', 1);
INSERT INTO `chospital` VALUES ('32505', 'คลินิกการพยาบาลและการผดุงครรภ์สมนึก', '16', '199', NULL, '13', '02', '15', '30', '30110', '003250500', '-', NULL, '-', 0, '', '', '2017-11-08', '29000', 1);
INSERT INTO `chospital` VALUES ('32506', 'คลินิกการพยาบาลและการผดุงครรภ์อำไพ', '16', '78', NULL, '01', '12', '15', '30', '30110', '003250600', '-', NULL, '-', 0, '', '', '2017-11-08', '29000', 1);
INSERT INTO `chospital` VALUES ('32507', 'คลินิกจีรภาการพยาบาลและการผดุงครรภ์', '16', '30  ถนนพิทักษากร-โนนคอย', NULL, '02', '12', '15', '30', '30110', '003250700', '-', NULL, '-', 0, '', '', '2017-11-08', '29000', 1);
INSERT INTO `chospital` VALUES ('32508', 'นิพนธ์คลินิกการพยาบาลและผดุงครรภ์', '16', '330  ซอยหนองรังกา  ถนนโคกกรวด-หนองปลิง', NULL, '12', '17', '01', '30', '30280', '003250800', '-', NULL, '-', 0, '', '', '2017-11-08', '29000', 1);
INSERT INTO `chospital` VALUES ('32509', 'คลินิกสิรภัทรการพยาบาลและการผดุงครรภ์', '16', '149/1', NULL, '00', '18', '01', '30', '30000', '003250900', '-', NULL, '-', 0, '', '', '2017-11-08', '29000', 1);
INSERT INTO `chospital` VALUES ('32511', 'คลินิกคนึงนิจการพยาบาลและผดุงครรภ์', '16', '1793/2  ถนนเดชอุดม', NULL, '15', '01', '01', '30', '30000', '003251100', '-', NULL, '-', 0, '', '', '2017-11-08', '29000', 1);
INSERT INTO `chospital` VALUES ('32514', 'คลินิกเย็นการพยาบาลและการผดุงครรภ์', '16', '60', NULL, '05', '09', '01', '30', '30000', '003251400', '-', NULL, '-', 0, '', '', '2017-11-08', '29000', 1);
INSERT INTO `chospital` VALUES ('32515', 'คลินิกอ่อนศรีการพยาบาลและการผดุงครรภ์', '16', '1', NULL, '01', '09', '01', '30', '30000', '003251500', '-', NULL, '-', 0, '', '', '2017-11-08', '29000', 1);
INSERT INTO `chospital` VALUES ('32516', 'คลินิกนุชนาถการพยาบาลและการผดุงครรภ์', '16', '60  ', NULL, '09', '14', '01', '30', '30000', '003251600', '-', NULL, '-', 0, '', '', '2017-11-08', '29000', 1);
INSERT INTO `chospital` VALUES ('32518', 'คลินิกหนองพลวงการพยาบาลและผดุงครรภ์', '16', '130/1', NULL, '14', '02', '01', '30', '30000', '003251800', '-', NULL, '-', 0, '', '', '2017-11-08', '29000', 1);
INSERT INTO `chospital` VALUES ('32519', 'คลินิกรัชชาภาการพยาบาลและการผดุงครรภ์', '16', '205', NULL, '01', '21', '01', '30', '30000', '003251900', '-', NULL, '-', 0, '', '', '2017-11-08', '29000', 1);
INSERT INTO `chospital` VALUES ('32520', 'คลินิกรัชนีวรรณการพยาบาลและผดุงครรภ์', '16', '75/1', NULL, '05', '25', '01', '30', '30310', '003252000', '-', NULL, '-', 0, '', '', '2017-11-08', '29000', 1);
INSERT INTO `chospital` VALUES ('32522', 'คลินิกหนองตาคงการพยาบาลและการผดุงครรภ์', '16', '113', NULL, '08', '19', '01', '30', '30000', '003252200', '-', NULL, '-', 0, '', '', '2017-11-08', '29000', 1);
INSERT INTO `chospital` VALUES ('32523', 'คลินิกนิภาการพยาบาลและผดุงครรภ์', '16', '148  ถนนราชสีมา-โชคชัย', NULL, '03', '19', '01', '30', '30000', '003252300', '-', NULL, '-', 0, '', '', '2017-11-08', '29000', 1);
INSERT INTO `chospital` VALUES ('32524', 'คลินิกราชสีมาโชคชัยการพยาบาลและการผดุงครรภ์', '16', '571/6  ถนนราชสีมา-โชคชัย', NULL, '03', '19', '01', '30', '30000', '003252400', '-', NULL, '-', 0, '', '', '2017-11-08', '29000', 1);
INSERT INTO `chospital` VALUES ('32525', 'คลินิกราชสีมาโชคชัยการพยาบาลและการผดุงครรภ์สาขา2', '16', '227', NULL, '06', '06', '01', '30', '30000', '003252500', '-', NULL, '-', 0, '', '', '2017-11-08', '29000', 1);
INSERT INTO `chospital` VALUES ('32526', 'คลินิกปานรพีพัชรการพยาบาลและการผดุงครรภ์', '16', '453', NULL, '06', '08', '01', '30', '30000', '003252600', '-', NULL, '-', 0, '', '', '2017-11-08', '29000', 1);
INSERT INTO `chospital` VALUES ('32527', 'คลินิกภัทริยาการพยาบาลและการผดุงครรภ์', '16', '95', NULL, '07', '11', '01', '30', '30000', '003252700', '-', NULL, '-', 0, '', '', '2017-11-08', '29000', 1);
INSERT INTO `chospital` VALUES ('32528', 'คลินิกหนองสองห้องการพยาบาลและการผดุงครรภ์', '16', '779', NULL, '04', '11', '01', '30', '30000', '003252800', '-', NULL, '-', 0, '', '', '2017-11-08', '29000', 1);
INSERT INTO `chospital` VALUES ('32529', 'คลินิกสมควรสถานพยาบาลและการผดุงครรภ์', '16', '6', NULL, '09', '01', '29', '30', '30270', '003252900', '-', NULL, '-', 0, '', '', '2017-11-08', '29000', 1);
INSERT INTO `chospital` VALUES ('32530', 'คลินิกปรีณาพรรณการพยาบาลและผดุงครรภ์', '16', '773', NULL, '01', '01', '25', '30', '30370', '003253000', '-', NULL, '-', 0, '', '', '2017-11-08', '29000', 1);
INSERT INTO `chospital` VALUES ('32531', 'คลินิกใจทิพย์การพยาบาลและการผดุงครรภ์', '16', '288/1  ถนนสืบศิริ', NULL, '01', '01', '25', '30', '30140', '003253100', '-', NULL, '-', 0, '', '', '2017-11-08', '29000', 1);
INSERT INTO `chospital` VALUES ('32532', 'คลินิกศิริวรรณการพยาบาลและผดุงครรภ์', '16', '290', NULL, '01', '10', '20', '30', '30340', '003253200', '-', NULL, '-', 0, '', '', '2017-11-08', '29000', 1);
INSERT INTO `chospital` VALUES ('32533', 'สุนิสาคลินิกการพยาบาลและการผดุงครรภ์', '16', '89/2', NULL, '07', '10', '20', '30', '30340', '003253300', '-', NULL, '-', 0, '', '', '2017-11-08', '29000', 1);
INSERT INTO `chospital` VALUES ('32534', 'คลินิกวรวลัญธ์การพยาบาลและการผดุงครรภ์', '16', '2', NULL, '07', '11', '20', '30', '30140', '003253400', '-', NULL, '-', 0, '', '', '2017-11-08', '29000', 1);
INSERT INTO `chospital` VALUES ('32535', 'คลินิกสมประสงค์การพยาบาลและการผดุงครรภ์', '16', '188/1', NULL, '01', '02', '20', '30', '30140', '003253500', '-', NULL, '-', 0, '', '', '2017-11-08', '29000', 1);
INSERT INTO `chospital` VALUES ('32536', 'คลินิกเกศสุดาการพยาบาลและการผดุงครรภ์', '16', '123', NULL, '15', '04', '20', '30', '30340', '003253600', '-', NULL, '-', 0, '', '', '2017-11-08', '29000', 1);
INSERT INTO `chospital` VALUES ('32537', 'คลินิกสิริกรการพยาบาลและการผดุงครรภ์', '16', '279', NULL, '02', '04', '20', '30', '30340', '003253700', '-', NULL, '-', 0, '', '', '2017-11-08', '29000', 1);
INSERT INTO `chospital` VALUES ('32538', 'คลินิกวิภารัตน์การพยาบาลและการผดุงครรภ์', '16', '279', NULL, '02', '04', '20', '30', '30340', '003253800', '-', NULL, '-', 0, '', '', '2017-11-08', '29000', 1);
INSERT INTO `chospital` VALUES ('32539', 'คลินิกเกศสุรางค์การพยาบาลและผดุงครรภ์', '16', '20/4', NULL, '06', '04', '20', '30', '30340', '003253900', '-', NULL, '-', 0, '', '', '2017-11-08', '29000', 1);
INSERT INTO `chospital` VALUES ('32540', 'คลินิกโนนทองการพยาบาลและการผดุงครรภ์', '16', '16/5  ถนนมิตรภาพ', NULL, '09', '04', '20', '30', '30340', '003254000', '-', NULL, '-', 0, '', '', '2017-11-08', '29000', 1);
INSERT INTO `chospital` VALUES ('32541', 'คลินิกสายชลการพยาบาลและการผดุงครรภ์', '16', '609', NULL, '10', '07', '20', '30', '30140', '003254100', '-', NULL, '-', 0, '', '', '2017-11-08', '29000', 1);
INSERT INTO `chospital` VALUES ('32542', 'คลินิกกุหลาบการพยาบาลและการผดุงครรภ์', '16', '9', NULL, '01', '07', '20', '30', '30140', '003254200', '-', NULL, '-', 0, '', '', '2017-11-08', '29000', 1);
INSERT INTO `chospital` VALUES ('32543', 'คลินิกพัชรากรการพยาบาลและการผดุงครรภ์', '16', '609', NULL, '10', '07', '20', '30', '30140', '003254300', '-', NULL, '-', 0, '', '', '2017-11-08', '29000', 1);
INSERT INTO `chospital` VALUES ('32544', 'คลินิกลาวรรณการพยาบาลและผดุงครรภ์', '16', '19/3', NULL, '05', '12', '20', '30', '30140', '003254400', '-', NULL, '-', 0, '', '', '2017-11-08', '29000', 1);
INSERT INTO `chospital` VALUES ('32545', 'คลินิกสันทนาการพยาบาลและผดุงครรภ์', '16', '161/3', NULL, '03', '05', '20', '30', '30140', '003254500', '-', NULL, '-', 0, '', '', '2017-11-08', '29000', 1);
INSERT INTO `chospital` VALUES ('32546', 'คลินิกอ้อมรักการพยาบาลและการผดุงครรภ์', '16', '2', NULL, '03', '05', '20', '30', '30140', '003254600', '-', NULL, '-', 0, '', '', '2017-11-09', '29000', 1);
INSERT INTO `chospital` VALUES ('32549', 'สุภาพรคลินิกการพยาบาลและผดุงครรภ์', '16', '222', NULL, '01', '09', '18', '30', '30380', '003254900', '-', NULL, '-', 0, '', '', '2017-11-09', '29000', 1);
INSERT INTO `chospital` VALUES ('32551', 'คลินิกขนิษฐาการพยาบาลและการผดุงครรภ์', '16', '211', NULL, '02', '09', '18', '30', '30380', '003255100', '-', NULL, '-', 0, '', '', '2017-11-09', '29000', 1);
INSERT INTO `chospital` VALUES ('32555', 'จันทิมาคลินิกการพยาบาลและการผดุงครรภ์', '16', '285', NULL, '04', '02', '18', '30', '30170', '003255500', '-', NULL, '-', 0, '', '', '2017-11-09', '29000', 1);
INSERT INTO `chospital` VALUES ('32556', 'คลินิกสุวภัทรการพยาบาลและผดุงครรภ์', '16', '19', NULL, '06', '02', '18', '30', '30170', '003255600', '-', NULL, '-', 0, '', '', '2017-11-09', '29000', 1);
INSERT INTO `chospital` VALUES ('32558', 'คลินิกปราถนา-ภัณทิราการพยาบาลและผดุงครรภ์', '16', '23/5  ถนนมิตรภาพปักธงชัย-สีคิ้ว', NULL, '05', '10', '18', '30', '30380', '003255800', '-', NULL, '-', 0, '', '', '2017-11-09', '29000', 1);
INSERT INTO `chospital` VALUES ('32559', 'สุพรรณีการพยาบาลและการผดุงครรภ์', '16', '1', NULL, '11', '05', '03', '30', '30330', '003255900', '-', NULL, '-', 0, '', '', '2017-11-09', '29000', 1);
INSERT INTO `chospital` VALUES ('32560', 'คลินิกปราณีการพยาบาลและการผดุงครรภ์', '16', '18/31', NULL, '11', '01', '03', '30', '30330', '003256000', '-', NULL, '-', 0, '', '', '2017-11-09', '29000', 1);
INSERT INTO `chospital` VALUES ('32561', 'คลินิกขวัญใจการพยาบาลและการผดุงครรภ์', '16', '244', NULL, '11', '01', '03', '30', '30330', '003256100', '-', NULL, '-', 0, '', '', '2017-11-09', '29000', 1);
INSERT INTO `chospital` VALUES ('32564', 'พอดีคลินิกการพยาบาลและผดุงครรภ์', '16', '29', NULL, '08', '08', '22', '30', '30410', '003256400', '-', NULL, '-', 0, '', '', '2017-11-09', '29000', 1);
INSERT INTO `chospital` VALUES ('32565', 'คลินิกสถานพยาบาลปริญญาการพยาบาลและผดุงครรภ์', '16', '175', NULL, '06', '04', '22', '30', '30410', '003256500', '-', NULL, '-', 0, '', '', '2017-11-09', '29000', 1);
INSERT INTO `chospital` VALUES ('32566', 'คลินิกแหลมทองการพยาบาลและผดุงครรภ์', '16', '4', NULL, '03', '05', '22', '30', '30410', '003256600', '-', NULL, '-', 0, '', '', '2017-11-09', '29000', 1);
INSERT INTO `chospital` VALUES ('32567', 'คลินิกดรุณีการพยาบาลและผดุงครรภ์', '16', '72', NULL, '12', '08', '16', '30', '30240', '003256700', '-', NULL, '-', 0, '', '', '2017-11-09', '29000', 1);
INSERT INTO `chospital` VALUES ('32568', 'คลินิกห้วยแถลงการพยาบาลและการผดุงครรภ์', '16', '59/5  ถนนประชาชื่น', NULL, '01', '01', '16', '30', '30240', '003256800', '-', NULL, '-', 0, '', '', '2017-11-09', '29000', 1);
INSERT INTO `chospital` VALUES ('32569', 'บีเอสคลินิกกายภาพบำบัด', '16', '7/3  ถนนเทศบาล5', NULL, '00', '01', '21', '30', '30130', '003256900', '-', NULL, '-', 0, '', '', '2017-11-09', '29000', 1);
INSERT INTO `chospital` VALUES ('32570', 'นพรัตน์คลินิกกายภาพบำบัดปากช่อง', '16', '34/1,2,3  ถนนปากช่อง-ลำสมพุง', NULL, '00', '01', '21', '30', '30130', '003257000', '-', NULL, '-', 0, '', '', '2017-11-09', '29000', 1);
INSERT INTO `chospital` VALUES ('32574', 'สุนันท์คลินิกกายภาพบำบัด', '16', '137/19', NULL, '02', '09', '20', '30', '30140', '003257400', '-', NULL, '-', 0, '', '', '2017-11-09', '29000', 1);
INSERT INTO `chospital` VALUES ('32575', 'สุดคนึงคลินิกกายภาพบำบัด', '16', '18/3', NULL, '04', '01', '20', '30', '30140', '003257500', '-', NULL, '-', 0, '', '', '2017-11-09', '29000', 1);
INSERT INTO `chospital` VALUES ('32576', 'คลินิกเซ็นทรัลแล็ปปากช่อง', '16', '215/16  ถนนเทศบาล16', NULL, '00', '01', '21', '30', '30130', '003257600', '-', NULL, '-', 0, '', '', '2017-11-09', '29000', 1);
INSERT INTO `chospital` VALUES ('32577', 'พิมายคลินิกเทคนิคการแพทย์', '16', '44', NULL, '02', '01', '15', '30', '30110', '003257700', '-', NULL, '-', 0, '', '', '2017-11-09', '29000', 1);
INSERT INTO `chospital` VALUES ('32578', 'คลินิกโคราชแล็บ', '16', '228/2  ถนนยมราช', NULL, '00', '01', '01', '30', '30000', '003257800', '-', NULL, '-', 0, '', '', '2017-11-09', '29000', 1);
INSERT INTO `chospital` VALUES ('32580', 'พีซีเอสคลินิกแล็บเซ็นเตอร์', '16', '130/2  ถนนจอมสุรางค์ยาตร์', NULL, '00', '01', '01', '30', '30000', '003258000', '-', NULL, '-', 0, '', '', '2017-11-09', '29000', 1);
INSERT INTO `chospital` VALUES ('32581', 'คลินิกเทคนิคการแพทย์แล็บเฮ็ลธ์', '16', '225/4', NULL, '01', '24', '01', '30', '30000', '003258100', '-', NULL, '-', 0, '', '', '2017-11-09', '29000', 1);
INSERT INTO `chospital` VALUES ('32582', 'คลินิกสุรนารีแล็บ', '16', '622/4', NULL, '03', '19', '01', '30', '30000', '003258200', '-', NULL, '-', 0, '', '', '2017-11-09', '29000', 1);
INSERT INTO `chospital` VALUES ('32583', 'คลินิกนวนคร2เมดิคอลแล็ป', '16', '15/11', NULL, '07', '01', '18', '30', '30170', '003258300', '-', NULL, '-', 0, '', '', '2017-11-09', '29000', 1);
INSERT INTO `chospital` VALUES ('32584', 'คลินิกเวชกรรมไทยหมออรรถวุฒิ', '16', '329  ถนนเจนจบทิศ', NULL, '16', '01', '13', '30', '30180', '003258400', '-', NULL, '-', 0, '', '', '2017-11-09', '29000', 1);
INSERT INTO `chospital` VALUES ('32585', 'อิสรีย์คลินิกแพทย์แผนไทย', '16', '363  ถนนมิตรภาพ', NULL, '00', '01', '21', '30', '30130', '003258500', '-', NULL, '-', 0, '', '', '2017-11-09', '29000', 1);
INSERT INTO `chospital` VALUES ('32586', 'คลินิกหิรัญการแพทย์แผนไทย', '16', '98', NULL, '18', '05', '21', '30', '30130', '003258600', '-', NULL, '-', 0, '', '', '2017-11-09', '29000', 1);
INSERT INTO `chospital` VALUES ('32588', 'ณัฐปราชญ์คลินิกแพทย์แผนไทย', '16', '288  ถนนยมราช', NULL, '00', '01', '01', '30', '30000', '003258800', '-', NULL, '-', 0, '', '', '2017-11-09', '29000', 1);
INSERT INTO `chospital` VALUES ('32589', 'คลินิกบุญญาคมการแพทย์แผนไทยทุ่งสว่าง-ศาลาลอย', '16', '457/2  ถนนพายัพทิศ', NULL, '00', '01', '01', '30', '30000', '003258900', '-', NULL, '-', 0, '', '', '2017-11-09', '29000', 1);
INSERT INTO `chospital` VALUES ('32590', 'คลินิกหัวเฉียวไทย-จีนแพทย์แผนไทยสาขาโคราช', '16', '2  ถนนมิตรภาพ', NULL, '00', '01', '01', '30', '30000', '003259000', '-', NULL, '-', 0, '', '', '2017-11-09', '29000', 1);
INSERT INTO `chospital` VALUES ('32592', 'คลินิกสุภาพรรณการแพทย์แผนไทย', '16', '24', NULL, '08', '05', '25', '30', '30370', '003259200', '-', NULL, '-', 0, '', '', '2017-11-09', '29000', 1);
INSERT INTO `chospital` VALUES ('32593', 'คลินิกธนกรการแพทย์แผนไทยประยุกต์(2)', '16', '182/3  ถนนเจนจบทิศ', NULL, '03', '01', '24', '30', '30360', '003259300', '-', NULL, '-', 0, '', '', '2017-11-09', '29000', 1);
INSERT INTO `chospital` VALUES ('32594', 'ไบโอเฮลท์แคร์สหคลินิก', '16', '60/4 ซอยเสาธง ถนนมิตรภาพ', NULL, '00', '01', '01', '30', '30000', '003259400', '-', NULL, '-', 0, '', '', '2017-11-09', '29000', 1);
INSERT INTO `chospital` VALUES ('41092', 'โรงพยาบาลส่งเสริมสุขภาพตำบลหนองจานพัฒนา', '18', 'บ้านหนองจานพัฒนา ', NULL, '16', '01', '22', '30', '30410', '004109200', '-', NULL, '-', 1, '21002', '', '2017-02-01', '21000', 1);
INSERT INTO `chospital` VALUES ('41114', 'สำนักงานเขตสุขภาพที่ 9', '10', '358 ถนนจอมพล(หน้าวัดบูรพ์)', NULL, '00', '01', '01', '30', '30000', '004111400', '-', NULL, '-', 0, '21002', '', '2017-03-15', '21000', 1);
INSERT INTO `chospital` VALUES ('41296', 'สำนักงานสนับสนุนบริการสุขภาพ เขต9 จ.นครราชสีมา', '10', '-', NULL, '00', '01', '01', '30', '30000', '004129600', '-', NULL, '-', 0, '21007', '', '2017-03-21', '21000', 1);
INSERT INTO `chospital` VALUES ('41602', 'โรงพยาบาลทั่วไปขนาดใหญ่ ป.แพทย์ ๒', '15', '294   ถนนมหาดไทย', NULL, '00', '01', '01', '30', '30000', '004160200', '132', NULL, '132', 0, '', '', '2019-04-22', '29000', 1);
INSERT INTO `chospital` VALUES ('41654', 'ปากช่องไดอะไลซิส คลินิกเฉพาะทางด้านเวชกรรมอายุรศาสตร์โรคไต', '16', '48/10 ถนนมิตรภาพ', NULL, '00', '01', '21', '30', '30130', '004165400', '-', NULL, '-', 0, '', '', '2019-07-10', '29000', 1);
INSERT INTO `chospital` VALUES ('41723', 'โรงพยาบาลส่งเสริมสุขภาพตำบลโนนพุทรา', '18', 'บ้านโนนพุทรา', NULL, '06', '09', '15', '30', '30110', '004172300', '-', NULL, '-', 1, '21002', '', '2019-11-20', '21000', 1);
INSERT INTO `chospital` VALUES ('41755', 'วี แล็บ คลินิกเทคนิคการแพทย์', '16', '601/7', NULL, '10', '19', '01', '30', '30000', '004175500', '-', NULL, '-', 0, '', '', '2020-02-11', '29000', 1);
INSERT INTO `chospital` VALUES ('41765', 'คลินิกเฉพาะทางด้านเวชกรรมอายุรศาสตร์โรคไต แพทย์นิรุธ', '16', '897 ซอยช้างเผือก5 ถนนช้างเผือก', NULL, '00', '01', '01', '30', '30000', '004176500', '-', NULL, '-', 0, '', '', '2020-03-04', '29000', 1);
INSERT INTO `chospital` VALUES ('77497', 'ศูนย์สุขภาพชุมชนโรงพยาบาลเทพรัตน์นครราชสีมา', '08', '21/2 บ้านหนองรังกา', NULL, '12', '17', '01', '30', '30280', '002383901', '-', NULL, '-', 1, '21002', '', '2019-01-15', '21000', 1);
INSERT INTO `chospital` VALUES ('77498', 'โรงพยาบาลมกุฏคีรีวัน', '17', '-', NULL, '01', '08', '21', '30', '30130', '001089003', '-', NULL, '-', 1, '21002', '', '2018-12-20', '21000', 1);
INSERT INTO `chospital` VALUES ('77524', 'ศูนย์บริการสาธารณสุข 6(วัดศาลาทอง)', '17', '477/2', NULL, '00', '01', '01', '30', '30000', '001442101', '-', NULL, '-', 1, '', '', '2017-02-28', '23000', 1);
INSERT INTO `chospital` VALUES ('77771', 'หน่วยบริการปฐมภูมิโรงพยาบาลสีคิ้ว', '08', '60/4', NULL, '03', '01', '20', '30', '30140', '001088902', '-', NULL, '-', 0, '21002', '10889', '2011-06-10', '21000', 2);
INSERT INTO `chospital` VALUES ('99755', 'แผนกการแพทย์ทางเลือก', '08', 'โรงพยาลาลปากช่องนานา เลขที่ 400 ถ.มิตรภาพ', NULL, '00', '01', '21', '30', '30130', '001089002', '-', NULL, '-', 0, '21002', '', '2011-11-18', '21000', 2);
INSERT INTO `chospital` VALUES ('99892', 'ศูนย์สุขภาพชุมชนสระประทีป', '08', '261 ', '', '02', '01', '03', '30', '30330', '001087201', '-', '10-1 ปฐมภูมิ', '-', 0, '21002', '', '2009-09-02', '21000', 2);
INSERT INTO `chospital` VALUES ('99893', 'ศูนย์สุขภาพชุมชนปักธงชัย', '08', '237 ', NULL, '14', '17', '14', '30', '30150', '001088302', '-', NULL, '-', 0, '21002', '10883', '2009-09-02', '21000', 2);
INSERT INTO `chospital` VALUES ('99900', 'ศูนย์สุขภาพชุมชนตำบลขามทะเลสอ', '08', 'โรงพยาบาลขามทะเลสอ ถ.โคกรวด-โนนไทย ', NULL, '00', '01', '19', '30', '30280', '001088801', '-', NULL, '-', 0, '21002', '10888', '2009-03-24', '21000', 2);
INSERT INTO `chospital` VALUES ('99947', 'ศูนย์สุขภาพชุมชนโรงพยาบาลบัวใหญ่', '08', 'รพ.บัวใหญ่  เทศบาลบัวใหญ่ ', '', '06', '01', '12', '30', '30120', '001088102', '-', '10-1 ปฐมภูมิ', '-', 0, '21002', '10881', '2009-02-23', '21000', 1);
INSERT INTO `chospital` VALUES ('99962', 'ศูนย์แพทย์ชุมชนตำบลแก้งสนามนาง', '08', '111', '', '01', '01', '23', '30', '30440', '001089201', '-', '10-1 ปฐมภูมิ', '-', 0, '21002', '', '2009-02-08', '21000', 1);
INSERT INTO `chospital` VALUES ('77471', 'ศูนย์บริการสาธารณสุขเทศบาลเมืองสีคิ้ว', '08', '777', NULL, '07', '01', '20', '30', '30140', '001088901', '-', NULL, '-', 1, '21002', '', '2020-08-24', '21000', 1);
INSERT INTO `chospital` VALUES ('41921', 'พานาซี เวลล์เนส คลินิกเวชกรรม', '16', '334', NULL, '06', '11', '21', '30', '30130', '004192100', '-', NULL, '-', 0, '', '', '2020-09-22', '29000', 1);
INSERT INTO `chospital` VALUES ('41963', 'คลินิกเทคนิคการแพทย์ ราชสีมา ทีแอลซี', '16', '520,522 ถนนช้างเผือก', NULL, '00', '01', '01', '30', '30000', '004196300', '-', NULL, '-', 0, '', '', '2020-11-13', '29000', 1);
INSERT INTO `chospital` VALUES ('41998', 'คลินิกชูเกียรติการพยาบาลและการผดุงครรภ์', '16', '167', NULL, '04', '06', '15', '30', '30110', '004199800', '-', NULL, '-', 0, '', '', '2020-11-25', '29000', 1);
INSERT INTO `chospital` VALUES ('42057', 'เปิ้ลคลินิกการพยาบาลและผดุงครรภ์', '16', '236/20', NULL, '15', '01', '18', '30', '30170', '004205700', '-', NULL, '-', 0, '', '', '2020-12-23', '29000', 1);
INSERT INTO `chospital` VALUES ('42082', 'พิมใจคลินิกการพยาบาลและการผดุงครรภ์', '16', '210', NULL, '11', '04', '18', '30', '30170', '004208200', '-', NULL, '-', 0, '', '', '2020-12-30', '29000', 1);
INSERT INTO `chospital` VALUES ('42092', 'วราภรณ์คลินิกการพยาบาลและการผดุงครรภ์', '16', '90/1', NULL, '05', '07', '18', '30', '30170', '004209200', '-', NULL, '-', 0, '', '', '2021-01-08', '29000', 1);
INSERT INTO `chospital` VALUES ('42113', 'อภิญญาคลินิกกายภาพบำบัด', '16', '191/24 ซอยมิตรภาพ 4', NULL, '00', '01', '01', '30', '30000', '004211300', '-', NULL, '-', 0, '', '', '2021-01-12', '29000', 1);
INSERT INTO `chospital` VALUES ('42131', 'ต้นรดาคลินิกกายภาพบำบัด', '16', '757/44', NULL, '05', '07', '01', '30', '30000', '004213100', '-', NULL, '-', 0, '', '', '2021-01-21', '29000', 1);
INSERT INTO `chospital` VALUES ('42231', 'คลินิกเฉพาะทางด้านเวชกรรมสูติศาสตร์และนรีเวชวิทยานายแพทย์วรชาติ', '16', '22', NULL, '19', '01', '15', '30', '30110', '004223100', '-', NULL, '-', 0, '', '', '2021-04-30', '29000', 1);
INSERT INTO `chospital` VALUES ('42446', 'คลินิกกายภาพบำบัดศินารา', '16', '456', NULL, '09', '06', '21', '30', '30130', '004244600', '-', NULL, '-', 0, '', '', '2021-08-10', '29000', 1);
INSERT INTO `chospital` VALUES ('42291', 'คลินิกเวชกรรมบ้านหมอใหญ่', '16', '169', NULL, '02', '10', '07', '30', '30190', '004229100', '-', NULL, '-', 0, '', '', '2021-06-21', '29000', 1);
INSERT INTO `chospital` VALUES ('42576', 'คลินิกเทคนิคการแพทย์ อาร์ ดี ซี แล็บ', '16', '361', NULL, '03', '03', '01', '30', '30000', '004257600', '-', NULL, '-', 0, '', '', '2021-09-07', '29000', 1);
INSERT INTO `chospital` VALUES ('42611', 'คลินิกเวชกรรมหมอคันธรส', '16', '889 ถนนเสิงสาง-ครบุรี', NULL, '00', '01', '02', '30', '30250', '004261100', '-', NULL, '-', 0, '', '', '2021-09-15', '29000', 1);
INSERT INTO `chospital` VALUES ('42572', 'คลินิกเทคนิคการแพทย์ จักราช เอสเอสแล็บ', '16', '10/2 ถนนเทศบาล 15', NULL, '04', '01', '06', '30', '30230', '004257200', '-', NULL, '-', 0, '', '', '2021-09-07', '29000', 1);
INSERT INTO `chospital` VALUES ('42661', 'รักษ์สุขภาพการพยาบาลและการผดุงครรภ์', '16', '571/11', NULL, '03', '19', '01', '30', '30000', '004266100', '-', NULL, '-', 0, '', '', '2021-10-05', '29000', 1);

-- ----------------------------
-- Table structure for co_district
-- ----------------------------
DROP TABLE IF EXISTS `co_district`;
CREATE TABLE `co_district`  (
  `district_id` int(5) UNSIGNED ZEROFILL NOT NULL AUTO_INCREMENT,
  `distid` varchar(4) CHARACTER SET utf8mb3 COLLATE utf8mb3_general_ci NOT NULL,
  `distname` varchar(30) CHARACTER SET utf8mb3 COLLATE utf8mb3_general_ci NOT NULL,
  `geo_id` int NULL DEFAULT 0,
  `provid` varchar(2) CHARACTER SET utf8mb3 COLLATE utf8mb3_general_ci NOT NULL DEFAULT '0',
  PRIMARY KEY (`distid`) USING BTREE,
  UNIQUE INDEX `district_id`(`district_id`) USING BTREE,
  UNIQUE INDEX `district_id_2`(`district_id`) USING BTREE,
  UNIQUE INDEX `district_id_3`(`district_id`) USING BTREE,
  UNIQUE INDEX `district_id_4`(`district_id`) USING BTREE,
  UNIQUE INDEX `district_id_5`(`district_id`) USING BTREE,
  UNIQUE INDEX `district_id_6`(`district_id`) USING BTREE,
  INDEX `provid`(`provid`, `distid`) USING BTREE
) ENGINE = MyISAM AUTO_INCREMENT = 250 CHARACTER SET = utf8mb3 COLLATE = utf8mb3_general_ci ROW_FORMAT = Dynamic;

-- ----------------------------
-- Records of co_district
-- ----------------------------
INSERT INTO `co_district` VALUES (00215, '3001', 'เมือง', 3, '30');
INSERT INTO `co_district` VALUES (00216, '3002', 'ครบุรี', 3, '30');
INSERT INTO `co_district` VALUES (00217, '3003', 'เสิงสาง', 3, '30');
INSERT INTO `co_district` VALUES (00218, '3004', 'คง', 3, '30');
INSERT INTO `co_district` VALUES (00219, '3005', 'บ้านเหลื่อม', 3, '30');
INSERT INTO `co_district` VALUES (00220, '3006', 'จักราช', 3, '30');
INSERT INTO `co_district` VALUES (00221, '3007', 'โชคชัย', 3, '30');
INSERT INTO `co_district` VALUES (00222, '3008', 'ด่านขุนทด', 3, '30');
INSERT INTO `co_district` VALUES (00223, '3009', 'โนนไทย', 3, '30');
INSERT INTO `co_district` VALUES (00224, '3010', 'โนนสูง', 3, '30');
INSERT INTO `co_district` VALUES (00225, '3011', 'ขามสะแกแสง', 3, '30');
INSERT INTO `co_district` VALUES (00226, '3012', 'บัวใหญ่', 3, '30');
INSERT INTO `co_district` VALUES (00227, '3013', 'ประทาย', 3, '30');
INSERT INTO `co_district` VALUES (00228, '3014', 'ปักธงชัย', 3, '30');
INSERT INTO `co_district` VALUES (00229, '3015', 'พิมาย', 3, '30');
INSERT INTO `co_district` VALUES (00230, '3016', 'ห้วยแถลง', 3, '30');
INSERT INTO `co_district` VALUES (00231, '3017', 'ชุมพวง', 3, '30');
INSERT INTO `co_district` VALUES (00232, '3018', 'สูงเนิน', 3, '30');
INSERT INTO `co_district` VALUES (00233, '3019', 'ขามทะเลสอ', 3, '30');
INSERT INTO `co_district` VALUES (00234, '3020', 'สีคิ้ว', 3, '30');
INSERT INTO `co_district` VALUES (00235, '3021', 'ปากช่อง', 3, '30');
INSERT INTO `co_district` VALUES (00236, '3022', 'หนองบุญมาก', 3, '30');
INSERT INTO `co_district` VALUES (00237, '3023', 'แก้งสนามนาง', 3, '30');
INSERT INTO `co_district` VALUES (00238, '3024', 'โนนแดง', 3, '30');
INSERT INTO `co_district` VALUES (00239, '3025', 'วังน้ำเขียว', 3, '30');
INSERT INTO `co_district` VALUES (00240, '3026', 'เทพารักษ์', 3, '30');
INSERT INTO `co_district` VALUES (00241, '3027', 'เมืองยาง', 3, '30');
INSERT INTO `co_district` VALUES (00242, '3028', 'พระทองคำ', 3, '30');
INSERT INTO `co_district` VALUES (00243, '3029', 'ลำทะเมนชัย', 3, '30');
INSERT INTO `co_district` VALUES (00244, '3030', 'บัวลาย', 3, '30');
INSERT INTO `co_district` VALUES (00245, '3031', 'สีดา', 3, '30');
INSERT INTO `co_district` VALUES (00246, '3032', 'เฉลิมพระเกียรติ', 3, '30');

-- ----------------------------
-- Table structure for departments
-- ----------------------------
DROP TABLE IF EXISTS `departments`;
CREATE TABLE `departments`  (
  `id` int NOT NULL AUTO_INCREMENT,
  `dept_code` varchar(50) CHARACTER SET utf8mb4 COLLATE utf8mb4_unicode_ci NOT NULL,
  `dept_name` varchar(255) CHARACTER SET utf8mb4 COLLATE utf8mb4_unicode_ci NULL DEFAULT NULL,
  PRIMARY KEY (`id`) USING BTREE,
  UNIQUE INDEX `dept_code`(`dept_code` ASC) USING BTREE
) ENGINE = InnoDB AUTO_INCREMENT = 22 CHARACTER SET = utf8mb4 COLLATE = utf8mb4_unicode_ci ROW_FORMAT = Dynamic;

-- ----------------------------
-- Records of departments
-- ----------------------------
INSERT INTO `departments` VALUES (1, 'ยสต.', 'ยาเสพติด');
INSERT INTO `departments` VALUES (2, 'สส.', 'ส่งเสริมสุขภาพ');
INSERT INTO `departments` VALUES (3, 'ทต.', 'ทันต');
INSERT INTO `departments` VALUES (4, 'คร.', 'ควบคุมโรค');
INSERT INTO `departments` VALUES (5, 'อวล.', 'อนามัยสิ่งแวดล้อม');
INSERT INTO `departments` VALUES (6, 'NCD', 'กลุ่มโรคไม่ติดต่อเรื้อรัง');
INSERT INTO `departments` VALUES (7, 'คบส.', 'คุ้มครองผู้บริโภคและเภสัชสาธารณสุข');
INSERT INTO `departments` VALUES (8, 'พบ.', 'พัฒนาบริการ');
INSERT INTO `departments` VALUES (9, 'EMS', 'บริการการแพทย์ฉุกเฉิน');
INSERT INTO `departments` VALUES (10, 'บค.', 'บริหารทรัพยากรบุคคล');
INSERT INTO `departments` VALUES (11, 'กม.', 'กฎหมาย');
INSERT INTO `departments` VALUES (12, 'ปก.', 'ประกันสุขภาพ');
INSERT INTO `departments` VALUES (13, 'DH', 'สุขภาพดิจิทัล');
INSERT INTO `departments` VALUES (14, 'พผท.', 'แพทย์แผนไทย');
INSERT INTO `departments` VALUES (15, 'สสม.', 'สาธารณสุขมูลฐาน');
INSERT INTO `departments` VALUES (16, 'บห.', 'บริหาร');
INSERT INTO `departments` VALUES (17, 'พย.', 'พัฒนายุทธศาสตร์');

-- ----------------------------
-- Table structure for kpi_indicators
-- ----------------------------
DROP TABLE IF EXISTS `kpi_indicators`;
CREATE TABLE `kpi_indicators`  (
  `id` int NOT NULL AUTO_INCREMENT,
  `kpi_indicators_id` varchar(50) CHARACTER SET utf8mb4 COLLATE utf8mb4_unicode_ci NULL DEFAULT NULL,
  `kpi_indicators_name` text CHARACTER SET utf8mb4 COLLATE utf8mb4_unicode_ci NOT NULL,
  `kpi_indicators_code` varchar(100) CHARACTER SET utf8mb4 COLLATE utf8mb4_unicode_ci NULL DEFAULT NULL,
  `weight` varchar(50) CHARACTER SET utf8mb4 COLLATE utf8mb4_unicode_ci NULL DEFAULT NULL,
  `target_percentage` varchar(50) CHARACTER SET utf8mb4 COLLATE utf8mb4_unicode_ci NULL DEFAULT NULL,
  `target_condition` varchar(50) CHARACTER SET utf8mb4 COLLATE utf8mb4_unicode_ci NULL DEFAULT NULL,
  `table_process` varchar(100) CHARACTER SET utf8mb4 COLLATE utf8mb4_unicode_ci NULL DEFAULT NULL,
  `is_active` int NULL DEFAULT 1,
  `dept_id` int NULL DEFAULT NULL,
  `main_indicator_id` int NULL DEFAULT NULL,
  PRIMARY KEY (`id`) USING BTREE,
  INDEX `dept_id`(`dept_id` ASC) USING BTREE,
  INDEX `main_indicator_id`(`main_indicator_id` ASC) USING BTREE,
  CONSTRAINT `kpi_indicators_ibfk_1` FOREIGN KEY (`dept_id`) REFERENCES `departments` (`id`) ON DELETE SET NULL ON UPDATE RESTRICT,
  CONSTRAINT `kpi_indicators_ibfk_2` FOREIGN KEY (`main_indicator_id`) REFERENCES `kpi_main_indicators` (`id`) ON DELETE SET NULL ON UPDATE RESTRICT
) ENGINE = InnoDB AUTO_INCREMENT = 189 CHARACTER SET = utf8mb4 COLLATE = utf8mb4_unicode_ci ROW_FORMAT = Dynamic;

-- ----------------------------
-- Records of kpi_indicators
-- ----------------------------
INSERT INTO `kpi_indicators` VALUES (1, '11', 'ผู้ป่วยยาเสพติดเข้าสู่กระบวนการบำบัดรักษา ได้รับการดูแลอย่างมีคุณภาพต่อเนื่อง จนถึงการติดตาม (เฉพาะระบบสมัครใจ) (Retention Rate)', 'excellence-indicator-1-1', '10', '70', 'GTE', 'excellence_indicator_1_1', 1, 1, NULL);
INSERT INTO `kpi_indicators` VALUES (2, '12', 'ประชาชนที่มีความเสี่ยงสูงต่อการก่อความรุนแรงรายใหม่เข้ารับการรักษา', 'excellence-indicator-1-2', '10', '100', 'GTE', 'excellence_indicator_1_2', 1, 1, NULL);
INSERT INTO `kpi_indicators` VALUES (3, '13', 'การจัดตั้งคณะกรรมการดำเนินงานเฝ้าระวัง บังคับใช้กฎหมายและประชาสัมพันธ์ให้ความรู้ ความเข้าใจ โทษและพิษภัยของบุหรี่ บุหรี่ไฟฟ้า เครื่องดื่มแอลกอฮอล์ กัญชาและกระท่อม โดยใช้กลไกของคณะกรรมการพัฒนาคุณภาพชีวิตระดับอำเภอ (พชอ.)', 'excellence-indicator-1-3', '10', NULL, 'LTE', 'excellence_indicator_1_3', 1, 1, NULL);
INSERT INTO `kpi_indicators` VALUES (4, '15', 'อัตราส่วนการตายมารดาไทยต่อการเกิดมีชีพแสนคน ไม่เกิน 16', 'excellence-indicator-1-5', '10', '15', 'LT', 'excellence_indicator_1_5', 1, 2, NULL);
INSERT INTO `kpi_indicators` VALUES (5, '17', 'อัตราการคลอดก่อนกำหนดไม่เกิน 8', 'excellence-indicator-1-7', '10', '8', 'LT', 's_preterm1_hdc', 1, 2, NULL);
INSERT INTO `kpi_indicators` VALUES (6, '118', 'คลินิกผู้สูงอายุผ่านเกณฑ์คุณภาพในโรงพยาบาล', 'excellence-indicator-1-18', '10', '100', 'GTE', 'excellence_indicator_1_18', 1, 2, NULL);
INSERT INTO `kpi_indicators` VALUES (7, '119', 'ตำบลมีการดำเนินงานชมรมผู้สูงอายุคุณภาพด้านสุขภาพ', 'excellence-indicator-1-19', '10', '30', 'GTE', 'excellence_indicator_1_19', 1, 2, NULL);
INSERT INTO `kpi_indicators` VALUES (8, '121', 'หน่วยบริการในสังกัดผ่านองค์กรรอบรู้ด้านสุขภาพ ', 'excellence-indicator-1-21', '10', '100', 'GTE', 'excellence_indicator_1_21', 1, 2, NULL);
INSERT INTO `kpi_indicators` VALUES (9, '123', 'เครือข่ายบริการ(CUP) ดำเนินกิจกรรมโรงเรียนเด็กฟันดีประจำอำเภออย่างน้อย 1 โรงเรียน', 'excellence-indicator-1-23', '10', '1', 'GTE', 'excellence_indicator_1_23', 1, 3, NULL);
INSERT INTO `kpi_indicators` VALUES (10, '126', 'ความสำเร็จของระดับจังหวัดและระดับอำเภอมีการจัดการตอบโต้ภาวะฉุกเฉินด้านการแพทย์และสาธารณสุข ผ่านเกณฑ์ระดับดีมาก', 'excellence-indicator-1-26', '10', '70', 'GTE', 'excellence_indicator_1_26', 1, 4, NULL);
INSERT INTO `kpi_indicators` VALUES (11, '129', 'โรงพยาบาลที่พัฒนาอนามัยสิ่งแวดล้อมได้ตามเกณฑ์ระดับมาตรฐาน HER 9', 'excellence-indicator-1-29', '10', '50', 'GTE', 'excellence_indicator_1_29', 1, 5, NULL);
INSERT INTO `kpi_indicators` VALUES (12, '133', 'ผู้ที่มีผลผิดปกติจากการคัดกรองโรคมะเร็ง ได้รับการส่งต่อ วินิจฉัยรักษา', 'excellence-indicator-1-33', '10', '100', 'EQ', 'excellence_indicator_1_33', 1, 6, NULL);
INSERT INTO `kpi_indicators` VALUES (13, '136', 'การตรวจติดตามยืนยันวินิจฉัยกลุ่มสงสัยป่วยโรคเบาหวาน', 'excellence-indicator-1-36', '10', '70', 'GTE', 's_ncd_screen_repleate1_hdc', 1, 6, NULL);
INSERT INTO `kpi_indicators` VALUES (14, '141', 'สถานที่จำหน่ายอาหารดำเนินการตามมาตรฐาน SAN  ', 'excellence-indicator-1-4-1', '10', '65', 'GTE', 'excellence_indicator_1_4_1', 1, 7, 2);
INSERT INTO `kpi_indicators` VALUES (15, '142', 'แผงลอยจำหน่ายอาหาร ดำเนินการตามมาตรฐาน SAN  ', 'excellence-indicator-1-4-2', '10', '85', 'GTE', 'excellence_indicator_1_4_2', 1, 7, 2);
INSERT INTO `kpi_indicators` VALUES (16, '143', 'อาหารริมบาทวิถีดำเนินการตามมาตรฐาน SAN  ', 'excellence-indicator-1-4-3', '10', '65', 'GTE', 'excellence_indicator_1_4_3', 1, 7, 2);
INSERT INTO `kpi_indicators` VALUES (17, '144', 'ตลาดประเภทที่ 1 (ตลาดสด)ดำเนินการตามมาตรฐาน SAN  ', 'excellence-indicator-1-4-4', '10', '100', 'GTE', 'excellence_indicator_1_4_4', 1, 7, 2);
INSERT INTO `kpi_indicators` VALUES (18, '145', 'ตลาดประเภทที่ 2 (ตลาดนัด)ดำเนินการตามมาตรฐาน SAN  ', 'excellence-indicator-1-4-5', '10', '65', 'GTE', 'excellence_indicator_1_4_5', 1, 7, 2);
INSERT INTO `kpi_indicators` VALUES (19, '146', 'โรงพยาบาลผ่านมาตรฐานโรงพยาบาลอาหารปลอดภัย  ', 'excellence-indicator-1-4-6', '10', '85', 'GTE', 'excellence_indicator_1_4_6', 1, 7, 2);
INSERT INTO `kpi_indicators` VALUES (20, '147', 'ผลิตภัณฑ์อาหารได้มาตรฐาน ', 'excellence-indicator-1-4-7', '10', '95', 'GTE', 'excellence_indicator_1_4_7', 1, 7, 2);
INSERT INTO `kpi_indicators` VALUES (21, '241', 'ความถูกต้องเหมาะสมของการดูแลผู้ป่วยส่งต่อใน 3 โรคสำคัญ (STEMI Head inj. และ Appendicitis ในเด็ก) Process', 'excellence-indicator-2-41', '10', '80', 'GTE', 'excellence_indicator_2_41', 1, 8, NULL);
INSERT INTO `kpi_indicators` VALUES (22, '242', 'โรงพยาบาลที่เปิดให้บริการการแพทย์ทางไกลในกลุ่มโรคเรื้อรัง', 'excellence-indicator-2-42', '10', '80', 'GTE', 'excellence_indicator_2_42', 1, 8, NULL);
INSERT INTO `kpi_indicators` VALUES (23, '245', 'อำเภอที่ผ่านเกณฑ์การใช้ยาอย่างสมเหตุผล (RDU District)', 'excellence-indicator-2-45', '10', '60', 'GTE', 'excellence-indicator-2-45', 1, 7, NULL);
INSERT INTO `kpi_indicators` VALUES (24, '246', 'ผู้ป่วยวิกฤตฉุกเฉินเข้าถึงบริการการแพทย์ฉุกเฉิน', 'excellence-indicator-2-46', '10', '29', 'GTE', 'excellence_indicator_2_46', 1, 9, NULL);
INSERT INTO `kpi_indicators` VALUES (25, '347', 'หน่วยบริการมีการพัฒนาศักยภาพบุคลากรในกลุ่มวิชาชีพและกลุ่มสนับสนุน ไม่น้อยกว่า 50 ', 'excellence-indicator-3-47', '10', '60', 'GTE', 'excellence_indicator_3_47', 1, 10, NULL);
INSERT INTO `kpi_indicators` VALUES (26, '348', 'หน่วยบริการมีกระบวนการในการพิจารณาเลื่อนขั้นเงินเดือนไม่เกิน กรอบเวลา ', 'excellence-indicator-3-48', '10', '100', 'GTE', 'excellence_indicator_3_48', 1, 10, NULL);
INSERT INTO `kpi_indicators` VALUES (27, '449', 'หน่วยบริการผ่านเกณฑ์ ITA', 'excellence-indicator-4-49', '10', '94', 'GTE', 'excellence_indicator_4_49', 1, 11, NULL);
INSERT INTO `kpi_indicators` VALUES (28, '451', 'หน่วยบริการมีการบริหารระบบการจัดเก็บรายได้ค่ารักษาพยาบาลที่มีประสิทธิภาพ ระดับดี ขึ้นไป', 'excellence-indicator-4-51', '10', '90', 'GTE', 'excellence_indicator_4_51', 1, 12, NULL);
INSERT INTO `kpi_indicators` VALUES (29, '452', 'หน่วยบริการผ่านเกณฑ์มาตรฐานHA', 'excellence-indicator-4-52', '10', '93', 'GTE', 'excellence_indicator_4_52', 1, 8, NULL);
INSERT INTO `kpi_indicators` VALUES (30, '453', 'หน่วยบริการยื่นขอรับประเมิน HAIT', 'excellence-indicator-4-53', '10', '100', 'GTE', 'excellence_indicator_4_53', 1, 13, NULL);
INSERT INTO `kpi_indicators` VALUES (31, '454', 'รพ.ผ่านเกณฑ์การประเมินความเสี่ยงด้าน Cyber(CTEM)', 'excellence-indicator-4-54', '10', '100', 'GTE', 'excellence_indicator_4_54', 1, 13, NULL);
INSERT INTO `kpi_indicators` VALUES (32, '455', 'รพ.ผ่านเกณฑ์การประเมิน  รพ.อัจฉริยะระดับทองขึ้นไป  ', 'excellence-indicator-4-55', '10', '90', 'GTE', 'excellence_indicator_4_55', 1, 13, NULL);
INSERT INTO `kpi_indicators` VALUES (33, '557', 'รายรับจากการให้บริการผู้ป่วยนอกที่ได้รับการบริการด้านการแพทย์แผนไทยและการแพทย์ทางเลือกที่ได้มาตรฐานต่อจำนวนครั้งการให้บริการผู้ป่วยนอก', 'excellence-indicator-5-57', '10', '30', 'GTE', 'excellence_indicator_5_57', 1, 14, NULL);
INSERT INTO `kpi_indicators` VALUES (34, '559', 'ผู้ป่วยที่ได้รับการวินิจฉัยโรค Common Diseases and Symptoms  มีการส่งจ่ายยาสมุนไพร', 'excellence-indicator-5-59', '10', '15', 'GTE', 'moph_kpi_826', 1, 14, NULL);
INSERT INTO `kpi_indicators` VALUES (35, '560', 'ผู้ป่วยที่มีการวินิจฉัยโรคหลอดเลือดสมอง อัมพฤกษ์ อัมพาตระยะกลาง(Intermediate Care) ที่ได้รับการดูแลด้วยการแพทย์แผนไทยและการแพทย์ทางเลือก', 'excellence-indicator-5-60', '10', '20', 'GTE', 's_i6069imc_w_hdc', 1, 14, NULL);
INSERT INTO `kpi_indicators` VALUES (36, '561', 'อัตราการเพิ่มขึ้นของจำนวนสถานประกอบการด้านการท่องเที่ยวเชิงสุขภาพที่ได้รับมาตรฐานตามที่กำหนด', 'excellence-indicator-5-61', '10', '20', 'GTE', 'excellence_indicator_5_61', 1, 14, NULL);
INSERT INTO `kpi_indicators` VALUES (37, '562', 'ผลิตภัณฑ์สุขภาพที่ได้รับการส่งเสริมและได้รับการอนุญาต', 'excellence-indicator-5-62', '10', '92', 'GTE', 'excellence_indicator_5_62', 1, 7, NULL);
INSERT INTO `kpi_indicators` VALUES (38, '611', 'ฟอกไตฟรีได้ทุกแห่ง', 'rmw_kpi_611', '10', NULL, 'GTE', 'rmw_kpi_611', 0, NULL, NULL);
INSERT INTO `kpi_indicators` VALUES (39, '612', 'อัตราความรอบรู้ด้านสุขภาพของประชาชนไทย อายุ 15 ปี ขึ้นไป', 'rmw_kpi_612', '10', NULL, 'GTE', 'rmw_kpi_612', 0, NULL, NULL);
INSERT INTO `kpi_indicators` VALUES (40, '613', 'ประชาชนในชุมชน ได้รับการส่งเสริมความรอบรู้ด้านสุขภาพ (Health Literacy Community : HLC)', 'rmw_kpi_613', '10', NULL, 'GTE', 'rmw_kpi_613', 0, NULL, NULL);
INSERT INTO `kpi_indicators` VALUES (41, '614', 'ประเมินสถานะองค์กรรอบรู้ด้านสุขภาพ (Health Literacy Organization : HLO) ', 'rmw_kpi_614', '10', NULL, 'GTE', 'rmw_kpi_614', 0, NULL, NULL);
INSERT INTO `kpi_indicators` VALUES (42, '615', 'การนัดหมายออนไลน์', 'rmw_kpi_615', '10', NULL, 'GTE', 'rmw_kpi_615', 0, NULL, NULL);
INSERT INTO `kpi_indicators` VALUES (43, '617', 'Cyber security', 'rmw_kpi_617', '10', '100', 'EQ', 'moph_kpi_840', 0, NULL, NULL);
INSERT INTO `kpi_indicators` VALUES (44, '619', 'เชื่อมระบบ MOPH HIS Connect', 'rmw_kpi_619', '10', '100', 'EQ', 'rmw_kpi_619', 0, NULL, 10);
INSERT INTO `kpi_indicators` VALUES (45, '620', 'เชื่อมโยงระบบ MOPH Refer', 'rmw_kpi_620', '10', NULL, 'GTE', 'rmw_kpi_620', 0, NULL, 10);
INSERT INTO `kpi_indicators` VALUES (46, '622', 'อัตราส่วนสถานประกอบการด้านการท่องเที่ยวเชิงสุขภาพที่ได้รับมาตรฐานตามที่กำหนดต่อจำนวนนักท่องเที่ยว ', 'rmw_kpi_622', '10', NULL, 'GTE', 'rmw_kpi_622', 0, NULL, 11);
INSERT INTO `kpi_indicators` VALUES (47, '623', 'อัตราการเพิ่มขึ้นของจำนวนสถานประกอบการด้านการท่องเที่ยวเชิงสุขภาพที่ได้รับมาตรฐานตามที่กำหนด ', 'rmw_kpi_623', '10', NULL, 'GTE', 'rmw_kpi_623', 0, NULL, 11);
INSERT INTO `kpi_indicators` VALUES (48, '624', 'อัตราการขยายตัวของกลุ่มอุตสาหกรรมการแพทย์และการท่องเที่ยวเชิงสุขภาพ ', 'rmw_kpi_624', '10', NULL, 'GTE', 'rmw_kpi_624', 0, NULL, 11);
INSERT INTO `kpi_indicators` VALUES (49, '625', 'ร้อยละผลิตภัณฑ์สุขภาพที่ได้รับการส่งเสริมและได้รับการอนุญาต', 'rmw_kpi_625', '10', NULL, 'GTE', 'rmw_kpi_625', 0, NULL, 11);
INSERT INTO `kpi_indicators` VALUES (50, '626', 'การบริหารตำแหน่งว่าง', 'rmw_kpi_626', '10', NULL, 'GTE', 'rmw_kpi_626', 0, NULL, NULL);
INSERT INTO `kpi_indicators` VALUES (51, '627', 'อสม.ดูแลผู้สูงอายุและผู้ที่มีภาวะพึ่งพิง', 'rmw_kpi_627', '10', NULL, 'GTE', 'rmw_kpi_627', 0, NULL, NULL);
INSERT INTO `kpi_indicators` VALUES (52, '628', 'อสม.ผู้ช่วยปรับเปลี่ยนพฤติกรรมสุขภาพ', 'rmw_kpi_628', '10', NULL, 'GTE', 'rmw_kpi_628', 0, NULL, NULL);
INSERT INTO `kpi_indicators` VALUES (53, '629', 'อสม.ผู้ช่วยสาธารณสุขดูแลป้องกันโรค', 'rmw_kpi_629', '10', NULL, 'GTE', 'rmw_kpi_629', 0, NULL, NULL);
INSERT INTO `kpi_indicators` VALUES (54, '630', 'อสม.ดูแลผู้ป่วยเบาหวานในระยะสงบ', 'rmw_kpi_630', '10', NULL, 'GTE', 'rmw_kpi_630', 0, NULL, NULL);
INSERT INTO `kpi_indicators` VALUES (55, '631', 'อสม.ผู้ช่วยแพทย์แผนไทย', 'rmw_kpi_631', '10', NULL, 'GTE', 'rmw_kpi_631', 0, NULL, NULL);
INSERT INTO `kpi_indicators` VALUES (56, '633', 'รพช. มีอัตราครองเตียง ≥ 80%', 'rmw_kpi_633', '10', NULL, 'GTE', 'rmw_kpi_633', 0, NULL, 14);
INSERT INTO `kpi_indicators` VALUES (57, '634', 'รพศ./รพท. มีค่า Sum adjust RW เพิ่มขึ้น', 'rmw_kpi_634', '10', NULL, 'GTE', 'rmw_kpi_634', 0, NULL, 14);
INSERT INTO `kpi_indicators` VALUES (58, '635', 'การเงินการคลังหน่วยบริการ ไม่อยู่ในกาวะวิกฤติ', 'rmw_kpi_635', '10', NULL, 'GTE', 'rmw_kpi_635', 0, NULL, 14);
INSERT INTO `kpi_indicators` VALUES (59, '636', 'หน่วยบริการผ่านเกณฑ์การประเมิน TPS ระดับ B ขึ้นไป ', 'rmw_kpi_636', '10', NULL, 'GTE', 'rmw_kpi_636', 0, NULL, 14);
INSERT INTO `kpi_indicators` VALUES (60, '639', 'วัยเรียน วัยรุ่น IQ EQ ดี', 'rmw_kpi_639', '10', NULL, 'GTE', 'rmw_kpi_639', 0, NULL, 15);
INSERT INTO `kpi_indicators` VALUES (61, '641', 'โรงพยาบาลที่พัฒนาอนามัยสิ่งแวดล้อม ได้ตามเกณฑ์ GREEN & CLEAN Hospital Challenge (ระดับมาตรฐานขึ้นไป และระดับท้าทาย) ', 'rmw_kpi_641', '10', NULL, 'GTE', 'moph_kpi_817', 0, NULL, 16);
INSERT INTO `kpi_indicators` VALUES (62, '642', 'ระบบบำบัดน้ำเสีย', 'rmw_kpi_642', '10', NULL, 'GTE', 'rmw_kpi_642', 0, NULL, NULL);
INSERT INTO `kpi_indicators` VALUES (63, '643', 'Solar Rooftop', 'rmw_kpi_643', '10', NULL, 'GTE', 'rmw_kpi_643', 0, NULL, NULL);
INSERT INTO `kpi_indicators` VALUES (64, '711', 'เด็ก 0-5 ปี มีรูปร่างสมส่วน (เป้าหมาย ร้อยละ 72) ', 'p_kpi_2', '10', '72', 'GTE', 's_kpi_height05_hdc', 1, NULL, NULL);
INSERT INTO `kpi_indicators` VALUES (65, '712', 'ร้อยละของผู้ป่วยเบาหวานชนิดที่ 2 ที่เข้าสู่โรคเบาหวานระยะสงบ (DM remission) ต่อผู้ป่วยที่เข้าเกณฑ์และสมัคร ใจเข้าร่วม NCDs remission clinic', 'p_kpi_3', '10', '10', 'GTE', 'p_kpi_3', 1, NULL, NULL);
INSERT INTO `kpi_indicators` VALUES (66, '713', 'ประชาชนอายุ 15 ปีขึ้นไป มีความรู้เรื่องการปรับเปลี่ยนพฤติกรรมสุขภาพเพื่อลดความเสี่ยงในการป่วยด้วยโรคเบาหวานและความดันโลหิตสูง (เป้าหมาย ร้อยละ 80)', 'p_kpi_4', '10', '80', 'GTE', 'p_kpi_4', 1, NULL, NULL);
INSERT INTO `kpi_indicators` VALUES (67, '714', 'ผู้ที่สัมผัสโรคจะได้รับการฉีดวัคซีนป้องกันตามแนวทางเวชปฏิบัติ ร้อยละ 100', 'p_kpi_5', '10', '100', 'GTE', 'p_kpi_5', 1, NULL, NULL);
INSERT INTO `kpi_indicators` VALUES (68, '715', 'อัตราความครอบคลุมการฉีดวัคซีนในสุนัขและแมว อย่างน้อยร้อยละ 80 ', 'p_kpi_6', '10', '80', 'GTE', 'p_kpi_6', 1, NULL, NULL);
INSERT INTO `kpi_indicators` VALUES (69, '716', 'อัตราการฆ่าตัวตายสำเร็จไม่เกิน 7.8 ต่อประชากรแสนคน', 'p_kpi_7', '10', '7.8', 'LTE', 'p_kpi_7', 1, 1, NULL);
INSERT INTO `kpi_indicators` VALUES (70, '717', 'องค์กรปกครองส่วนท้องถิ่นดำเนินการก่อสร้างระบบบำบัดสิ่งปฏิกูลจากรถสูบส้วม อำเภอละ 1 แห่ง', 'p_kpi_8', '10', '1', 'GTE', 'p_kpi_8', 1, NULL, NULL);
INSERT INTO `kpi_indicators` VALUES (71, '718', 'องค์กรปกครองส่วนท้องถิ่นพัฒนาระบบประปาหมู่บ้านผ่านมาตรฐานประปาสะอาด 3 C (clear clean chlorine) กรมอนามัย อย่างน้อยอำเภอละ 1 แห่ง', 'p_kpi_9', '10', '1', 'GTE', 'p_kpi_9', 1, NULL, NULL);
INSERT INTO `kpi_indicators` VALUES (72, '719', 'อัตราความครอบคลุมอำเภอที่มีการจัดการความเสี่ยงสารตกค้างยาฆ่าแมลงในผักผลไม้ แบบบูรณาการ ', 'p_kpi_10', '10', '100', 'GTE', 'p_kpi_10', 1, NULL, NULL);
INSERT INTO `kpi_indicators` VALUES (73, '720', 'อัตราความครอบคลุมสถานที่จำหน่ายอาหารผ่านเกณฑ์ SAN ร้อยละ 60', 'p_kpi_11', '10', '60', 'GTE', 'p_kpi_11', 1, NULL, NULL);
INSERT INTO `kpi_indicators` VALUES (74, '721', 'ร้อยละของผู้ป่วยเบาหวานชนิดที่ 2 ที่เข้าสูโรคเบาหวานระยะสงบ (DM remission) ต่อผู้ป่วยเบาหวานชนิดที่ 2 ที่ เข้าเกณฑ์ในเขตรับผิดชอบ', 'p_kpi_12', '10', '1', 'GTE', 'p_kpi_12', 1, NULL, NULL);
INSERT INTO `kpi_indicators` VALUES (75, '810', 'อัตราส่วนการตายมารดาไทยต่อการเกิดมีชีพแสนคน', 'moph_kpi_810', '10', '15', 'LT', 'moph_kpi_810', 1, 2, NULL);
INSERT INTO `kpi_indicators` VALUES (76, '812', 'อัตราความรอบรู้ด้านสุขภาพของประชาชนไทย อายุ 15 ปี ขึ้นไป', 'moph_kpi_812', '10', '82', 'GTE', 'moph_kpi_812', 1, 2, NULL);
INSERT INTO `kpi_indicators` VALUES (77, '813', 'ระดับความรอบรู้สุขภาพของประชาชนเรื่องโรคอุบัติใหม่และอุบัติซ้ำ', 'moph_kpi_813', '10', '5', 'GTE', 'moph_kpi_813', 1, 4, NULL);
INSERT INTO `kpi_indicators` VALUES (78, '816', 'อัตราการเสียชีวิตและบาดเจ็บจากอุบัติเหตุทางถนนในกลุ่มเด็กและเยาวชนลดลง (ช่วงวัย 1 - 18 ปี)', 'moph_kpi_816', '10', '3', 'LT', 'moph_kpi_816', 1, 9, NULL);
INSERT INTO `kpi_indicators` VALUES (79, '817', 'ร้อยละของ รพ.ที่พัฒนาอนามัยสิ่งแวดล้อมได้ตามเกณฑ์ GREEN & CLEAN Hospital Challenge (ระดับมาตรฐานขึ้นไป)', 'moph_kpi_817', '10', '90', 'GTE', 'moph_kpi_817', 1, 5, 25);
INSERT INTO `kpi_indicators` VALUES (80, '818', 'ร้อยละของ รพ.ที่พัฒนาอนามัยสิ่งแวดล้อมได้ตามเกณฑ์ GREEN & CLEAN Hospital Challenge (ระดับท้าทาย)', 'moph_kpi_818', '10', '90', 'GTE', 'moph_kpi_817', 1, 5, 25);
INSERT INTO `kpi_indicators` VALUES (81, '819', 'จำนวนการจัดตั้งหน่วยบริการปฐมภูมิและเครือข่ายหน่วยบริการปฐมภูมิ', 'moph_kpi_819', '10', '90', 'GTE', 'moph_kpi_819', 1, 15, NULL);
INSERT INTO `kpi_indicators` VALUES (82, '820', 'ร้อยละของชุมชนมีการดำเนินการจัดการสุขภาพที่เหมาะสมให้กับประชาชน', 'moph_kpi_820', '10', '90', 'GTE', 'moph_kpi_820', 1, 15, NULL);
INSERT INTO `kpi_indicators` VALUES (83, '822', 'อัตราความสำเร็จการรักษาผู้ป่วยวัณโรคปอดรายใหม่', 'moph_kpi_822', '10', '88', 'GTE', 'moph_kpi_822', 1, 4, 27);
INSERT INTO `kpi_indicators` VALUES (84, '823', 'อัตราความครอบคลุมการขึ้นทะเบียนรักษาของผู้ป่วยวัณโรครายใหม่และกลับเป็นซ้ำ', 'moph_kpi_823', '10', '10', 'GTE', 'moph_kpi_823', 1, 4, 27);
INSERT INTO `kpi_indicators` VALUES (85, '826', 'ร้อยละของผู้ป่วยที่ได้รับการวินิจฉัยโรค Common Diseases and Symptoms มีการสั่งจ่ายยาสมุนไพรเพิ่มขึ้น', 'moph_kpi_826', '10', '10', 'GTE', 'moph_kpi_826', 1, NULL, NULL);
INSERT INTO `kpi_indicators` VALUES (86, '828', 'ร้อยละของผู้ป่วยโรคจิตเวชและสารเสพติดที่มีความเสี่ยงสูงต่อการก่อความรุนแรง (SMI-V) ได้รับการดูแลต่อเนื่องจนไม่ก่อความรุนแรงซ้ำ', 'moph_kpi_828', '10', '85', 'GTE', 'moph_kpi_828', 1, 1, NULL);
INSERT INTO `kpi_indicators` VALUES (87, '831', 'ร้อยละผู้ป่วยไตเรื้อรัง stage 5 รายใหม่ ลดลงจากปีงบประมาณก่อนหน้า', 'kpi-main-2568-1901', '10', '5', 'GTE', 'kpi-main-2568-1901', 1, 6, NULL);
INSERT INTO `kpi_indicators` VALUES (88, '832', 'อัตราส่วนของผู้บริจาคอวัยวะสมองตายที่ได้รับการผ่าตัดนำอวัยวะออก ต่อจำนวนผู้ป่วยเสียชีวิตใน รพ. (A, S, M1)', 'moph_kpi_832', '10', '0.55', 'GTE', 'moph_kpi_832', 1, 8, NULL);
INSERT INTO `kpi_indicators` VALUES (89, '834', 'ร้อยละของผู้ที่ได้รับการคัดกรองมะเร็งลำไส้ใหญ่และไส้ตรง', 'kpi-main-2568-2103', '10', '55', 'GTE', 'kpi-main-2568-2103', 1, 6, NULL);
INSERT INTO `kpi_indicators` VALUES (90, '835', 'ร้อยละของผู้ป่วยยาเสพติดเข้าสู่กระบวนการบำบัดรักษา ได้รับการดูแลอย่างมีคุณภาพต่อเนื่องจนถึงการติดตาม (Retention Rate)', 'moph_kpi_835', '10', '70', 'GTE', 'moph_kpi_835', 1, 1, NULL);
INSERT INTO `kpi_indicators` VALUES (91, '836', 'ร้อยละของผู้ป่วยฉุกเฉินวิกฤต (Triage level 1) เข้าถึงบริการการแพทย์ฉุกเฉิน', 'moph_kpi_836', '10', '29', 'GTE', 'moph_kpi_836', 1, 9, NULL);
INSERT INTO `kpi_indicators` VALUES (92, '837', 'ร้อยละของผู้ป่วยในพระบรมราชานุเคราะห์ และพระราชานุเคราะห์ ได้รับการดูแลอย่างมีคุณภาพ', 'moph_kpi_837', '10', '80', 'GTE', 'moph_kpi_837', 1, 8, NULL);
INSERT INTO `kpi_indicators` VALUES (93, '838', 'การบริหารจัดการตำแหน่งว่าง (คงเหลือ)', 'moph_kpi_838', '10', '5', 'GTE', 'moph_kpi_838', 1, 10, NULL);
INSERT INTO `kpi_indicators` VALUES (94, '839', 'ร้อยละการปรับปรุงตำแหน่งให้สอดรับกับการยกระดับบริการสุขภาพ', 'moph_kpi_839', '10', '0.5', 'GTE', 'moph_kpi_839', 1, 10, NULL);
INSERT INTO `kpi_indicators` VALUES (95, '840', 'ร้อยละของหน่วยงานที่ผ่านเกณฑ์มาตรฐานความมั่นคงปลอดภัยไซเบอร์ระดับสูง', 'moph_kpi_840', '10', '100', 'EQ', 'moph_kpi_840', 1, 13, NULL);
INSERT INTO `kpi_indicators` VALUES (96, '841', 'ร้อยละของหน่วยงานในสังกัดกระทรวงสาธารณสุขผ่านเกณฑ์การประเมิน ITA', 'moph_kpi_841', '10', '94', 'GTE', 'moph_kpi_841', 1, NULL, NULL);
INSERT INTO `kpi_indicators` VALUES (97, '842', 'ร้อยละของโรงพยาบาลสังกัดกระทรวงสาธารณสุขมีคุณภาพมาตรฐานผ่านการรับรอง HA ขั้นมาตรฐาน', 'moph_kpi_842', '10', '92', 'GTE', 'moph_kpi_842', 1, 8, NULL);
INSERT INTO `kpi_indicators` VALUES (98, '843', 'ร้อยละของโรงพยาบาลในเขตสุขภาพผ่านเกณฑ์พัฒนาโรงพยาบาลที่มีการตรวจทางห้องปฏิบัติการทางการแพทย์อย่างสมเหตุผล (RLU hospital) ตามเกณฑ์ที่กำหนด', 'kpi-main-2568-2901', '10', '5', 'GTE', 'excellence_indicator_4_56_3', 1, NULL, NULL);
INSERT INTO `kpi_indicators` VALUES (99, '844', 'ความแตกต่างการใช้สิทธิ เมื่อไปใช้บริการผู้ป่วยในของผู้มีสิทธิในระบบหลักประกันสุขภาพถ้วนหน้า (compliance rate)', 'moph_kpi_844', '10', '1.5', 'LTE', 'moph_kpi_844', 1, 12, NULL);
INSERT INTO `kpi_indicators` VALUES (100, '845', 'ประชาชนสามารถเข้าถึงสิทธิในระบบหลักประกันสุขภาพถ้วนหน้า (UHC)', 'moph_kpi_845', '10', '99.55', 'LTE', 'moph_kpi_845', 1, 12, NULL);
INSERT INTO `kpi_indicators` VALUES (101, '846', 'ร้อยละของหน่วยบริการที่ประสบภาวะวิกฤตทางการเงิน (ระดับ 7)', 'moph_kpi_846', '10', '2', 'LTE', 'moph_kpi_846', 1, 12, NULL);
INSERT INTO `kpi_indicators` VALUES (102, '847', 'ร้อยละของหน่วยบริการที่ประสบภาวะวิกฤตทางการเงิน (ระดับ 6)', 'moph_kpi_847', '10', '4', 'LTE', 'moph_kpi_846', 1, 12, NULL);
INSERT INTO `kpi_indicators` VALUES (103, '848', 'อัตราการเพิ่มขึ้นของจำนวนสถานประกอบการด้านการท่องเที่ยวเชิงสุขภาพที่ได้รับมาตรฐานตามที่กำหนด', 'moph_kpi_848', '10', '20', 'GTE', 'moph_kpi_848', 1, NULL, NULL);
INSERT INTO `kpi_indicators` VALUES (104, '849', 'อัตราการขยายตัวของกลุ่มอุตสาหกรรมการแพทย์และการท่องเที่ยวเชิงสุขภาพ (Proxy : ร้อยละสถานประกอบการมีศักยภาพในการแข่งขันด้านอุตสาหกรรมบริการทางการแพทย์)', 'moph_kpi_849', '10', '10', 'GTE', 'moph_kpi_849', 1, NULL, NULL);
INSERT INTO `kpi_indicators` VALUES (105, '850', 'ร้อยละผลิตภัณฑ์สุขภาพที่ได้รับการส่งเสริมและได้รับการอนุญาต', 'moph_kpi_850', '10', '90', 'GTE', 'moph_kpi_850', 1, 7, 31);
INSERT INTO `kpi_indicators` VALUES (106, '851', 'ร้อยละของชุมชนมีการจัดการสุขภาพที่เหมาะสมกับประชาชน', 'moph_kpi_851', '10', '90', 'GTE', 'moph_kpi_851', 1, NULL, NULL);
INSERT INTO `kpi_indicators` VALUES (107, '852', 'ระดับความรอบรู้สุขภาพประชาชนเรื่องโรคอุบัติใหม่อุบัติซ้ำเพิ่มขึ้น  (Proxy: ร้อยละของประชาชนกลุ่มเป้าหมายที่มีความรอบรู้สุขภาพในการป้องกันควบคุมโรคไข้หวัดนกระดับพอเพียงขึ้นไป)', 'moph_kpi_852', '10', '5', 'GTE', 'moph_kpi_852', 1, NULL, NULL);
INSERT INTO `kpi_indicators` VALUES (108, '853', 'อัตราการเสียชีวิตและบาดเจ็บจากอุบัติเหตุทางถนนในกลุ่มเด็กและเยาวชน (ช่วงวัย 1-18 ปี) ลดลง', 'moph_kpi_853', '10', '3', 'LTE', 'moph_kpi_853', 1, NULL, NULL);
INSERT INTO `kpi_indicators` VALUES (109, '854', 'อัตราความครอบคลุมวัคซีนหัด-คางทูม-หัดเยอรมัน เข็มที่ 2 (MMR) ในเด็กอายุต่ำกว่า    3 ปี', 'moph_kpi_854', '10', '95', 'GTE', 'moph_kpi_854', 1, NULL, NULL);
INSERT INTO `kpi_indicators` VALUES (110, '855', 'ร้อยละของผู้ป่วยมะเร็งที่ได้รับการรักษาด้วยการผ่าตัดภายในระยะเวลา 4 สัปดาห์ ', 'moph_kpi_855', '10', '70', 'GTE', 'moph_kpi_855', 1, NULL, 32);
INSERT INTO `kpi_indicators` VALUES (111, '856', 'ร้อยละของผู้ป่วยมะเร็งที่ได้รับการรักษาด้วยเคมีบำบัดภายในระยะเวลา 6 สัปดาห์ ', 'moph_kpi_856', '10', '70', 'GTE', 'moph_kpi_856', 1, NULL, 32);
INSERT INTO `kpi_indicators` VALUES (112, '857', 'ร้อยละของผู้ป่วยมะเร็งที่ได้รับการรักษาด้วยรังสีรักษาภายในระยะเวลา 6 สัปดาห์ ', 'moph_kpi_857', '10', '60', 'GTE', 'moph_kpi_857', 1, NULL, 32);
INSERT INTO `kpi_indicators` VALUES (113, '858', 'การจัดตั้งมินิธัญญารักษ์ในโรงพยาบาล Node', 'moph_kpi_858', '10', '100', 'EQ', 'moph_kpi_858', 1, NULL, 33);
INSERT INTO `kpi_indicators` VALUES (114, '859', 'สัดส่วนการกระจายแพทย์ในโรงพยาบาลชุมชนสังกัดสำนักงานปลัดกระทรวงสาธาณณสุข', 'moph_kpi_859', '10', '80', 'GTE', 'moph_kpi_859', 1, NULL, 34);
INSERT INTO `kpi_indicators` VALUES (115, '860', 'จำนวนผลิตภัณฑ์สุขภาพที่ได้รับการพัฒนาให้มีศักยภาพในการส่งออก', 'moph_kpi_860', '10', '12', 'GTE', 'moph_kpi_860', 1, 7, 31);
INSERT INTO `kpi_indicators` VALUES (116, '911', 'อัตราส่วนการตายมารดาไทยต่อการเกิดมีชีพแสนคน', 'i_kpi_1', '10', '15', 'LT', 'i_kpi_1', 1, 2, NULL);
INSERT INTO `kpi_indicators` VALUES (117, '913', 'ร้อยละของชุมชนมีการดำเนินการจัดการสุขภาพที่เหมาะสมกับประชาชน', 'i_kpi_3', '10', '90', 'GTE', 'moph_kpi_820', 1, 15, NULL);
INSERT INTO `kpi_indicators` VALUES (118, '914', 'อัตราความรอบรู้ด้านสุขภาพของประชาชนไทย อายุ 15 ปี ขึ้นไป', 'i_kpi_4', '10', NULL, 'GTE', 'i_kpi_4', 1, NULL, NULL);
INSERT INTO `kpi_indicators` VALUES (119, '915', 'ระดับความรอบรู้สุขภาพของประชาชน เรื่องโรคอุบัติใหม่และโรคอุบัติซ้ำเพิ่มขึ้น\n (Proxy : ร้อยละของประชากรกลุ่มเป้าหมายที่มีความรอบรู้สุขภาพในการป้องกันควบคุมโรคไข้หวัดนก ระดับพอเพียงขึ้นไป)', 'i_kpi_5', '10', NULL, 'GTE', 'i_kpi_5', 1, 4, NULL);
INSERT INTO `kpi_indicators` VALUES (120, '917', 'อัตราการเสียชีวิตและบาดเจ็บจากอุบัติเหตุทางถนนในกลุ่มเด็กและเยาวชน (ช่วงวัย 1-18 ปี) ลดลง', 'i_kpi_7', '10', '3', 'LT', 'moph_kpi_816', 1, 9, NULL);
INSERT INTO `kpi_indicators` VALUES (121, '918', 'ร้อยละความครอบคลุมของวัคซีนป้องกันหัด-คางทูม-หัดเยอรมัน เข็มที่ 2 (MMR2) ในเด็กอายุต่ำกว่า 3 ปี ระดับจังหวัด เป็นไปตามเป้าหมายการกำจัดโรคหัดตามพันธสัญญานานาชาติ', 'i_kpi_8', '10', NULL, 'GTE', 'i_kpi_8', 1, 4, NULL);
INSERT INTO `kpi_indicators` VALUES (122, '919', 'ร้อยละของโรงพยาบาลที่พัฒนาอนามัยสิ่งแวดล้อมได้ตามเกณฑ์ GREEN & CLEAN Hospital Challenge (ระดับมาตรฐานขึ้นไป และระดับท้าทาย)', 'i_kpi_9', '10', NULL, 'GTE', 'moph_kpi_817', 1, 5, NULL);
INSERT INTO `kpi_indicators` VALUES (123, '1251', 'ผู้ที่มีผลตรวจยืนยันผิดปกติโรคไวรัสตับอักเสบ บี  ได้รับการส่งต่อวินิจฉัยรักษา', 'excellence-indicator-1-25-1', '10', '50', 'GTE', 'excellence_indicator_1_25_1', 1, 4, 38);
INSERT INTO `kpi_indicators` VALUES (124, '1252', 'ผู้ที่มีผลตรวจยืนยันผิดปกติโรคไวรัสตับอักเสบ ซี ได้รับการส่งต่อวินิจฉัยรักษา', 'excellence-indicator-1-25-2', '10', '80', 'GTE', 'excellence_indicator_1_25_2', 1, 4, 38);
INSERT INTO `kpi_indicators` VALUES (125, '1271', 'ระดับมาตรฐาน (Standard)  ระดับมาตรฐานขึ้นไป ', 'excellence-indicator-1-27-1', '10', '95', 'GTE', 'excellence_indicator_1_27_1', 1, 5, 39);
INSERT INTO `kpi_indicators` VALUES (126, '1272', 'ระดับท้าทาย (Challenge) ระดับดีเยี่ยมขึ้นไป ', 'excellence-indicator-1-27-2', '10', '30', 'GTE', 'excellence_indicator_1_27_2', 1, 5, 39);
INSERT INTO `kpi_indicators` VALUES (127, '1281', 'อำเภอมีการดำเนินการขับเคลื่อนระบบการเฝ้าระวังโรคและภัยสุขภาพจากโรคจากการประกอบอาชีพและโรคจากสิ่งแวดล้อม', 'excellence-indicator-1-28-1', '10', '100', 'GTE', 'excellence_indicator_1_28_1', 1, 5, 40);
INSERT INTO `kpi_indicators` VALUES (128, '1282', 'หน่วยบริการมีการดำเนินงานจัดบริการอาชีวอนามัยและเวชกรรมสิ่งแวดล้อมตามเกณฑ์มาตรฐานในโรงพยาบาลระดับดีขึ้นไป ร้อยละ 60', 'excellence-indicator-1-28-2', '10', '60', 'GTE', 'excellence_indicator_1_28_2', 1, 5, NULL);
INSERT INTO `kpi_indicators` VALUES (129, '1283', 'การดำเนินงานจัดบริการอาชีวอนามัยและเวชกรรมสิ่งแวดล้อมตามเกณฑ์มาตรฐานในโรงพยาบาลส่งเสริมสุขภาพตำบลทุกอำเภอ', 'excellence-indicator-1-28-3', '10', '100', 'EQ', 'excellence_indicator_1_28_3', 1, 2, 42);
INSERT INTO `kpi_indicators` VALUES (130, '1901', 'ผู้ป่วยยาเสพติดในระบบสมัครใจ สามารถหยุดเสพยาต่อเนื่อง 3 เดือนหลังจำหน่ายจากการบำบัดรักษา', 'r9-report-1', '10', NULL, 'GTE', 'r9_report_1', 1, 1, 43);
INSERT INTO `kpi_indicators` VALUES (131, '1902', 'ผู้ป่วยยาเสพติดในระบบสมัครใจ สามารถหยุดเสพยาต่อเนื่อง 1 ปีหลังจำหน่ายจากการบำบัดรักษา', 'r9-report-2', '10', NULL, 'GTE', 'r9_report_2', 1, 1, 43);
INSERT INTO `kpi_indicators` VALUES (132, '1903', 'ระยะเวลาการรับบริการที่ OPD (เปิดสิทธิ-รับยา)', 'r9-report-3', '10', NULL, 'GTE', 'r9_report_3', 1, 8, 44);
INSERT INTO `kpi_indicators` VALUES (133, '1904', 'ผ่าตัดภายใน 4 สัปดาห์', 'r9-report-4', '10', NULL, 'GTE', 'r9_report_4', 1, 6, 45);
INSERT INTO `kpi_indicators` VALUES (134, '1905', 'เคมีบำบัดภายใน 6 สัปดาห์', 'r9-report-5', '10', NULL, 'GTE', 'r9_report_5', 1, 6, 45);
INSERT INTO `kpi_indicators` VALUES (135, '1906', 'รังสีรักษาภายใน 6 สัปดาห์', 'r9-report-6', '10', NULL, 'GTE', 'r9_report_6', 1, 6, 45);
INSERT INTO `kpi_indicators` VALUES (136, '1907', 'ผู้ป่วยไตเรื้อรังได้รับการ Dialysis ใกล้บ้าน ', 'r9-report-7', '10', NULL, 'GTE', 'r9_report_7', 1, 6, 46);
INSERT INTO `kpi_indicators` VALUES (137, '1909', 'อัตราความสำเร็จในการรักษาผู้ป่วย TB', 'r9-report-9', '10', NULL, 'GTE', 'r9_report_9', 1, 4, 47);
INSERT INTO `kpi_indicators` VALUES (138, '1910', 'ความครอบคลุมการขึ้นทะเบียนรักษาผู้ป่วย TB รายใหม่ และกลับเป็นซ้ำ', 'r9-report-10', '10', NULL, 'GTE', 'r9_report_10', 1, 4, 47);
INSERT INTO `kpi_indicators` VALUES (139, '1911', 'ประสิทธิภาพการบริหารการเงินการคลัง (Total Performance Score: TPS) ผ่านเกณฑ์ระดับ B ขึ้นไป', 'r9-report-11', '10', '60', 'GTE', 'i_kpi_27', 1, 12, 48);
INSERT INTO `kpi_indicators` VALUES (140, '1912', 'ผลิตภัณฑ์สุขภาพชุมชนขึ้นทะเบียน อย. ', 'r9-report-12', '10', NULL, 'GTE', 'r9_report_12', 1, 7, 49);
INSERT INTO `kpi_indicators` VALUES (141, '1913', 'รพศ/รพท ทุกแห่งผ่านการรับรองมาตรฐาน ISO 27001', 'r9-report-13', '10', NULL, 'GTE', 'r9_report_13', 1, 13, 50);
INSERT INTO `kpi_indicators` VALUES (142, '1914', 'ความครอบคลุมในการให้วัคซีนพื้นฐานเด็กอายุ 0-5ปี ผ่านเกณฑ์มาตรฐาน', 'r9-report-14', '10', NULL, 'GTE', 'r9_report_14', 1, 4, 51);
INSERT INTO `kpi_indicators` VALUES (143, '1915', 'ความครอบคลุมในการให้วัคซีน MMR', 'r9-report-15', '10', NULL, 'GTE', 'r9_report_15', 1, 4, 51);
INSERT INTO `kpi_indicators` VALUES (144, '1916', 'เด็กหญิง ป.5 ได้รับการฉีดวัคซีนมะเร็งปากมดลูก(HPV) ตามที่ได้รับการจัดสรร', 'r9-report-16', '10', NULL, 'GTE', 'r9_report_16', 1, 4, 51);
INSERT INTO `kpi_indicators` VALUES (145, '1917', 'ลงนามงบลงทุนครุภัณฑ์ภายใน 31 ตุลาคม', 'r9-report-17', '10', NULL, 'GTE', 'r9_report_17', 1, NULL, 52);
INSERT INTO `kpi_indicators` VALUES (146, '1918', 'ลงนามงบลงทุนสิ่งก่อสร้างภายใน 31 ธันวาคม', 'r9-report-18', '10', NULL, 'GTE', 'r9_report_18', 1, NULL, 52);
INSERT INTO `kpi_indicators` VALUES (147, '1919', 'ลงนามงบค่าเสื่อมภายใน 31 มีนาคม', 'r9-report-19', '10', NULL, 'GTE', 'r9_report_19', 1, NULL, 52);
INSERT INTO `kpi_indicators` VALUES (148, '1920', 'อันดับรวมผลงานเขตสุขภาพ ไม่เกินอันดับ 3 ของประเทศจากการรวบรวมรายงานการประชุม\nติดตามผลการดำเนินงานตามนโยบายกระทรวงสาธารณสุข (TMM)', 'r9-report-20', '10', NULL, 'GTE', 'r9_report_20', 1, NULL, 53);
INSERT INTO `kpi_indicators` VALUES (149, '1921', 'นัดหมายผู้ป่วยออนไลน์เป็นรายชั่วโมง', 'r9-report-21', '10', NULL, 'GTE', 'r9_report_21', 1, 13, 54);
INSERT INTO `kpi_indicators` VALUES (150, '1922', 'ออกแบบและพัฒนารูปแบบการบริการปฐมภูมิในการให้บริการ/คิดค้นนวัตกรรมสำหรับผู้ป่วยในคลินิกสร้างเสริมสุขภาพใกล้บ้านและสามารถวัด Outcome สุขภาพได้', 'r9-report-22', '10', NULL, 'GTE', 'r9_report_22', 1, 15, 55);
INSERT INTO `kpi_indicators` VALUES (151, '1923', 'ร้อยละการใช้พลังงานทางเลือก  (เช่น Solar cell/ รถ EV/ หลอดไฟ)', 'r9-report-23', '10', '70', 'GTE', 'r9_report_23', 1, 5, 56);
INSERT INTO `kpi_indicators` VALUES (152, '1924', 'หน่วยบริการสามารถจ่ายค่าตอบแทน OT ของเดือนที่ผ่านมา ไม่เกินวันที่ 20 ของเดือนถัดไป', 'r9-report-24', '10', NULL, 'GTE', 'r9_report_24', 1, NULL, 57);
INSERT INTO `kpi_indicators` VALUES (153, '1925', 'การบริหารตำแหน่งว่างคงเหลือ', 'r9-report-25', '10', NULL, 'GTE', 'r9_report_25', 1, 10, 58);
INSERT INTO `kpi_indicators` VALUES (154, '1926', 'บุคลากรเข้าสู่ระบบ HIPPS', 'r9-report-26', '10', NULL, 'GTE', 'r9_report_26', 1, 10, 59);
INSERT INTO `kpi_indicators` VALUES (155, '2381', 'รพ.มีคำสั่งแต่งตั้งคณะกรรมการบริหารจัดการความเสี่ยง มีผู้รับผิดชอบชัดเจน', 'excellence-indicator-2-38-1', '10', '100', 'GTE', 'excellence_indicator_2_38_1', 1, 8, NULL);
INSERT INTO `kpi_indicators` VALUES (156, '2382', 'มีคณะทำงานชุดไกล่เกลี่ย ที่ผ่านการอบรมความรู้ด้านการไกล่เกลี่ย', 'excellence-indicator-2-38-2', '10', '100', 'GTE', 'excellence_indicator_2_38_2', 1, 8, 60);
INSERT INTO `kpi_indicators` VALUES (157, '2383', 'มีคณะทำงานและระบบพัฒนาการสื่อสารในโรงพยาบาล', 'excellence-indicator-2-38-3', '10', '100', 'GTE', 'excellence_indicator_2_38_3', 1, 8, 60);
INSERT INTO `kpi_indicators` VALUES (158, '2384', 'อุบัติการณ์การเกิดความเสี่ยงซ้ำในระดับ G  ขึ้นไป ', 'excellence-indicator-2-38-4', '10', '100', 'GTE', 'excellence_indicator_2_38_4', 1, 8, 60);
INSERT INTO `kpi_indicators` VALUES (159, '2385', 'อัตราการทำ RCA  ในอุบัติการณ์ระดับ E ขึ้นไป ', 'excellence-indicator-2-38-5', '10', '80', 'GTE', 'excellence_indicator_2_38_5', 1, 8, 60);
INSERT INTO `kpi_indicators` VALUES (160, '2386', 'ของข้อร้องเรียนที่ไกล่เกลี่ยสำเร็จ (ไม่ดำเนินการฟ้องร้องต่อศาล)', 'excellence-indicator-2-38-6', '10', '80', 'GTE', 'excellence_indicator_2_38_6', 1, 8, 60);
INSERT INTO `kpi_indicators` VALUES (161, '2401', 'ผู้ป่วยติดเชื้อในกระแสเลือดแบบรุนแรง ได้รับการตรวจ H/C 2 ขวด ภายใน 1 ชั่วโมง', 'excellence-indicator-2-40-1', '10', '90', 'GTE', 'excellence_indicator_2_40_1', 1, 8, 61);
INSERT INTO `kpi_indicators` VALUES (162, '2402', 'ผู้ป่วยติดเชื้อในกระแสเลือดแบบรุนแรง ได้รับยาปฏิชีวนะ ภายใน 1 ชั่วโมง ', 'excellence-indicator-2-40-2', '10', '90', 'GTE', 'excellence_indicator_2_40_1', 1, 8, 61);
INSERT INTO `kpi_indicators` VALUES (163, '2403', 'ผู้ป่วยติดเชื้อในกระแสเลือดแบบรุนแรง ได้รับการดูแลด้านการให้สารน้ำทางหลอดเลือดที่เหมาะสม', 'excellence-indicator-2-40-3', '10', '90', 'GTE', 'excellence_indicator_2_40_1', 1, 8, 61);
INSERT INTO `kpi_indicators` VALUES (164, '2404', 'ผู้ป่วยติดเชื้อในกระแสเลือดชนิดรุนแรง ได้รับการตรวจ Blood Lactate อย่างน้อย 1 ครั้ง ', 'excellence-indicator-2-40-4', '10', '60', 'GTE', 'excellence_indicator_2_40_1', 1, 8, 61);
INSERT INTO `kpi_indicators` VALUES (165, '2405', 'ผู้ป่วยติดเชื้อในกระแสเลือดชนิดรุนแรง ได้รับการดูแลใน ICU ภายใน 3 ชั่วโมง', 'excellence-indicator-2-40-5', '10', '30', 'GTE', 'excellence_indicator_2_40_1', 1, 8, 61);
INSERT INTO `kpi_indicators` VALUES (166, '4501', 'ระดับ 4 -7   0     ', 'excellence-indicator-4-50-1', '10', NULL, 'GTE', 'moph_kpi_846', 1, 12, 62);
INSERT INTO `kpi_indicators` VALUES (167, '4502', 'ระดับ  3   ≤  6', 'excellence-indicator-4-50-2', '10', '6', 'LTE', 'moph_kpi_846', 1, 12, 62);
INSERT INTO `kpi_indicators` VALUES (168, '4561', 'ผู้ป่วยโรคเบาหวาน ได้รับการตรวจ HbA1c ซ้ำภายใน 90 วัน  ไม่เกิน   ', 'excellence-indicator-4-56-1', '10', '5', 'GTE', 'excellence_indicator_4_56_1', 1, 8, 63);
INSERT INTO `kpi_indicators` VALUES (169, '4562', 'ผู้ป่วยโรคเบาหวาน ได้รับการตรวจ HbA1c อย่างน้อยปีละ 1 ครั้ง มากกว่า ', 'excellence-indicator-4-56-2', '10', '75', 'GTE', 'excellence_indicator_4_56_2', 1, 8, 63);
INSERT INTO `kpi_indicators` VALUES (170, '4563', 'โรงพยาบาลในจังหวัดนครราชสีมาผ่านเกณฑ์พัฒนาโรงพยาบาลที่มีการตรวจทางห้องปฏิบัติการทางการแพทย์อย่างสมเหตุผล (RLU hospital) ตามเกณฑ์ที่กำหนด', 'excellence-indicator-4-56-3', '10', '100', 'GTE', 'excellence_indicator_4_56_3', 1, 8, 63);
INSERT INTO `kpi_indicators` VALUES (171, '8222', 'ร้อยละของเด็ก 0-5 ปี ฟันดีไม่มีผุ', 'moph_kpi_8222', '10', '80', 'GTE', 'moph_kpi_8222', 1, NULL, 64);
INSERT INTO `kpi_indicators` VALUES (172, '8271', 'ร้อยละของผู้พยายามฆ่าตัวตายเข้าถึงบริการที่มีประสิทธิภาพ', 'kpi-main-2568-8271', '10', '70', 'GTE', 'kpi_main_2568_8271', 1, 1, 65);
INSERT INTO `kpi_indicators` VALUES (173, '9110', 'ร้อยละผู้ป่วยไตเรื้อรัง stage 5 รายใหม่ ลดลงจากปีงบประมาณก่อนหน้า', 'i_kpi_10', '10', '5', 'GTE', 'kpi-main-2568-1901', 1, 6, NULL);
INSERT INTO `kpi_indicators` VALUES (174, '9112', 'อัตราความสำเร็จการรักษาผู้ป่วยวัณโรคปอดรายใหม่', 'i_kpi_12', '10', '88', 'GTE', 'moph_kpi_822', 1, 4, NULL);
INSERT INTO `kpi_indicators` VALUES (175, '9117', 'อัตราส่วนของจำนวนผู้บริจาคอวัยวะสมองตายที่ได้รับการผ่าตัดนำอวัยวะออก ต่อจำนวนผู้ป่วยเสียชีวิตในโรงพยาบาล (โรงพยาบาล A, S, M1)', 'i_kpi_16', '10', NULL, 'GTE', 'i_kpi_16', 1, 8, NULL);
INSERT INTO `kpi_indicators` VALUES (176, '9118', 'ร้อยละผู้ป่วยมะเร็งได้รับการรักษาภายในระยะเวลาที่กำหนด', 'i_kpi_17', '10', NULL, 'GTE', 'i_kpi_17', 1, 6, NULL);
INSERT INTO `kpi_indicators` VALUES (177, '9119', 'จำนวนหน่วยบริการปฐมภูมิและเครือข่ายหน่วยบริการปฐมภูมิที่ผ่านเกณฑ์คุณภาพมาตรฐานตามพ.ร.บ.ระบบสุขภาพปฐมภูมิ พ.ศ. 2562', 'i_kpi_18', '10', NULL, 'GTE', 'i_kpi_18', 1, 15, NULL);
INSERT INTO `kpi_indicators` VALUES (178, '9121', 'ร้อยละของผู้ป่วยที่ได้รับการวินิจฉัยโรค Common Diseases and Symptoms ได้รับยาสมุนไพร', 'i_kpi_20', '10', '10', 'GTE', 'moph_kpi_826', 1, NULL, NULL);
INSERT INTO `kpi_indicators` VALUES (179, '9124', 'ร้อยละของผู้ป่วยยาเสพติดเข้าสู่กระบวนการบำบัดรักษา ได้รับการดูแลอย่างมีคุณภาพต่อเนื่องจนถึงการติดตาม (Retention Rate)', 'i_kpi_22', '10', NULL, 'GTE', 'i_kpi_22', 1, 1, NULL);
INSERT INTO `kpi_indicators` VALUES (180, '9125', 'ผู้ป่วยโรคจิตเวชและสารเสพติดที่มีความเสี่ยงสูงต่อการก่อความรุนแรง (SMI-V) ในเขตสุขภาพได้รับการดูแลต่อเนื่องจนไม่กลับมาก่อความรุนแรงซ้ำ', 'i_kpi_23', '10', NULL, 'GTE', 'i_kpi_23', 1, 1, NULL);
INSERT INTO `kpi_indicators` VALUES (181, '9126', 'ร้อยละของเขตสุขภาพที่มีการบริหารจัดการกำลังคนเพื่อรองรับระบบบริการที่มีประสิทธิภาพ', 'i_kpi_24', '10', NULL, 'GTE', 'i_kpi_24', 1, 10, NULL);
INSERT INTO `kpi_indicators` VALUES (182, '9127', 'ร้อยละของหน่วยงานที่ผ่านเกณฑ์มาตรฐานความมั่นคงปลอดภัยไซเบอร์ระดับสูง', 'i_kpi_25', '10', '100', 'EQ', 'moph_kpi_840', 1, 13, NULL);
INSERT INTO `kpi_indicators` VALUES (183, '9128', 'ร้อยละของโรงพยาบาลในเขตสุขภาพผ่านเกณฑ์พัฒนา โรงพยาบาลที่มีการตรวจทางห้องปฏิบัติการอย่างสมเหตุผล (RLU hospital Plus) ตามที่กำหนด', 'i_kpi_26', '10', NULL, 'GTE', 'excellence_indicator_4_56_3', 1, 8, NULL);
INSERT INTO `kpi_indicators` VALUES (184, '9129', 'ร้อยละของหน่วยบริการที่ผ่านเกณฑ์การประเมินประสิทธิภาพ Total Performance Score (TPS)', 'i_kpi_27', '10', '55', 'GTE', 'i_kpi_27', 1, 12, NULL);
INSERT INTO `kpi_indicators` VALUES (185, '9130', 'อัตราการเพิ่มขึ้นของจำนวนสถานประกอบการด้านการท่องเที่ยวเชิงสุขภาพที่ได้รับมาตรฐานตามที่กำหนด', 'i_kpi_28', '10', NULL, 'GTE', 'i_kpi_28', 1, NULL, NULL);
INSERT INTO `kpi_indicators` VALUES (186, '9131', 'ร้อยละที่เพิ่มของกลุ่มอุตสาหกรรมการแพทย์และการท่องเที่ยวเชิงสุขภาพมีศักยภาพในการแข่งขันในระบบเศรษฐกิจสุขภาพ', 'i_kpi_29', '10', NULL, 'GTE', 'i_kpi_29', 1, NULL, NULL);
INSERT INTO `kpi_indicators` VALUES (187, '9132', 'จำนวนผลิตภัณฑ์สุขภาพที่ได้รับการพัฒนาให้มีศักยภาพในการส่งออก', 'i_kpi_30', '10', NULL, 'GTE', 'i_kpi_30', 1, 7, NULL);
INSERT INTO `kpi_indicators` VALUES (188, '9133', 'หน่วยบริการที่ผ่านเกณฑ์ระยะเวลาบริหารคงคลัง ยา/เวชภัณฑ์มิใช่ยา อยู่ในเกณฑ์เหมาะสมไม่เกิน ๖๐ วัน ระดับ C ขึ้นไป', 'i_kpi_31', '10', '30', 'GTE', 'i_kpi_31', 1, 12, 73);

-- ----------------------------
-- Table structure for kpi_main_indicators
-- ----------------------------
DROP TABLE IF EXISTS `kpi_main_indicators`;
CREATE TABLE `kpi_main_indicators`  (
  `id` int NOT NULL AUTO_INCREMENT,
  `main_indicator_name` varchar(500) CHARACTER SET utf8mb4 COLLATE utf8mb4_unicode_ci NOT NULL,
  `yut_id` int NULL DEFAULT NULL,
  PRIMARY KEY (`id`) USING BTREE,
  INDEX `yut_id`(`yut_id` ASC) USING BTREE,
  CONSTRAINT `kpi_main_indicators_ibfk_1` FOREIGN KEY (`yut_id`) REFERENCES `main_yut` (`id`) ON DELETE SET NULL ON UPDATE RESTRICT
) ENGINE = InnoDB AUTO_INCREMENT = 74 CHARACTER SET = utf8mb4 COLLATE = utf8mb4_unicode_ci ROW_FORMAT = Dynamic;

-- ----------------------------
-- Records of kpi_main_indicators
-- ----------------------------
INSERT INTO `kpi_main_indicators` VALUES (2, 'สถานที่จำหน่ายอาหารและผลิตภัณฑ์ได้มาตรฐาน', 1);
INSERT INTO `kpi_main_indicators` VALUES (10, 'ERP : Enterprise Resource Planning', 8);
INSERT INTO `kpi_main_indicators` VALUES (11, 'การท่องเที่ยวเชิงสุขภาพ', 9);
INSERT INTO `kpi_main_indicators` VALUES (14, 'One Region-One Province-One Hospital สุขภาพที่ทุกคนเข้าถึงได้', 12);
INSERT INTO `kpi_main_indicators` VALUES (15, 'ส่งมอบความแข็งแรงกาย-ใจ', 13);
INSERT INTO `kpi_main_indicators` VALUES (16, 'จัดการสิ่งแวดล้อมที่เอื้อต่อสุขภาพดี', 13);
INSERT INTO `kpi_main_indicators` VALUES (25, 'ร้อยละของโรงพยาบาลที่พัฒนาอนามัยสิ่งแวดล้อมได้ตามเกณฑ์ GREEN & CLEAN Hospital Challenge (ระดับมาตรฐานขึ้นไป และระดับท้าทาย)', 21);
INSERT INTO `kpi_main_indicators` VALUES (27, 'อัตราความสำเร็จการรักษาผู้ป่วยวัณโรคปอดรายใหม่', 22);
INSERT INTO `kpi_main_indicators` VALUES (31, 'จำนวนผลิตภัณฑ์สุขภาพที่ได้รับการพัฒนาให้มีศักยภาพในการส่งออก', 25);
INSERT INTO `kpi_main_indicators` VALUES (32, 'ร้อยละผู้ป่วยมะเร็งได้รับการรักษาภายในระยะเวลาที่กำหนด', 22);
INSERT INTO `kpi_main_indicators` VALUES (33, 'ร้อยละของผู้ป่วยยาเสพติดเข้าสู่กระบวนการบำบัดรักษา ได้รับการดูแลอย่างมีคุณภาพต่อเนื่องจนถึงการติดตาม (เฉพาะระบบสมัครใจ) (Retention Rate)', 22);
INSERT INTO `kpi_main_indicators` VALUES (34, 'ร้อยละของเขตสุขภาพที่มีการบริหารจัดการกำลังคนเพื่อรองรับระบบบริการที่มีประสิทธิภาพ', 23);
INSERT INTO `kpi_main_indicators` VALUES (38, 'การคัดกรองไวรัสตับอักเสบ บี และ ซี ในประชากรที่เกิดก่อนปี พ.ศ.2535 (ไม่ซ้ำรายเดิม ปี 67 และ ปี 68) (เป้าหมาย 161,644 คน)', 1);
INSERT INTO `kpi_main_indicators` VALUES (39, 'ของโรงพยาบาลที่พัฒนาอนามัยสิ่งแวดล้อมได้ตามเกณฑ์ GREEN & CLEAN Hospital Challenge ', 1);
INSERT INTO `kpi_main_indicators` VALUES (40, 'การดำเนินงานขับเคลื่อนกลไกเฝ้าระวัง ป้องกัน ควบคุมโรคภายใต้\nพระราชบัญญัติควบคุมโรคจากการประกอบอาชีพและโรคจากสิ่งแวดล้อม พ.ศ. 2562', 1);
INSERT INTO `kpi_main_indicators` VALUES (42, 'หน่วยบริการสุขภาพมีการจัดบริการอาชีวอนามัยและเวชกรรมสิ่งแวดล้อมได้ตามมาตรฐานที่กรมควบคุมโรคกำหนด', 29);
INSERT INTO `kpi_main_indicators` VALUES (43, 'อัตราการเสพซ้ำของผู้ป่วยยาเสพติดลดลง', 30);
INSERT INTO `kpi_main_indicators` VALUES (44, 'ระยะเวลาการรับบริการที่ OPD (เปิดสิทธิ-รับยา)', 30);
INSERT INTO `kpi_main_indicators` VALUES (45, 'ผู้ป่วยมะเร็งตับและมะเร็งเต้านมเข้าถึงการรักษา (Access to care) ภายในเวลาที่กำหนด', 30);
INSERT INTO `kpi_main_indicators` VALUES (46, 'ผู้ป่วยไตเรื้อรังได้รับการ Dialysis ใกล้บ้าน ', 30);
INSERT INTO `kpi_main_indicators` VALUES (47, 'อัตราความสำเร็จในการรักษาผู้ป่วย TB', 31);
INSERT INTO `kpi_main_indicators` VALUES (48, 'ประสิทธิภาพการบริหารการเงินการคลัง (Total Performance Score: TPS) ผ่านเกณฑ์ระดับ B ขึ้นไป', 32);
INSERT INTO `kpi_main_indicators` VALUES (49, 'ผลิตภัณฑ์สุขภาพชุมชนขึ้นทะเบียน อย. ', 32);
INSERT INTO `kpi_main_indicators` VALUES (50, 'รพศ/รพท ทุกแห่งผ่านการรับรองมาตรฐาน ISO 27001', 32);
INSERT INTO `kpi_main_indicators` VALUES (51, 'ความครอบคลุมในการให้วัคซีนพื้นฐานผ่านเกณฑ์มาตรฐาน', 33);
INSERT INTO `kpi_main_indicators` VALUES (52, 'เร่งรัดการลงนามสัญญางบลงทุน', 33);
INSERT INTO `kpi_main_indicators` VALUES (53, 'อันดับรวมผลงานเขตสุขภาพ ไม่เกินอันดับ 3 ของประเทศจากการรวบรวมรายงานการประชุม\nติดตามผลการดำเนินงานตามนโยบายกระทรวงสาธารณสุข (TMM)', 34);
INSERT INTO `kpi_main_indicators` VALUES (54, 'นัดหมายผู้ป่วยออนไลน์เป็นรายชั่วโมง', 35);
INSERT INTO `kpi_main_indicators` VALUES (55, 'ออกแบบและพัฒนารูปแบบการบริการปฐมภูมิในการให้บริการ/คิดค้นนวัตกรรมสำหรับผู้ป่วยในคลินิกสร้างเสริมสุขภาพใกล้บ้านและสามารถวัด Outcome สุขภาพได้', 36);
INSERT INTO `kpi_main_indicators` VALUES (56, 'ร้อยละการใช้พลังงานทางเลือก  (เช่น Solar cell/ รถ EV/ หลอดไฟ)', 37);
INSERT INTO `kpi_main_indicators` VALUES (57, 'หน่วยบริการสามารถจ่ายค่าตอบแทน OT ของเดือนที่ผ่านมา ไม่เกินวันที่ 20 ของเดือนถัดไป', 37);
INSERT INTO `kpi_main_indicators` VALUES (58, 'การบริหารตำแหน่งว่างคงเหลือ', 37);
INSERT INTO `kpi_main_indicators` VALUES (59, 'บุคลากรเข้าสู่ระบบ HIPPS', 37);
INSERT INTO `kpi_main_indicators` VALUES (60, 'โรงพยาบาลมีระบบบริหารจัดการความเสี่ยงเพื่อความปลอดภัยการให้บริการทางการแพทย์', 2);
INSERT INTO `kpi_main_indicators` VALUES (61, 'ผู้ป่วยติดเชื้อในกระแสเลือดแบบรุนแรงได้รับการดูแลถูกต้องตามเกณฑ์ (Sepsis Bundle of Care)', 2);
INSERT INTO `kpi_main_indicators` VALUES (62, 'ของหน่วยบริการที่ประสบภาวะวิกฤตทางการเงิน ', 4);
INSERT INTO `kpi_main_indicators` VALUES (63, 'ของโรงพยาบาลในเขตสุขภาพผ่านเกณฑ์พัฒนา โรงพยาบาลที่มีการตรวจทางห้องปฏิบัติการทางการแพทย์อย่างสมเหตุผล (RLU hospital) ตามที่กำหนด ', 4);
INSERT INTO `kpi_main_indicators` VALUES (64, 'ร้อยละของเด็ก อายุ 0-5 ปี มีพัฒนาการสมวัย', 21);
INSERT INTO `kpi_main_indicators` VALUES (65, 'โครงการการพัฒนาระบบบริการสุขภาพ สาขาสุขภาพจิตและจิตเวช', 22);
INSERT INTO `kpi_main_indicators` VALUES (73, 'การติดตามและประเมินผล (M&E) PP Fee Schedule  สปสช.', 43);

-- ----------------------------
-- Table structure for kpi_results
-- ----------------------------
DROP TABLE IF EXISTS `kpi_results`;
CREATE TABLE `kpi_results`  (
  `id` int NOT NULL AUTO_INCREMENT,
  `indicator_id` int NOT NULL,
  `year_bh` varchar(4) CHARACTER SET utf8mb4 COLLATE utf8mb4_unicode_ci NOT NULL,
  `month_bh` varchar(2) CHARACTER SET utf8mb4 COLLATE utf8mb4_unicode_ci NOT NULL,
  `target_value` decimal(10, 2) NULL DEFAULT NULL,
  `actual_value` decimal(10, 2) NULL DEFAULT NULL,
  `performance_percentage` decimal(10, 2) NULL DEFAULT NULL,
  `user_id` int NOT NULL,
  `status` varchar(255) CHARACTER SET utf8mb4 COLLATE utf8mb4_unicode_ci NOT NULL,
  `created_at` timestamp NULL DEFAULT CURRENT_TIMESTAMP ON UPDATE CURRENT_TIMESTAMP,
  `hospcode` varchar(5) CHARACTER SET utf8mb4 COLLATE utf8mb4_unicode_ci NOT NULL,
  PRIMARY KEY (`id`) USING BTREE,
  INDEX `kpi_indicator_id`(`indicator_id` ASC) USING BTREE,
  INDEX `user_id`(`user_id` ASC) USING BTREE,
  CONSTRAINT `kpi_results_ibfk_1` FOREIGN KEY (`indicator_id`) REFERENCES `kpi_indicators` (`id`) ON DELETE CASCADE ON UPDATE RESTRICT,
  CONSTRAINT `kpi_results_ibfk_2` FOREIGN KEY (`user_id`) REFERENCES `users` (`id`) ON DELETE CASCADE ON UPDATE RESTRICT
) ENGINE = InnoDB AUTO_INCREMENT = 704 CHARACTER SET = utf8mb4 COLLATE = utf8mb4_unicode_ci ROW_FORMAT = Dynamic;

-- ----------------------------
-- Records of kpi_results
-- ----------------------------
INSERT INTO `kpi_results` VALUES (357, 58, '2567', '10', 16.75, 0.00, NULL, 1, 'Pending', '2026-02-24 10:59:14', '00018');
INSERT INTO `kpi_results` VALUES (358, 58, '2567', '3', 0.00, 74.83, NULL, 1, 'Pending', '2026-02-24 10:59:35', '00018');
INSERT INTO `kpi_results` VALUES (359, 56, '2568', '10', 54.00, 0.00, NULL, 1, 'Pending', '2026-02-24 10:59:35', '00018');
INSERT INTO `kpi_results` VALUES (360, 56, '2568', '2', 0.00, 74.67, NULL, 1, 'Pending', '2026-02-24 10:59:35', '00018');
INSERT INTO `kpi_results` VALUES (361, 56, '2567', '10', 86.11, 0.00, NULL, 1, 'Pending', '2026-02-24 10:59:35', '00018');
INSERT INTO `kpi_results` VALUES (362, 56, '2567', '11', 0.00, 71.39, NULL, 1, 'Pending', '2026-02-24 10:59:35', '00018');
INSERT INTO `kpi_results` VALUES (363, 56, '2567', '5', 0.00, 26.33, NULL, 1, 'Pending', '2026-02-24 10:59:35', '00018');
INSERT INTO `kpi_results` VALUES (364, 124, '2567', '10', 98.23, 0.00, NULL, 1, 'Pending', '2026-02-24 10:59:35', '00018');
INSERT INTO `kpi_results` VALUES (365, 124, '2567', '6', 0.00, 48.30, NULL, 1, 'Pending', '2026-02-24 10:59:35', '00018');
INSERT INTO `kpi_results` VALUES (366, 123, '2567', '10', 90.31, 59.31, NULL, 1, 'Pending', '2026-02-24 10:59:35', '00018');
INSERT INTO `kpi_results` VALUES (367, 123, '2567', '2', 0.00, 53.57, NULL, 1, 'Pending', '2026-02-24 10:59:35', '00018');
INSERT INTO `kpi_results` VALUES (368, 127, '2567', '10', 13.28, 0.00, NULL, 1, 'Pending', '2026-02-24 10:59:35', '00018');
INSERT INTO `kpi_results` VALUES (369, 127, '2567', '3', 0.00, 31.34, NULL, 1, 'Pending', '2026-02-24 10:59:35', '00018');
INSERT INTO `kpi_results` VALUES (370, 49, '2567', '10', 50.62, 0.00, NULL, 1, 'Pending', '2026-02-24 10:59:35', '00018');
INSERT INTO `kpi_results` VALUES (371, 49, '2567', '6', 0.00, 60.02, NULL, 1, 'Pending', '2026-02-24 10:59:35', '00018');
INSERT INTO `kpi_results` VALUES (372, 47, '2567', '10', 15.77, 0.00, NULL, 1, 'Pending', '2026-02-24 10:59:35', '00018');
INSERT INTO `kpi_results` VALUES (373, 47, '2567', '11', 0.00, 27.52, NULL, 1, 'Pending', '2026-02-24 10:59:35', '00018');
INSERT INTO `kpi_results` VALUES (374, 46, '2567', '10', 62.39, 0.00, NULL, 1, 'Pending', '2026-02-24 10:59:35', '00018');
INSERT INTO `kpi_results` VALUES (375, 46, '2567', '4', 0.00, 63.62, NULL, 1, 'Pending', '2026-02-24 10:59:35', '00018');
INSERT INTO `kpi_results` VALUES (376, 153, '2567', '10', 35.68, 0.00, NULL, 1, 'Pending', '2026-02-24 10:59:35', '00018');
INSERT INTO `kpi_results` VALUES (377, 153, '2567', '7', 0.00, 11.96, NULL, 1, 'Pending', '2026-02-24 10:59:35', '00018');
INSERT INTO `kpi_results` VALUES (378, 126, '2567', '10', 142.40, 0.00, NULL, 1, 'Pending', '2026-02-24 10:59:35', '00018');
INSERT INTO `kpi_results` VALUES (379, 126, '2567', '6', 0.00, 125.27, NULL, 1, 'Pending', '2026-02-24 10:59:35', '00018');
INSERT INTO `kpi_results` VALUES (380, 125, '2567', '10', 7.71, 0.00, NULL, 1, 'Pending', '2026-02-24 10:59:35', '00018');
INSERT INTO `kpi_results` VALUES (381, 125, '2567', '7', 0.00, 35.40, NULL, 1, 'Pending', '2026-02-24 10:59:35', '00018');
INSERT INTO `kpi_results` VALUES (382, 169, '2567', '10', 36.67, 0.00, NULL, 1, 'Pending', '2026-02-24 10:59:35', '00018');
INSERT INTO `kpi_results` VALUES (383, 169, '2567', '12', 0.00, 0.45, NULL, 1, 'Pending', '2026-02-24 10:59:35', '00018');
INSERT INTO `kpi_results` VALUES (386, 143, '2567', '10', 72.26, 0.00, NULL, 1, 'Pending', '2026-02-24 10:59:35', '00018');
INSERT INTO `kpi_results` VALUES (387, 143, '2567', '5', 0.00, 138.31, NULL, 1, 'Pending', '2026-02-24 10:59:35', '00018');
INSERT INTO `kpi_results` VALUES (388, 142, '2567', '10', 91.05, 0.00, NULL, 1, 'Pending', '2026-02-24 10:59:35', '00018');
INSERT INTO `kpi_results` VALUES (389, 142, '2567', '7', 0.00, 24.91, NULL, 1, 'Pending', '2026-02-24 10:59:35', '00018');
INSERT INTO `kpi_results` VALUES (392, 105, '2567', '10', 5.53, 0.00, NULL, 1, 'Pending', '2026-02-24 10:59:35', '00018');
INSERT INTO `kpi_results` VALUES (393, 105, '2567', '4', 0.00, 69.83, NULL, 1, 'Pending', '2026-02-24 10:59:35', '00018');
INSERT INTO `kpi_results` VALUES (396, 149, '2567', '10', 61.88, 0.00, NULL, 1, 'Pending', '2026-02-24 10:59:35', '00018');
INSERT INTO `kpi_results` VALUES (397, 149, '2567', '9', 0.00, 30.75, NULL, 1, 'Pending', '2026-02-24 10:59:35', '00018');
INSERT INTO `kpi_results` VALUES (398, 139, '2567', '10', 48.34, 0.00, NULL, 1, 'Pending', '2026-02-24 10:59:35', '00018');
INSERT INTO `kpi_results` VALUES (399, 139, '2567', '11', 0.00, 5.76, NULL, 1, 'Pending', '2026-02-24 10:59:35', '00018');
INSERT INTO `kpi_results` VALUES (400, 140, '2567', '10', 2.60, 0.00, NULL, 1, 'Pending', '2026-02-24 10:59:35', '00018');
INSERT INTO `kpi_results` VALUES (401, 140, '2567', '4', 0.00, 47.44, NULL, 1, 'Pending', '2026-02-24 10:59:35', '00018');
INSERT INTO `kpi_results` VALUES (402, 164, '2567', '10', 92.48, 0.00, NULL, 1, 'Pending', '2026-02-24 10:59:35', '00018');
INSERT INTO `kpi_results` VALUES (403, 164, '2567', '1', 0.00, 41.52, NULL, 1, 'Pending', '2026-02-24 10:59:35', '00018');
INSERT INTO `kpi_results` VALUES (404, 164, '2567', '7', 0.00, 72.89, NULL, 1, 'Pending', '2026-02-24 10:59:35', '00018');
INSERT INTO `kpi_results` VALUES (405, 164, '2567', '8', 0.00, 83.94, NULL, 1, 'Pending', '2026-02-24 10:59:35', '00018');
INSERT INTO `kpi_results` VALUES (406, 163, '2567', '10', 30.57, 0.00, NULL, 1, 'Pending', '2026-02-24 10:59:35', '00018');
INSERT INTO `kpi_results` VALUES (407, 163, '2567', '5', 0.00, 86.29, NULL, 1, 'Pending', '2026-02-24 10:59:35', '00018');
INSERT INTO `kpi_results` VALUES (410, 161, '2567', '10', 89.70, 0.00, NULL, 1, 'Pending', '2026-02-24 10:59:35', '00018');
INSERT INTO `kpi_results` VALUES (411, 161, '2567', '9', 0.00, 47.90, NULL, 1, 'Pending', '2026-02-24 10:59:35', '00018');
INSERT INTO `kpi_results` VALUES (414, 162, '2567', '10', 68.90, 0.00, NULL, 1, 'Pending', '2026-02-24 10:59:35', '00018');
INSERT INTO `kpi_results` VALUES (415, 162, '2567', '3', 0.00, 85.43, NULL, 1, 'Pending', '2026-02-24 10:59:35', '00018');
INSERT INTO `kpi_results` VALUES (416, 133, '2567', '10', 153.13, 0.00, NULL, 1, 'Pending', '2026-02-24 10:59:35', '00018');
INSERT INTO `kpi_results` VALUES (417, 133, '2567', '3', 0.00, 1.17, NULL, 1, 'Pending', '2026-02-24 10:59:35', '00018');
INSERT INTO `kpi_results` VALUES (418, 133, '2567', '9', 0.00, 82.06, NULL, 1, 'Pending', '2026-02-24 10:59:35', '00018');
INSERT INTO `kpi_results` VALUES (419, 135, '2567', '10', 94.21, 0.00, NULL, 1, 'Pending', '2026-02-24 10:59:35', '00018');
INSERT INTO `kpi_results` VALUES (420, 135, '2567', '11', 0.00, 94.28, NULL, 1, 'Pending', '2026-02-24 10:59:35', '00018');
INSERT INTO `kpi_results` VALUES (421, 136, '2567', '10', 39.29, 0.00, NULL, 1, 'Pending', '2026-02-24 10:59:35', '00018');
INSERT INTO `kpi_results` VALUES (422, 136, '2567', '3', 0.00, 47.81, NULL, 1, 'Pending', '2026-02-24 10:59:35', '00018');
INSERT INTO `kpi_results` VALUES (423, 43, '2567', '10', 58.23, 0.00, NULL, 1, 'Pending', '2026-02-24 10:59:35', '00018');
INSERT INTO `kpi_results` VALUES (424, 43, '2567', '4', 0.00, 41.38, NULL, 1, 'Pending', '2026-02-24 10:59:35', '00018');
INSERT INTO `kpi_results` VALUES (425, 13, '2567', '10', 57.24, 0.00, NULL, 1, 'Pending', '2026-02-24 10:59:35', '00018');
INSERT INTO `kpi_results` VALUES (426, 13, '2567', '11', 0.00, 52.22, NULL, 1, 'Pending', '2026-02-24 10:59:35', '00018');
INSERT INTO `kpi_results` VALUES (427, 93, '2567', '10', 46.83, 0.00, NULL, 1, 'Pending', '2026-02-24 10:59:35', '00018');
INSERT INTO `kpi_results` VALUES (428, 93, '2567', '6', 0.00, 77.63, NULL, 1, 'Pending', '2026-02-24 10:59:35', '00018');
INSERT INTO `kpi_results` VALUES (429, 50, '2567', '10', 156.79, 0.00, NULL, 1, 'Pending', '2026-02-24 10:59:35', '00018');
INSERT INTO `kpi_results` VALUES (430, 50, '2567', '1', 0.00, 77.19, NULL, 1, 'Pending', '2026-02-24 10:59:35', '00018');
INSERT INTO `kpi_results` VALUES (431, 50, '2567', '2', 0.00, 1.51, NULL, 1, 'Pending', '2026-02-24 10:59:35', '00018');
INSERT INTO `kpi_results` VALUES (432, 6, '2567', '10', 138.09, 0.00, NULL, 1, 'Pending', '2026-02-24 10:59:36', '00018');
INSERT INTO `kpi_results` VALUES (433, 6, '2567', '2', 0.00, 80.64, NULL, 1, 'Pending', '2026-02-24 10:59:36', '00018');
INSERT INTO `kpi_results` VALUES (434, 6, '2567', '5', 0.00, 26.43, NULL, 1, 'Pending', '2026-02-24 10:59:36', '00018');
INSERT INTO `kpi_results` VALUES (435, 6, '2567', '9', 0.00, 20.38, NULL, 1, 'Pending', '2026-02-24 10:59:36', '00018');
INSERT INTO `kpi_results` VALUES (436, 99, '2567', '10', 4.27, 0.00, NULL, 1, 'Pending', '2026-02-24 10:59:36', '00018');
INSERT INTO `kpi_results` VALUES (437, 99, '2567', '2', 0.00, 85.46, NULL, 1, 'Pending', '2026-02-24 10:59:36', '00018');
INSERT INTO `kpi_results` VALUES (438, 10, '2567', '10', 51.50, 0.00, NULL, 1, 'Pending', '2026-02-24 10:59:36', '00018');
INSERT INTO `kpi_results` VALUES (439, 10, '2567', '6', 0.00, 80.50, NULL, 1, 'Pending', '2026-02-24 10:59:36', '00018');
INSERT INTO `kpi_results` VALUES (440, 81, '2568', '10', 53.45, 0.00, NULL, 1, 'Pending', '2026-02-24 10:59:36', '00018');
INSERT INTO `kpi_results` VALUES (441, 81, '2568', '5', 0.00, 19.92, NULL, 1, 'Pending', '2026-02-24 10:59:36', '00018');
INSERT INTO `kpi_results` VALUES (442, 187, '2567', '10', 6.67, 0.00, NULL, 1, 'Pending', '2026-02-24 10:59:36', '00018');
INSERT INTO `kpi_results` VALUES (443, 187, '2567', '4', 0.00, 90.17, NULL, 1, 'Pending', '2026-02-24 10:59:36', '00018');
INSERT INTO `kpi_results` VALUES (444, 177, '2567', '10', 88.07, 0.00, NULL, 1, 'Pending', '2026-02-24 10:59:36', '00018');
INSERT INTO `kpi_results` VALUES (445, 177, '2567', '2', 0.00, 82.00, NULL, 1, 'Pending', '2026-02-24 10:59:36', '00018');
INSERT INTO `kpi_results` VALUES (446, 177, '2567', '4', 0.00, 98.66, NULL, 1, 'Pending', '2026-02-24 10:59:36', '00018');
INSERT INTO `kpi_results` VALUES (447, 64, '2567', '10', 97.13, 0.00, NULL, 1, 'Pending', '2026-02-24 10:59:36', '00018');
INSERT INTO `kpi_results` VALUES (448, 64, '2567', '1', 0.00, 81.02, NULL, 1, 'Pending', '2026-02-24 10:59:36', '00018');
INSERT INTO `kpi_results` VALUES (449, 64, '2567', '3', 0.00, 62.44, NULL, 1, 'Pending', '2026-02-24 10:59:36', '00018');
INSERT INTO `kpi_results` VALUES (450, 7, '2567', '10', 48.54, 0.00, NULL, 1, 'Pending', '2026-02-24 10:59:36', '00018');
INSERT INTO `kpi_results` VALUES (451, 7, '2567', '11', 0.00, 65.98, NULL, 1, 'Pending', '2026-02-24 10:59:36', '00018');
INSERT INTO `kpi_results` VALUES (452, 40, '2567', '10', 117.30, 0.00, NULL, 1, 'Pending', '2026-02-24 10:59:36', '00018');
INSERT INTO `kpi_results` VALUES (453, 40, '2567', '5', 0.00, 97.94, NULL, 1, 'Pending', '2026-02-24 10:59:36', '00018');
INSERT INTO `kpi_results` VALUES (454, 40, '2567', '7', 0.00, 30.29, NULL, 1, 'Pending', '2026-02-24 10:59:36', '00018');
INSERT INTO `kpi_results` VALUES (455, 100, '2568', '10', 91.77, 0.00, NULL, 1, 'Pending', '2026-02-24 10:59:36', '00018');
INSERT INTO `kpi_results` VALUES (456, 100, '2568', '5', 0.00, 22.83, NULL, 1, 'Pending', '2026-02-24 10:59:36', '00018');
INSERT INTO `kpi_results` VALUES (457, 100, '2567', '10', 68.50, 31.77, NULL, 1, 'Pending', '2026-02-24 10:59:36', '00018');
INSERT INTO `kpi_results` VALUES (458, 100, '2567', '7', 0.00, 16.95, NULL, 1, 'Pending', '2026-02-24 10:59:36', '00018');
INSERT INTO `kpi_results` VALUES (459, 41, '2567', '10', 112.46, 0.00, NULL, 1, 'Pending', '2026-02-24 10:59:36', '00018');
INSERT INTO `kpi_results` VALUES (460, 41, '2567', '11', 0.00, 78.60, NULL, 1, 'Pending', '2026-02-24 10:59:36', '00018');
INSERT INTO `kpi_results` VALUES (461, 41, '2567', '8', 0.00, 28.90, NULL, 1, 'Pending', '2026-02-24 10:59:36', '00018');
INSERT INTO `kpi_results` VALUES (462, 41, '2567', '9', 0.00, 23.60, NULL, 1, 'Pending', '2026-02-24 10:59:36', '00018');
INSERT INTO `kpi_results` VALUES (463, 37, '2567', '10', 7.54, 0.00, NULL, 1, 'Pending', '2026-02-24 10:59:36', '00018');
INSERT INTO `kpi_results` VALUES (464, 37, '2567', '5', 0.00, 28.05, NULL, 1, 'Pending', '2026-02-24 10:59:36', '00018');
INSERT INTO `kpi_results` VALUES (465, 37, '2567', '6', 0.00, 33.12, NULL, 1, 'Pending', '2026-02-24 10:59:36', '00018');
INSERT INTO `kpi_results` VALUES (466, 12, '2567', '10', 25.38, 0.00, NULL, 1, 'Pending', '2026-02-24 10:59:36', '00018');
INSERT INTO `kpi_results` VALUES (467, 12, '2567', '2', 0.00, 58.28, NULL, 1, 'Pending', '2026-02-24 10:59:36', '00018');
INSERT INTO `kpi_results` VALUES (468, 67, '2567', '10', 87.57, 0.00, NULL, 1, 'Pending', '2026-02-24 10:59:36', '00018');
INSERT INTO `kpi_results` VALUES (469, 67, '2567', '1', 0.00, 53.79, NULL, 1, 'Pending', '2026-02-24 10:59:36', '00018');
INSERT INTO `kpi_results` VALUES (470, 1, '2567', '10', 45.07, 0.00, NULL, 1, 'Pending', '2026-02-24 10:59:36', '00018');
INSERT INTO `kpi_results` VALUES (471, 1, '2567', '6', 0.00, 17.00, NULL, 1, 'Pending', '2026-02-24 10:59:36', '00018');
INSERT INTO `kpi_results` VALUES (472, 180, '2567', '10', 11.21, 0.00, NULL, 1, 'Pending', '2026-02-24 10:59:36', '00018');
INSERT INTO `kpi_results` VALUES (473, 180, '2567', '4', 0.00, 72.39, NULL, 1, 'Pending', '2026-02-24 10:59:36', '00018');
INSERT INTO `kpi_results` VALUES (474, 24, '2567', '10', 41.60, 0.00, NULL, 1, 'Pending', '2026-02-24 10:59:36', '00018');
INSERT INTO `kpi_results` VALUES (475, 24, '2567', '8', 0.00, 37.44, NULL, 1, 'Pending', '2026-02-24 10:59:36', '00018');
INSERT INTO `kpi_results` VALUES (476, 38, '2567', '10', 90.78, 0.00, NULL, 1, 'Pending', '2026-02-24 10:59:36', '00018');
INSERT INTO `kpi_results` VALUES (477, 38, '2567', '2', 0.00, 56.73, NULL, 1, 'Pending', '2026-02-24 10:59:36', '00018');
INSERT INTO `kpi_results` VALUES (478, 31, '2567', '10', 37.68, 0.00, NULL, 1, 'Pending', '2026-02-24 10:59:36', '00018');
INSERT INTO `kpi_results` VALUES (479, 31, '2567', '2', 0.00, 45.63, NULL, 1, 'Pending', '2026-02-24 10:59:36', '00018');
INSERT INTO `kpi_results` VALUES (480, 94, '2567', '10', 136.15, 0.00, NULL, 1, 'Pending', '2026-02-24 10:59:36', '00018');
INSERT INTO `kpi_results` VALUES (481, 94, '2567', '8', 0.00, 83.09, NULL, 1, 'Pending', '2026-02-24 10:59:36', '00018');
INSERT INTO `kpi_results` VALUES (482, 94, '2567', '9', 0.00, 24.19, NULL, 1, 'Pending', '2026-02-24 10:59:36', '00018');
INSERT INTO `kpi_results` VALUES (483, 181, '2568', '10', 5.38, 0.00, NULL, 1, 'Pending', '2026-02-24 10:59:36', '00018');
INSERT INTO `kpi_results` VALUES (484, 181, '2568', '4', 0.00, 28.46, NULL, 1, 'Pending', '2026-02-24 10:59:36', '00018');
INSERT INTO `kpi_results` VALUES (485, 117, '2567', '10', 105.54, 0.00, NULL, 1, 'Pending', '2026-02-24 10:59:36', '00018');
INSERT INTO `kpi_results` VALUES (486, 117, '2567', '12', 0.00, 11.24, NULL, 1, 'Pending', '2026-02-24 10:59:36', '00018');
INSERT INTO `kpi_results` VALUES (487, 117, '2567', '9', 0.00, 65.03, NULL, 1, 'Pending', '2026-02-24 10:59:36', '00018');
INSERT INTO `kpi_results` VALUES (488, 82, '2567', '10', 54.06, 0.00, NULL, 1, 'Pending', '2026-02-24 10:59:36', '00018');
INSERT INTO `kpi_results` VALUES (489, 82, '2567', '3', 0.00, 16.96, NULL, 1, 'Pending', '2026-02-24 10:59:36', '00018');
INSERT INTO `kpi_results` VALUES (490, 89, '2567', '10', 34.57, 0.00, NULL, 1, 'Pending', '2026-02-24 10:59:36', '00018');
INSERT INTO `kpi_results` VALUES (491, 89, '2567', '5', 0.00, 88.67, NULL, 1, 'Pending', '2026-02-24 10:59:36', '00018');
INSERT INTO `kpi_results` VALUES (492, 91, '2568', '10', 29.92, 14.20, NULL, 1, 'Pending', '2026-02-24 10:59:36', '00018');
INSERT INTO `kpi_results` VALUES (493, 91, '2567', '10', 38.50, 0.00, NULL, 1, 'Pending', '2026-02-24 10:59:36', '00018');
INSERT INTO `kpi_results` VALUES (494, 91, '2567', '1', 0.00, 63.29, NULL, 1, 'Pending', '2026-02-24 10:59:36', '00018');
INSERT INTO `kpi_results` VALUES (495, 178, '2567', '10', 76.83, 0.00, NULL, 1, 'Pending', '2026-02-24 10:59:36', '00018');
INSERT INTO `kpi_results` VALUES (496, 178, '2567', '1', 0.00, 6.66, NULL, 1, 'Pending', '2026-02-24 10:59:36', '00018');
INSERT INTO `kpi_results` VALUES (497, 178, '2567', '7', 0.00, 30.20, NULL, 1, 'Pending', '2026-02-24 10:59:36', '00018');
INSERT INTO `kpi_results` VALUES (498, 92, '2567', '10', 77.22, 0.00, NULL, 1, 'Pending', '2026-02-24 10:59:36', '00018');
INSERT INTO `kpi_results` VALUES (499, 92, '2567', '3', 0.00, 83.78, NULL, 1, 'Pending', '2026-02-24 10:59:36', '00018');
INSERT INTO `kpi_results` VALUES (500, 92, '2567', '6', 0.00, 16.53, NULL, 1, 'Pending', '2026-02-24 10:59:36', '00018');
INSERT INTO `kpi_results` VALUES (501, 65, '2567', '10', 54.93, 0.00, NULL, 1, 'Pending', '2026-02-24 10:59:36', '00018');
INSERT INTO `kpi_results` VALUES (502, 65, '2567', '2', 0.00, 76.03, NULL, 1, 'Pending', '2026-02-24 10:59:36', '00018');
INSERT INTO `kpi_results` VALUES (503, 74, '2567', '10', 66.12, 0.00, NULL, 1, 'Pending', '2026-02-24 10:59:36', '00018');
INSERT INTO `kpi_results` VALUES (504, 74, '2567', '7', 0.00, 70.81, NULL, 1, 'Pending', '2026-02-24 10:59:36', '00018');
INSERT INTO `kpi_results` VALUES (505, 74, '2567', '8', 0.00, 12.51, NULL, 1, 'Pending', '2026-02-24 10:59:36', '00018');
INSERT INTO `kpi_results` VALUES (506, 179, '2567', '10', 65.23, 0.00, NULL, 1, 'Pending', '2026-02-24 10:59:36', '00018');
INSERT INTO `kpi_results` VALUES (507, 179, '2567', '9', 0.00, 52.57, NULL, 1, 'Pending', '2026-02-24 10:59:36', '00018');
INSERT INTO `kpi_results` VALUES (508, 122, '2567', '10', 92.12, 0.00, NULL, 1, 'Pending', '2026-02-24 10:59:36', '00018');
INSERT INTO `kpi_results` VALUES (509, 122, '2567', '2', 0.00, 37.29, NULL, 1, 'Pending', '2026-02-24 10:59:36', '00018');
INSERT INTO `kpi_results` VALUES (510, 183, '2568', '10', 95.58, 0.00, NULL, 1, 'Pending', '2026-02-24 10:59:36', '00018');
INSERT INTO `kpi_results` VALUES (511, 183, '2568', '11', 0.00, 55.26, NULL, 1, 'Pending', '2026-02-24 10:59:36', '00018');
INSERT INTO `kpi_results` VALUES (512, 98, '2567', '10', 83.53, 0.00, NULL, 1, 'Pending', '2026-02-24 10:59:36', '00018');
INSERT INTO `kpi_results` VALUES (513, 98, '2567', '7', 0.00, 42.01, NULL, 1, 'Pending', '2026-02-24 10:59:36', '00018');
INSERT INTO `kpi_results` VALUES (514, 98, '2567', '9', 0.00, 52.92, NULL, 1, 'Pending', '2026-02-24 10:59:36', '00018');
INSERT INTO `kpi_results` VALUES (515, 97, '2567', '10', 10.57, 0.00, NULL, 1, 'Pending', '2026-02-24 10:59:36', '00018');
INSERT INTO `kpi_results` VALUES (516, 97, '2567', '7', 0.00, 36.44, NULL, 1, 'Pending', '2026-02-24 10:59:36', '00018');
INSERT INTO `kpi_results` VALUES (517, 182, '2567', '10', 0.48, 0.00, NULL, 1, 'Pending', '2026-02-24 10:59:36', '00018');
INSERT INTO `kpi_results` VALUES (518, 182, '2567', '4', 0.00, 5.55, NULL, 1, 'Pending', '2026-02-24 10:59:36', '00018');
INSERT INTO `kpi_results` VALUES (519, 101, '2567', '10', 68.75, 5.23, NULL, 1, 'Pending', '2026-02-24 10:59:36', '00018');
INSERT INTO `kpi_results` VALUES (520, 101, '2567', '3', 0.00, 50.79, NULL, 1, 'Pending', '2026-02-24 10:59:36', '00018');
INSERT INTO `kpi_results` VALUES (521, 101, '2567', '6', 0.00, 33.68, NULL, 1, 'Pending', '2026-02-24 10:59:36', '00018');
INSERT INTO `kpi_results` VALUES (522, 184, '2567', '10', 117.86, 0.00, NULL, 1, 'Pending', '2026-02-24 10:59:36', '00018');
INSERT INTO `kpi_results` VALUES (523, 184, '2567', '3', 0.00, 90.85, NULL, 1, 'Pending', '2026-02-24 10:59:36', '00018');
INSERT INTO `kpi_results` VALUES (524, 184, '2567', '4', 0.00, 74.36, NULL, 1, 'Pending', '2026-02-24 10:59:36', '00018');
INSERT INTO `kpi_results` VALUES (525, 184, '2567', '7', 0.00, 46.07, NULL, 1, 'Pending', '2026-02-24 10:59:36', '00018');
INSERT INTO `kpi_results` VALUES (526, 121, '2567', '10', 100.71, 0.00, NULL, 1, 'Pending', '2026-02-24 10:59:36', '00018');
INSERT INTO `kpi_results` VALUES (527, 121, '2567', '11', 0.00, 36.68, NULL, 1, 'Pending', '2026-02-24 10:59:36', '00018');
INSERT INTO `kpi_results` VALUES (528, 121, '2567', '8', 0.00, 77.68, NULL, 1, 'Pending', '2026-02-24 10:59:36', '00018');
INSERT INTO `kpi_results` VALUES (529, 121, '2567', '9', 0.00, 49.94, NULL, 1, 'Pending', '2026-02-24 10:59:36', '00018');
INSERT INTO `kpi_results` VALUES (530, 186, '2567', '10', 121.82, 0.00, NULL, 1, 'Pending', '2026-02-24 10:59:36', '00018');
INSERT INTO `kpi_results` VALUES (531, 186, '2567', '12', 0.00, 79.18, NULL, 1, 'Pending', '2026-02-24 10:59:36', '00018');
INSERT INTO `kpi_results` VALUES (532, 186, '2567', '3', 0.00, 18.21, NULL, 1, 'Pending', '2026-02-24 10:59:36', '00018');
INSERT INTO `kpi_results` VALUES (533, 173, '2567', '10', 65.33, 0.00, NULL, 1, 'Pending', '2026-02-24 10:59:36', '00018');
INSERT INTO `kpi_results` VALUES (534, 173, '2567', '4', 0.00, 4.30, NULL, 1, 'Pending', '2026-02-24 10:59:36', '00018');
INSERT INTO `kpi_results` VALUES (535, 87, '2567', '10', 61.30, 0.00, NULL, 1, 'Pending', '2026-02-24 10:59:36', '00018');
INSERT INTO `kpi_results` VALUES (536, 87, '2567', '12', 0.00, 56.66, NULL, 1, 'Pending', '2026-02-24 10:59:36', '00018');
INSERT INTO `kpi_results` VALUES (537, 176, '2567', '10', 46.24, 0.00, NULL, 1, 'Pending', '2026-02-24 10:59:36', '00018');
INSERT INTO `kpi_results` VALUES (538, 176, '2567', '1', 0.00, 88.38, NULL, 1, 'Pending', '2026-02-24 10:59:36', '00018');
INSERT INTO `kpi_results` VALUES (539, 119, '2567', '10', 78.09, 0.00, NULL, 1, 'Pending', '2026-02-24 10:59:37', '00018');
INSERT INTO `kpi_results` VALUES (540, 119, '2567', '1', 0.00, 12.52, NULL, 1, 'Pending', '2026-02-24 10:59:37', '00018');
INSERT INTO `kpi_results` VALUES (541, 119, '2567', '2', 0.00, 8.82, NULL, 1, 'Pending', '2026-02-24 10:59:37', '00018');
INSERT INTO `kpi_results` VALUES (542, 119, '2567', '7', 0.00, 17.78, NULL, 1, 'Pending', '2026-02-24 10:59:37', '00018');
INSERT INTO `kpi_results` VALUES (543, 33, '2567', '10', 89.12, 0.00, NULL, 1, 'Pending', '2026-02-24 10:59:37', '00018');
INSERT INTO `kpi_results` VALUES (544, 33, '2567', '5', 0.00, 14.54, NULL, 1, 'Pending', '2026-02-24 10:59:37', '00018');
INSERT INTO `kpi_results` VALUES (545, 33, '2567', '8', 0.00, 17.44, NULL, 1, 'Pending', '2026-02-24 10:59:37', '00018');
INSERT INTO `kpi_results` VALUES (546, 22, '2567', '10', 98.59, 0.00, NULL, 1, 'Pending', '2026-02-24 10:59:37', '00018');
INSERT INTO `kpi_results` VALUES (547, 22, '2567', '5', 0.00, 46.73, NULL, 1, 'Pending', '2026-02-24 10:59:37', '00018');
INSERT INTO `kpi_results` VALUES (553, 8, '2567', '10', 27.85, 0.00, NULL, 1, 'Pending', '2026-02-24 10:59:37', '00018');
INSERT INTO `kpi_results` VALUES (554, 8, '2567', '1', 0.00, 27.77, NULL, 1, 'Pending', '2026-02-24 10:59:37', '00018');
INSERT INTO `kpi_results` VALUES (555, 8, '2567', '3', 0.00, 34.16, NULL, 1, 'Pending', '2026-02-24 10:59:37', '00018');
INSERT INTO `kpi_results` VALUES (558, 128, '2567', '10', 254.28, 0.00, NULL, 1, 'Pending', '2026-02-24 10:59:37', '00018');
INSERT INTO `kpi_results` VALUES (559, 128, '2567', '11', 0.00, 10.96, NULL, 1, 'Pending', '2026-02-24 10:59:37', '00018');
INSERT INTO `kpi_results` VALUES (560, 128, '2567', '1', 0.00, 55.14, NULL, 1, 'Pending', '2026-02-24 10:59:37', '00018');
INSERT INTO `kpi_results` VALUES (561, 128, '2567', '4', 0.00, 64.94, NULL, 1, 'Pending', '2026-02-24 10:59:37', '00018');
INSERT INTO `kpi_results` VALUES (562, 128, '2567', '5', 0.00, 38.33, NULL, 1, 'Pending', '2026-02-24 10:59:37', '00018');
INSERT INTO `kpi_results` VALUES (563, 128, '2567', '6', 0.00, 64.43, NULL, 1, 'Pending', '2026-02-24 10:59:37', '00018');
INSERT INTO `kpi_results` VALUES (564, 25, '2567', '10', 122.50, 0.00, NULL, 1, 'Pending', '2026-02-24 10:59:37', '00018');
INSERT INTO `kpi_results` VALUES (565, 25, '2567', '12', 0.00, 77.04, NULL, 1, 'Pending', '2026-02-24 10:59:37', '00018');
INSERT INTO `kpi_results` VALUES (566, 25, '2567', '2', 0.00, 68.67, NULL, 1, 'Pending', '2026-02-24 10:59:37', '00018');
INSERT INTO `kpi_results` VALUES (567, 25, '2567', '6', 0.00, 74.09, NULL, 1, 'Pending', '2026-02-24 10:59:37', '00018');
INSERT INTO `kpi_results` VALUES (568, 25, '2567', '8', 0.00, 77.74, NULL, 1, 'Pending', '2026-02-24 10:59:37', '00018');
INSERT INTO `kpi_results` VALUES (569, 30, '2567', '10', 0.37, 0.00, NULL, 1, 'Pending', '2026-02-24 10:59:37', '00018');
INSERT INTO `kpi_results` VALUES (570, 30, '2567', '9', 0.00, 93.86, NULL, 1, 'Pending', '2026-02-24 10:59:37', '00018');
INSERT INTO `kpi_results` VALUES (571, 70, '2567', '10', 121.10, 0.00, NULL, 1, 'Pending', '2026-02-24 10:59:37', '00018');
INSERT INTO `kpi_results` VALUES (572, 70, '2567', '12', 0.00, 18.15, NULL, 1, 'Pending', '2026-02-24 10:59:37', '00018');
INSERT INTO `kpi_results` VALUES (573, 70, '2567', '9', 0.00, 7.90, NULL, 1, 'Pending', '2026-02-24 10:59:37', '00018');
INSERT INTO `kpi_results` VALUES (574, 71, '2567', '10', 37.88, 0.00, NULL, 1, 'Pending', '2026-02-24 10:59:37', '00018');
INSERT INTO `kpi_results` VALUES (575, 71, '2567', '7', 0.00, 93.12, NULL, 1, 'Pending', '2026-02-24 10:59:37', '00018');
INSERT INTO `kpi_results` VALUES (576, 51, '2567', '10', 2.63, 0.00, NULL, 1, 'Pending', '2026-02-24 10:59:37', '00018');
INSERT INTO `kpi_results` VALUES (577, 51, '2567', '5', 0.00, 49.78, NULL, 1, 'Pending', '2026-02-24 10:59:37', '00018');
INSERT INTO `kpi_results` VALUES (578, 52, '2567', '10', 69.98, 0.00, NULL, 1, 'Pending', '2026-02-24 10:59:37', '00018');
INSERT INTO `kpi_results` VALUES (579, 52, '2567', '9', 0.00, 75.39, NULL, 1, 'Pending', '2026-02-24 10:59:37', '00018');
INSERT INTO `kpi_results` VALUES (580, 53, '2567', '10', 58.39, 0.00, NULL, 1, 'Pending', '2026-02-24 10:59:37', '00018');
INSERT INTO `kpi_results` VALUES (581, 53, '2567', '12', 0.00, 53.90, NULL, 1, 'Pending', '2026-02-24 10:59:37', '00018');
INSERT INTO `kpi_results` VALUES (582, 104, '2567', '10', 87.85, 9.20, NULL, 1, 'Pending', '2026-02-24 10:59:37', '00018');
INSERT INTO `kpi_results` VALUES (583, 5, '2567', '10', 38.53, 0.00, NULL, 1, 'Pending', '2026-02-24 10:59:37', '00018');
INSERT INTO `kpi_results` VALUES (584, 5, '2567', '1', 0.00, 64.02, NULL, 1, 'Pending', '2026-02-24 10:59:37', '00018');
INSERT INTO `kpi_results` VALUES (585, 69, '2567', '10', 172.89, 0.00, NULL, 1, 'Pending', '2026-02-24 10:59:37', '00018');
INSERT INTO `kpi_results` VALUES (586, 69, '2567', '12', 0.00, 57.14, NULL, 1, 'Pending', '2026-02-24 10:59:37', '00018');
INSERT INTO `kpi_results` VALUES (587, 69, '2567', '4', 0.00, 51.75, NULL, 1, 'Pending', '2026-02-24 10:59:37', '00018');
INSERT INTO `kpi_results` VALUES (588, 103, '2567', '10', 83.67, 72.67, NULL, 1, 'Pending', '2026-02-24 10:59:37', '00018');
INSERT INTO `kpi_results` VALUES (589, 103, '2567', '5', 0.00, 99.88, NULL, 1, 'Pending', '2026-02-24 10:59:37', '00018');
INSERT INTO `kpi_results` VALUES (590, 36, '2567', '10', 85.82, 0.00, NULL, 1, 'Pending', '2026-02-24 10:59:37', '00018');
INSERT INTO `kpi_results` VALUES (591, 36, '2567', '6', 0.00, 40.24, NULL, 1, 'Pending', '2026-02-24 10:59:37', '00018');
INSERT INTO `kpi_results` VALUES (592, 120, '2567', '10', 65.01, 0.00, NULL, 1, 'Pending', '2026-02-24 10:59:37', '00018');
INSERT INTO `kpi_results` VALUES (593, 120, '2567', '4', 0.00, 45.02, NULL, 1, 'Pending', '2026-02-24 10:59:37', '00018');
INSERT INTO `kpi_results` VALUES (594, 68, '2567', '10', 160.31, 0.00, NULL, 1, 'Pending', '2026-02-24 10:59:37', '00018');
INSERT INTO `kpi_results` VALUES (595, 68, '2567', '11', 0.00, 32.66, NULL, 1, 'Pending', '2026-02-24 10:59:37', '00018');
INSERT INTO `kpi_results` VALUES (596, 68, '2567', '2', 0.00, 82.89, NULL, 1, 'Pending', '2026-02-24 10:59:37', '00018');
INSERT INTO `kpi_results` VALUES (598, 118, '2567', '10', 48.60, 84.21, NULL, 1, 'Pending', '2026-02-24 10:59:37', '00018');
INSERT INTO `kpi_results` VALUES (599, 39, '2567', '10', 18.67, 0.00, NULL, 1, 'Pending', '2026-02-24 10:59:37', '00018');
INSERT INTO `kpi_results` VALUES (600, 39, '2567', '3', 0.00, 54.54, NULL, 1, 'Pending', '2026-02-24 10:59:37', '00018');
INSERT INTO `kpi_results` VALUES (601, 174, '2567', '10', 27.77, 0.00, NULL, 1, 'Pending', '2026-02-24 10:59:37', '00018');
INSERT INTO `kpi_results` VALUES (602, 174, '2567', '1', 0.00, 76.82, NULL, 1, 'Pending', '2026-02-24 10:59:37', '00018');
INSERT INTO `kpi_results` VALUES (603, 116, '2567', '10', 62.92, 0.00, NULL, 1, 'Pending', '2026-02-24 10:59:37', '00018');
INSERT INTO `kpi_results` VALUES (604, 116, '2567', '12', 0.00, 96.09, NULL, 1, 'Pending', '2026-02-24 10:59:37', '00018');
INSERT INTO `kpi_results` VALUES (605, 75, '2567', '10', 15.33, 0.00, NULL, 1, 'Pending', '2026-02-24 10:59:37', '00018');
INSERT INTO `kpi_results` VALUES (606, 75, '2567', '9', 0.00, 64.01, NULL, 1, 'Pending', '2026-02-24 10:59:37', '00018');
INSERT INTO `kpi_results` VALUES (607, 175, '2567', '10', 45.78, 0.00, NULL, 1, 'Pending', '2026-02-24 10:59:37', '00018');
INSERT INTO `kpi_results` VALUES (608, 175, '2567', '5', 0.00, 53.42, NULL, 1, 'Pending', '2026-02-24 10:59:37', '00018');
INSERT INTO `kpi_results` VALUES (609, 175, '2567', '9', 0.00, 75.61, NULL, 1, 'Pending', '2026-02-24 10:59:37', '00018');
INSERT INTO `kpi_results` VALUES (610, 23, '2567', '10', 9.60, 0.00, NULL, 1, 'Pending', '2026-02-24 10:59:37', '00018');
INSERT INTO `kpi_results` VALUES (611, 23, '2567', '12', 0.00, 0.66, NULL, 1, 'Pending', '2026-02-24 10:59:37', '00018');
INSERT INTO `kpi_results` VALUES (612, 23, '2567', '8', 0.00, 77.48, NULL, 1, 'Pending', '2026-02-24 10:59:37', '00018');
INSERT INTO `kpi_results` VALUES (613, 151, '2567', '10', 93.06, 0.00, NULL, 1, 'Pending', '2026-02-24 10:59:37', '00018');
INSERT INTO `kpi_results` VALUES (614, 151, '2567', '2', 0.00, 98.21, NULL, 1, 'Pending', '2026-02-24 10:59:37', '00018');
INSERT INTO `kpi_results` VALUES (615, 113, '2567', '10', 81.29, 0.00, NULL, 1, 'Pending', '2026-02-24 10:59:37', '00018');
INSERT INTO `kpi_results` VALUES (616, 113, '2567', '12', 0.00, 64.83, NULL, 1, 'Pending', '2026-02-24 10:59:37', '00018');
INSERT INTO `kpi_results` VALUES (617, 113, '2567', '6', 0.00, 31.55, NULL, 1, 'Pending', '2026-02-24 10:59:37', '00018');
INSERT INTO `kpi_results` VALUES (618, 114, '2567', '10', 146.77, 0.00, NULL, 1, 'Pending', '2026-02-24 10:59:37', '00018');
INSERT INTO `kpi_results` VALUES (619, 114, '2567', '1', 0.00, 96.64, NULL, 1, 'Pending', '2026-02-24 10:59:37', '00018');
INSERT INTO `kpi_results` VALUES (620, 114, '2567', '5', 0.00, 99.99, NULL, 1, 'Pending', '2026-02-24 10:59:37', '00018');
INSERT INTO `kpi_results` VALUES (621, 114, '2567', '6', 0.00, 49.56, NULL, 1, 'Pending', '2026-02-24 10:59:37', '00018');
INSERT INTO `kpi_results` VALUES (622, 171, '2567', '10', 36.14, 0.00, NULL, 1, 'Pending', '2026-02-24 10:59:37', '00018');
INSERT INTO `kpi_results` VALUES (623, 171, '2567', '11', 0.00, 18.54, NULL, 1, 'Pending', '2026-02-24 10:59:37', '00018');
INSERT INTO `kpi_results` VALUES (624, 80, '2567', '10', 128.36, 0.00, NULL, 1, 'Pending', '2026-02-24 10:59:37', '00018');
INSERT INTO `kpi_results` VALUES (625, 80, '2567', '12', 0.00, 4.66, NULL, 1, 'Pending', '2026-02-24 10:59:37', '00018');
INSERT INTO `kpi_results` VALUES (626, 80, '2567', '5', 0.00, 28.75, NULL, 1, 'Pending', '2026-02-24 10:59:37', '00018');
INSERT INTO `kpi_results` VALUES (627, 80, '2567', '6', 0.00, 21.21, NULL, 1, 'Pending', '2026-02-24 10:59:37', '00018');
INSERT INTO `kpi_results` VALUES (628, 79, '2567', '10', 44.30, 0.00, NULL, 1, 'Pending', '2026-02-24 10:59:37', '00018');
INSERT INTO `kpi_results` VALUES (629, 79, '2567', '4', 0.00, 72.13, NULL, 1, 'Pending', '2026-02-24 10:59:37', '00018');
INSERT INTO `kpi_results` VALUES (630, 110, '2568', '10', 76.76, 0.00, NULL, 1, 'Pending', '2026-02-24 10:59:37', '00018');
INSERT INTO `kpi_results` VALUES (631, 110, '2568', '1', 0.00, 86.43, NULL, 1, 'Pending', '2026-02-24 10:59:37', '00018');
INSERT INTO `kpi_results` VALUES (632, 111, '2567', '10', 25.40, 0.00, NULL, 1, 'Pending', '2026-02-24 10:59:37', '00018');
INSERT INTO `kpi_results` VALUES (633, 111, '2567', '11', 0.00, 73.37, NULL, 1, 'Pending', '2026-02-24 10:59:37', '00018');
INSERT INTO `kpi_results` VALUES (634, 18, '2567', '10', 20.80, 0.00, NULL, 1, 'Pending', '2026-02-24 10:59:37', '00018');
INSERT INTO `kpi_results` VALUES (635, 18, '2567', '6', 0.00, 62.42, NULL, 1, 'Pending', '2026-02-24 10:59:37', '00018');
INSERT INTO `kpi_results` VALUES (636, 20, '2567', '10', 32.63, 0.00, NULL, 1, 'Pending', '2026-02-24 10:59:37', '00018');
INSERT INTO `kpi_results` VALUES (637, 20, '2567', '5', 0.00, 27.77, NULL, 1, 'Pending', '2026-02-24 10:59:37', '00018');
INSERT INTO `kpi_results` VALUES (638, 15, '2567', '10', 29.39, 0.00, NULL, 1, 'Pending', '2026-02-24 10:59:37', '00018');
INSERT INTO `kpi_results` VALUES (639, 15, '2567', '11', 0.00, 15.44, NULL, 1, 'Pending', '2026-02-24 10:59:37', '00018');
INSERT INTO `kpi_results` VALUES (640, 14, '2567', '10', 66.22, 35.40, NULL, 1, 'Pending', '2026-02-24 10:59:37', '00018');
INSERT INTO `kpi_results` VALUES (641, 60, '2567', '10', 19.71, 0.00, NULL, 1, 'Pending', '2026-02-24 10:59:37', '00018');
INSERT INTO `kpi_results` VALUES (642, 60, '2567', '7', 0.00, 2.60, NULL, 1, 'Pending', '2026-02-24 10:59:37', '00018');
INSERT INTO `kpi_results` VALUES (643, 152, '2567', '10', 96.69, 0.00, NULL, 1, 'Pending', '2026-02-24 10:59:37', '00018');
INSERT INTO `kpi_results` VALUES (644, 152, '2567', '5', 0.00, 65.83, NULL, 1, 'Pending', '2026-02-24 10:59:37', '00018');
INSERT INTO `kpi_results` VALUES (645, 129, '2567', '10', 57.04, 0.00, NULL, 1, 'Pending', '2026-02-24 10:59:37', '00018');
INSERT INTO `kpi_results` VALUES (646, 129, '2567', '7', 0.00, 5.77, NULL, 1, 'Pending', '2026-02-24 10:59:37', '00018');
INSERT INTO `kpi_results` VALUES (647, 150, '2567', '10', 32.54, 0.00, NULL, 1, 'Pending', '2026-02-24 10:59:37', '00018');
INSERT INTO `kpi_results` VALUES (648, 150, '2567', '9', 0.00, 54.12, NULL, 1, 'Pending', '2026-02-24 10:59:37', '00018');
INSERT INTO `kpi_results` VALUES (649, 131, '2567', '10', 56.66, 0.00, NULL, 1, 'Pending', '2026-02-24 10:59:37', '00018');
INSERT INTO `kpi_results` VALUES (650, 131, '2567', '8', 0.00, 86.71, NULL, 1, 'Pending', '2026-02-24 10:59:37', '00018');
INSERT INTO `kpi_results` VALUES (651, 130, '2567', '10', 177.56, 9.92, NULL, 1, 'Pending', '2026-02-24 10:59:37', '00018');
INSERT INTO `kpi_results` VALUES (652, 130, '2567', '6', 0.00, 23.68, NULL, 1, 'Pending', '2026-02-24 10:59:37', '00018');
INSERT INTO `kpi_results` VALUES (653, 130, '2567', '8', 0.00, 70.24, NULL, 1, 'Pending', '2026-02-24 10:59:37', '00018');
INSERT INTO `kpi_results` VALUES (654, 84, '2567', '10', 92.60, 91.72, NULL, 1, 'Pending', '2026-02-24 10:59:37', '00018');
INSERT INTO `kpi_results` VALUES (655, 83, '2567', '10', 13.33, 0.00, NULL, 1, 'Pending', '2026-02-24 10:59:37', '00018');
INSERT INTO `kpi_results` VALUES (656, 83, '2567', '11', 0.00, 61.38, NULL, 1, 'Pending', '2026-02-24 10:59:37', '00018');
INSERT INTO `kpi_results` VALUES (657, 83, '2567', '6', 0.00, 72.99, NULL, 1, 'Pending', '2026-02-24 10:59:37', '00018');
INSERT INTO `kpi_results` VALUES (658, 138, '2567', '10', 18.99, 0.00, NULL, 1, 'Pending', '2026-02-24 10:59:37', '00018');
INSERT INTO `kpi_results` VALUES (659, 138, '2567', '2', 0.00, 93.90, NULL, 1, 'Pending', '2026-02-24 10:59:37', '00018');
INSERT INTO `kpi_results` VALUES (660, 137, '2567', '10', 28.43, 0.00, NULL, 1, 'Pending', '2026-02-24 10:59:37', '00018');
INSERT INTO `kpi_results` VALUES (661, 137, '2567', '8', 0.00, 89.97, NULL, 1, 'Pending', '2026-02-24 10:59:37', '00018');
INSERT INTO `kpi_results` VALUES (662, 148, '2567', '10', 54.54, 0.00, NULL, 1, 'Pending', '2026-02-24 10:59:37', '00018');
INSERT INTO `kpi_results` VALUES (663, 148, '2567', '2', 0.00, 35.88, NULL, 1, 'Pending', '2026-02-24 10:59:37', '00018');
INSERT INTO `kpi_results` VALUES (664, 147, '2567', '10', 121.15, 61.90, NULL, 1, 'Pending', '2026-02-24 10:59:37', '00018');
INSERT INTO `kpi_results` VALUES (665, 147, '2567', '2', 0.00, 4.63, NULL, 1, 'Pending', '2026-02-24 10:59:38', '00018');
INSERT INTO `kpi_results` VALUES (666, 147, '2567', '5', 0.00, 31.37, NULL, 1, 'Pending', '2026-02-24 10:59:38', '00018');
INSERT INTO `kpi_results` VALUES (667, 145, '2568', '10', 27.05, 0.00, NULL, 1, 'Pending', '2026-02-24 10:59:38', '00018');
INSERT INTO `kpi_results` VALUES (668, 145, '2568', '7', 0.00, 86.45, NULL, 1, 'Pending', '2026-02-24 10:59:38', '00018');
INSERT INTO `kpi_results` VALUES (669, 145, '2567', '10', 20.55, 0.00, NULL, 1, 'Pending', '2026-02-24 10:59:38', '00018');
INSERT INTO `kpi_results` VALUES (670, 145, '2567', '6', 0.00, 61.13, NULL, 1, 'Pending', '2026-02-24 10:59:38', '00018');
INSERT INTO `kpi_results` VALUES (671, 146, '2567', '10', 38.57, 0.00, NULL, 1, 'Pending', '2026-02-24 10:59:38', '00018');
INSERT INTO `kpi_results` VALUES (672, 146, '2567', '9', 0.00, 16.70, NULL, 1, 'Pending', '2026-02-24 10:59:38', '00018');
INSERT INTO `kpi_results` VALUES (673, 156, '2568', '10', 89.75, 48.88, NULL, 1, 'Pending', '2026-02-24 10:59:38', '00018');
INSERT INTO `kpi_results` VALUES (674, 156, '2567', '10', 70.15, 0.00, NULL, 1, 'Pending', '2026-02-24 10:59:38', '00018');
INSERT INTO `kpi_results` VALUES (675, 156, '2567', '5', 0.00, 70.15, NULL, 1, 'Pending', '2026-02-24 10:59:38', '00018');
INSERT INTO `kpi_results` VALUES (676, 157, '2567', '10', 14.60, 0.00, NULL, 1, 'Pending', '2026-02-24 10:59:38', '00018');
INSERT INTO `kpi_results` VALUES (677, 157, '2567', '8', 0.00, 81.22, NULL, 1, 'Pending', '2026-02-24 10:59:38', '00018');
INSERT INTO `kpi_results` VALUES (678, 158, '2567', '10', 18.09, 86.43, NULL, 1, 'Pending', '2026-02-24 10:59:38', '00018');
INSERT INTO `kpi_results` VALUES (679, 45, '2567', '10', 96.35, 3.00, NULL, 1, 'Pending', '2026-02-24 10:59:38', '00018');
INSERT INTO `kpi_results` VALUES (680, 45, '2567', '11', 0.00, 4.00, NULL, 1, 'Pending', '2026-02-24 10:59:38', '00018');
INSERT INTO `kpi_results` VALUES (681, 45, '2567', '4', 0.00, 41.68, NULL, 1, 'Pending', '2026-02-24 10:59:38', '00018');
INSERT INTO `kpi_results` VALUES (682, 45, '2567', '6', 0.00, 52.31, NULL, 1, 'Pending', '2026-02-24 10:59:38', '00018');
INSERT INTO `kpi_results` VALUES (683, 143, '2569', '10', 61.04, 0.00, NULL, 1, 'Pending', '2026-02-24 10:59:38', '00018');
INSERT INTO `kpi_results` VALUES (684, 143, '2569', '5', 0.00, 84.36, NULL, 1, 'Pending', '2026-02-24 10:59:38', '00018');
INSERT INTO `kpi_results` VALUES (685, 61, '2569', '10', 23.60, 0.00, NULL, 1, 'Pending', '2026-02-24 10:59:38', '00018');
INSERT INTO `kpi_results` VALUES (686, 61, '2569', '6', 0.00, 43.29, NULL, 1, 'Pending', '2026-02-24 10:59:38', '00018');
INSERT INTO `kpi_results` VALUES (689, 161, '2569', '10', 46.05, 0.00, NULL, 1, 'Pending', '2026-02-24 10:59:38', '00018');
INSERT INTO `kpi_results` VALUES (690, 161, '2569', '8', 0.00, 0.09, NULL, 1, 'Pending', '2026-02-24 10:59:38', '00018');
INSERT INTO `kpi_results` VALUES (691, 162, '2569', '10', 501.00, 6.00, NULL, 1, 'Pending', '2026-02-24 10:59:38', '00018');
INSERT INTO `kpi_results` VALUES (692, 162, '2569', '3', 0.00, 46.00, NULL, 1, 'Pending', '2026-02-24 10:59:38', '00018');
INSERT INTO `kpi_results` VALUES (693, 11, '2569', '10', 44.74, 0.00, NULL, 1, 'Pending', '2026-02-24 10:59:38', '00018');
INSERT INTO `kpi_results` VALUES (694, 11, '2569', '12', 0.00, 26.68, NULL, 1, 'Pending', '2026-02-24 10:59:38', '00018');
INSERT INTO `kpi_results` VALUES (695, 8, '2569', '10', 41.94, 0.00, NULL, 1, 'Pending', '2026-02-24 10:59:38', '00018');
INSERT INTO `kpi_results` VALUES (696, 8, '2569', '12', 0.00, 44.00, NULL, 1, 'Pending', '2026-02-24 10:59:38', '00018');
INSERT INTO `kpi_results` VALUES (697, 8, '2569', '1', 0.00, 4.00, NULL, 1, 'Pending', '2026-02-24 10:59:38', '00018');
INSERT INTO `kpi_results` VALUES (698, 29, '2569', '10', 3.37, 0.00, NULL, 1, 'Pending', '2026-02-24 10:59:38', '00018');
INSERT INTO `kpi_results` VALUES (699, 29, '2569', '9', 0.00, 76.10, NULL, 1, 'Pending', '2026-02-24 10:59:38', '00018');
INSERT INTO `kpi_results` VALUES (700, 118, '2569', '10', 49.90, 85.48, NULL, 1, 'Pending', '2026-02-24 10:59:38', '00018');
INSERT INTO `kpi_results` VALUES (701, 149, '2569', '10', 100.00, 0.00, NULL, 2, 'Pending', '2026-02-24 11:10:45', '00018');
INSERT INTO `kpi_results` VALUES (702, 149, '2569', '9', 0.00, 40.69, NULL, 2, 'Pending', '2026-02-24 11:10:45', '00018');
INSERT INTO `kpi_results` VALUES (703, 158, '2569', '10', 500.00, 95.00, NULL, 1, 'Pending', '2026-02-24 11:41:11', '10877');

-- ----------------------------
-- Table structure for login_logs
-- ----------------------------
DROP TABLE IF EXISTS `login_logs`;
CREATE TABLE `login_logs`  (
  `id` int NOT NULL AUTO_INCREMENT,
  `username` varchar(50) CHARACTER SET utf8mb4 COLLATE utf8mb4_0900_ai_ci NULL DEFAULT NULL,
  `action` varchar(50) CHARACTER SET utf8mb4 COLLATE utf8mb4_0900_ai_ci NULL DEFAULT NULL,
  `details` text CHARACTER SET utf8mb4 COLLATE utf8mb4_0900_ai_ci NULL,
  `ip_address` varchar(45) CHARACTER SET utf8mb4 COLLATE utf8mb4_0900_ai_ci NULL DEFAULT NULL,
  `created_at` timestamp NULL DEFAULT CURRENT_TIMESTAMP,
  PRIMARY KEY (`id`) USING BTREE
) ENGINE = InnoDB AUTO_INCREMENT = 104 CHARACTER SET = utf8mb4 COLLATE = utf8mb4_0900_ai_ci ROW_FORMAT = Dynamic;

-- ----------------------------
-- Records of login_logs
-- ----------------------------
INSERT INTO `login_logs` VALUES (1, 'admin_korat', 'login_success', 'เข้าสู่ระบบสำเร็จ', '::1', '2026-02-20 02:35:37');
INSERT INTO `login_logs` VALUES (2, 'admin_korat', 'login_failed', 'รหัสผ่านไม่ถูกต้อง', '::1', '2026-02-20 02:35:58');
INSERT INTO `login_logs` VALUES (3, 'admin', 'login_failed', 'ไม่พบชื่อผู้ใช้งาน', '::1', '2026-02-20 02:36:11');
INSERT INTO `login_logs` VALUES (4, 'admin_korat', 'login_success', 'เข้าสู่ระบบสำเร็จ', '::1', '2026-02-20 05:18:08');
INSERT INTO `login_logs` VALUES (5, 'admin_korat', 'login_success', 'เข้าสู่ระบบสำเร็จ', '::1', '2026-02-20 10:48:12');
INSERT INTO `login_logs` VALUES (6, 'admin_korat', 'login_success', 'เข้าสู่ระบบสำเร็จ', '::1', '2026-02-22 04:50:29');
INSERT INTO `login_logs` VALUES (7, 'admin_korat', 'login_success', 'เข้าสู่ระบบสำเร็จ', '::1', '2026-02-22 09:25:51');
INSERT INTO `login_logs` VALUES (8, 'admin_korat', 'login_success', 'เข้าสู่ระบบสำเร็จ', '::1', '2026-02-22 09:25:59');
INSERT INTO `login_logs` VALUES (9, 'admin_korat', 'login_success', 'เข้าสู่ระบบสำเร็จ', '::1', '2026-02-22 09:49:05');
INSERT INTO `login_logs` VALUES (10, 'admin_korat', 'login_success', 'เข้าสู่ระบบสำเร็จ', '::1', '2026-02-22 09:49:07');
INSERT INTO `login_logs` VALUES (11, 'admin_korat', 'login_success', 'เข้าสู่ระบบสำเร็จ', '::1', '2026-02-22 09:50:08');
INSERT INTO `login_logs` VALUES (12, 'admin_korat', 'login_success', 'เข้าสู่ระบบสำเร็จ', '::1', '2026-02-22 10:09:38');
INSERT INTO `login_logs` VALUES (13, 'admin_korat', 'login_success', 'เข้าสู่ระบบสำเร็จ', '::1', '2026-02-22 10:30:56');
INSERT INTO `login_logs` VALUES (14, 'admin_korat', 'login_success', 'เข้าสู่ระบบสำเร็จ', '::1', '2026-02-22 10:31:04');
INSERT INTO `login_logs` VALUES (15, 'admin_korat', 'login_success', 'เข้าสู่ระบบสำเร็จ', '::1', '2026-02-22 10:31:08');
INSERT INTO `login_logs` VALUES (16, 'admin_korat', 'login_success', 'เข้าสู่ระบบสำเร็จ', '::1', '2026-02-22 14:02:43');
INSERT INTO `login_logs` VALUES (17, 'admin_korat', 'login_success', 'เข้าสู่ระบบสำเร็จ', '::1', '2026-02-23 02:02:04');
INSERT INTO `login_logs` VALUES (18, 'admin_korat', 'login_success', 'เข้าสู่ระบบสำเร็จ', '::1', '2026-02-23 05:57:13');
INSERT INTO `login_logs` VALUES (19, 'admin_korat', 'login_success', 'เข้าสู่ระบบสำเร็จ', '::1', '2026-02-23 06:39:46');
INSERT INTO `login_logs` VALUES (20, 'admin_korat', 'login_success', 'เข้าสู่ระบบสำเร็จ', '::1', '2026-02-23 06:55:02');
INSERT INTO `login_logs` VALUES (21, 'admin_korat', 'login_success', 'เข้าสู่ระบบสำเร็จ', '::1', '2026-02-23 06:55:16');
INSERT INTO `login_logs` VALUES (22, 'admin_korat', 'login_success', 'เข้าสู่ระบบสำเร็จ', '::1', '2026-02-23 07:01:03');
INSERT INTO `login_logs` VALUES (23, 'admin_korat', 'login_success', 'เข้าสู่ระบบสำเร็จ', '::1', '2026-02-23 07:05:07');
INSERT INTO `login_logs` VALUES (24, 'admin_korat', 'login_success', 'เข้าสู่ระบบสำเร็จ', '::1', '2026-02-23 07:07:30');
INSERT INTO `login_logs` VALUES (25, 'admin_korat', 'login_success', 'เข้าสู่ระบบสำเร็จ', '::1', '2026-02-23 07:07:35');
INSERT INTO `login_logs` VALUES (26, 'admin_korat', 'login_success', 'เข้าสู่ระบบสำเร็จ', '::1', '2026-02-23 07:13:57');
INSERT INTO `login_logs` VALUES (27, 'admin_korat', 'login_success', 'เข้าสู่ระบบสำเร็จ', '::1', '2026-02-23 07:14:15');
INSERT INTO `login_logs` VALUES (28, 'admin_korat', 'login_success', 'เข้าสู่ระบบสำเร็จ', '::1', '2026-02-23 07:16:37');
INSERT INTO `login_logs` VALUES (29, 'admin_korat', 'login_success', 'เข้าสู่ระบบสำเร็จ', '::1', '2026-02-23 07:16:52');
INSERT INTO `login_logs` VALUES (30, 'admin_korat', 'login_success', 'เข้าสู่ระบบสำเร็จ', '::1', '2026-02-23 07:18:11');
INSERT INTO `login_logs` VALUES (31, 'admin_korat', 'login_success', 'เข้าสู่ระบบสำเร็จ', '::1', '2026-02-23 07:18:15');
INSERT INTO `login_logs` VALUES (32, 'admin_korat', 'login_success', 'เข้าสู่ระบบสำเร็จ', '::1', '2026-02-23 07:18:46');
INSERT INTO `login_logs` VALUES (33, 'admin_korat', 'login_success', 'เข้าสู่ระบบสำเร็จ', '::1', '2026-02-23 09:03:31');
INSERT INTO `login_logs` VALUES (34, 'admin_korat', 'login_success', 'เข้าสู่ระบบสำเร็จ', '::1', '2026-02-23 09:08:46');
INSERT INTO `login_logs` VALUES (35, 'admin_korat', 'login_success', 'เข้าสู่ระบบสำเร็จ', '::1', '2026-02-23 09:12:46');
INSERT INTO `login_logs` VALUES (36, 'admin_korat', 'login_success', 'เข้าสู่ระบบสำเร็จ', '::1', '2026-02-23 09:17:51');
INSERT INTO `login_logs` VALUES (37, 'admin_korat', 'login_success', 'เข้าสู่ระบบสำเร็จ', '::1', '2026-02-23 09:31:38');
INSERT INTO `login_logs` VALUES (38, 'admin_korat', 'login_success', 'เข้าสู่ระบบสำเร็จ', '::1', '2026-02-23 10:38:07');
INSERT INTO `login_logs` VALUES (39, 'admin_korat', 'login_success', 'เข้าสู่ระบบสำเร็จ', '::1', '2026-02-23 10:54:48');
INSERT INTO `login_logs` VALUES (40, 'admin_korat', 'login_success', 'เข้าสู่ระบบสำเร็จ', '::1', '2026-02-23 11:18:34');
INSERT INTO `login_logs` VALUES (41, 'admin_korat', 'login_success', 'เข้าสู่ระบบสำเร็จ', '::1', '2026-02-23 11:23:32');
INSERT INTO `login_logs` VALUES (42, 'admin_korat', 'login_success', 'เข้าสู่ระบบสำเร็จ', '::1', '2026-02-24 04:11:36');
INSERT INTO `login_logs` VALUES (43, 'admin_korat', 'login_success', 'เข้าสู่ระบบสำเร็จ', '::1', '2026-02-24 04:23:02');
INSERT INTO `login_logs` VALUES (44, 'admin_korat', 'login_success', 'เข้าสู่ระบบสำเร็จ', '::1', '2026-02-24 05:00:08');
INSERT INTO `login_logs` VALUES (45, 'admin_korat', 'login_success', 'เข้าสู่ระบบสำเร็จ', '::1', '2026-02-24 05:55:11');
INSERT INTO `login_logs` VALUES (46, 'admin_korat', 'login_success', 'เข้าสู่ระบบสำเร็จ', '::1', '2026-02-24 06:06:48');
INSERT INTO `login_logs` VALUES (47, 'admin_korat', 'login_success', 'เข้าสู่ระบบสำเร็จ', '::1', '2026-02-24 06:10:24');
INSERT INTO `login_logs` VALUES (48, 'admin_korat', 'login_success', 'เข้าสู่ระบบสำเร็จ', '::1', '2026-02-24 06:20:02');
INSERT INTO `login_logs` VALUES (49, 'admin', 'login_success', 'เข้าสู่ระบบสำเร็จ', '::1', '2026-02-24 06:29:43');
INSERT INTO `login_logs` VALUES (50, 'admin', 'login_failed', 'รหัสผ่านไม่ถูกต้อง', '::1', '2026-02-24 06:59:36');
INSERT INTO `login_logs` VALUES (51, 'admin', 'login_success', 'เข้าสู่ระบบสำเร็จ', '::1', '2026-02-24 06:59:40');
INSERT INTO `login_logs` VALUES (52, 'hos00018', 'login_success', 'เข้าสู่ระบบสำเร็จ', '::1', '2026-02-24 07:01:18');
INSERT INTO `login_logs` VALUES (53, 'admin_korat', 'login_success', 'เข้าสู่ระบบสำเร็จ', '::1', '2026-02-24 07:21:26');
INSERT INTO `login_logs` VALUES (54, 'hosp00018', 'login_failed', 'ไม่พบชื่อผู้ใช้งาน', '::1', '2026-02-24 07:21:46');
INSERT INTO `login_logs` VALUES (55, 'hosp00018', 'login_failed', 'ไม่พบชื่อผู้ใช้งาน', '::1', '2026-02-24 07:21:58');
INSERT INTO `login_logs` VALUES (56, 'hosp00018', 'login_failed', 'ไม่พบชื่อผู้ใช้งาน', '::1', '2026-02-24 07:22:07');
INSERT INTO `login_logs` VALUES (57, 'hosp00018', 'login_failed', 'ไม่พบชื่อผู้ใช้งาน', '::1', '2026-02-24 07:22:11');
INSERT INTO `login_logs` VALUES (58, 'admin_korat', 'login_success', 'เข้าสู่ระบบสำเร็จ', '::1', '2026-02-24 07:22:20');
INSERT INTO `login_logs` VALUES (59, 'hos00018', 'login_success', 'เข้าสู่ระบบสำเร็จ', '::1', '2026-02-24 07:22:58');
INSERT INTO `login_logs` VALUES (60, 'admin', 'login_success', 'เข้าสู่ระบบสำเร็จ', '::1', '2026-02-24 07:23:41');
INSERT INTO `login_logs` VALUES (61, 'admin_korat', 'login_success', 'เข้าสู่ระบบสำเร็จ', '::1', '2026-02-24 07:48:50');
INSERT INTO `login_logs` VALUES (62, 'hos00018', 'login_success', 'เข้าสู่ระบบสำเร็จ', '::1', '2026-02-24 07:49:02');
INSERT INTO `login_logs` VALUES (63, 'hos00018', 'login_success', 'เข้าสู่ระบบสำเร็จ', '::1', '2026-02-24 08:02:26');
INSERT INTO `login_logs` VALUES (64, 'hos00018', 'login_success', 'เข้าสู่ระบบสำเร็จ', '::1', '2026-02-24 08:09:08');
INSERT INTO `login_logs` VALUES (65, 'admin', 'login_success', 'เข้าสู่ระบบสำเร็จ', '::1', '2026-02-24 08:10:08');
INSERT INTO `login_logs` VALUES (66, 'admin', 'login_success', 'เข้าสู่ระบบสำเร็จ', '::1', '2026-02-24 08:22:42');
INSERT INTO `login_logs` VALUES (67, 'hos00018', 'login_success', 'เข้าสู่ระบบสำเร็จ', '::1', '2026-02-24 08:27:55');
INSERT INTO `login_logs` VALUES (68, 'admin_korat', 'login_success', 'เข้าสู่ระบบสำเร็จ', '::1', '2026-02-24 08:28:10');
INSERT INTO `login_logs` VALUES (69, 'hos10877', 'login_success', 'เข้าสู่ระบบสำเร็จ', '::1', '2026-02-24 08:53:46');
INSERT INTO `login_logs` VALUES (70, 'admin_korat', 'login_success', 'เข้าสู่ระบบสำเร็จ', '::1', '2026-02-24 08:54:47');
INSERT INTO `login_logs` VALUES (71, 'admin_korat', 'login_success', 'เข้าสู่ระบบสำเร็จ', '::1', '2026-02-24 09:25:15');
INSERT INTO `login_logs` VALUES (72, 'admin_korat', 'login_success', 'เข้าสู่ระบบสำเร็จ', '::1', '2026-02-24 09:26:19');
INSERT INTO `login_logs` VALUES (73, 'admin_korat', 'login_success', 'เข้าสู่ระบบสำเร็จ', '::1', '2026-02-24 10:04:14');
INSERT INTO `login_logs` VALUES (74, 'hos10877', 'login_success', 'เข้าสู่ระบบสำเร็จ', '::1', '2026-02-24 10:06:34');
INSERT INTO `login_logs` VALUES (75, 'hos00018', 'login_success', 'เข้าสู่ระบบสำเร็จ', '::1', '2026-02-24 10:07:00');
INSERT INTO `login_logs` VALUES (76, 'hos00018', 'login_success', 'เข้าสู่ระบบสำเร็จ', '::1', '2026-02-24 10:27:53');
INSERT INTO `login_logs` VALUES (77, 'admin_korat', 'login_success', 'เข้าสู่ระบบสำเร็จ', '::1', '2026-02-24 10:29:02');
INSERT INTO `login_logs` VALUES (78, 'hos10877', 'login_success', 'เข้าสู่ระบบสำเร็จ', '::1', '2026-02-24 10:38:19');
INSERT INTO `login_logs` VALUES (79, 'hos00018', 'login_success', 'เข้าสู่ระบบสำเร็จ', '::1', '2026-02-24 10:38:43');
INSERT INTO `login_logs` VALUES (80, 'admin_korat', 'login_success', 'เข้าสู่ระบบสำเร็จ', '::1', '2026-02-24 10:39:37');
INSERT INTO `login_logs` VALUES (81, 'admin_korat', 'login_success', 'เข้าสู่ระบบสำเร็จ', '::1', '2026-02-24 10:47:30');
INSERT INTO `login_logs` VALUES (82, 'admin_korat', 'login_success', 'เข้าสู่ระบบสำเร็จ', '::1', '2026-02-24 10:48:41');
INSERT INTO `login_logs` VALUES (83, 'hos10877', 'login_success', 'เข้าสู่ระบบสำเร็จ', '::1', '2026-02-24 10:55:58');
INSERT INTO `login_logs` VALUES (84, 'hos10877', 'login_success', 'เข้าสู่ระบบสำเร็จ', '::1', '2026-02-24 10:59:58');
INSERT INTO `login_logs` VALUES (85, 'admin_korat', 'login_success', 'เข้าสู่ระบบสำเร็จ', '::1', '2026-02-24 11:00:51');
INSERT INTO `login_logs` VALUES (86, 'hos00018', 'login_success', 'เข้าสู่ระบบสำเร็จ', '::1', '2026-02-24 11:06:30');
INSERT INTO `login_logs` VALUES (87, 'hos10877', 'login_success', 'เข้าสู่ระบบสำเร็จ', '::1', '2026-02-24 11:06:55');
INSERT INTO `login_logs` VALUES (88, 'hos10877', 'login_success', 'เข้าสู่ระบบสำเร็จ', '::1', '2026-02-24 11:09:42');
INSERT INTO `login_logs` VALUES (89, 'hos00018', 'login_success', 'เข้าสู่ระบบสำเร็จ', '::1', '2026-02-24 11:10:01');
INSERT INTO `login_logs` VALUES (90, 'admin_korat', 'login_success', 'เข้าสู่ระบบสำเร็จ', '::1', '2026-02-24 11:11:08');
INSERT INTO `login_logs` VALUES (91, 'admin', 'login_failed', 'ไม่พบชื่อผู้ใช้งาน', '::1', '2026-02-24 11:17:06');
INSERT INTO `login_logs` VALUES (92, 'hosp00018', 'login_failed', 'ไม่พบชื่อผู้ใช้งาน', '::1', '2026-02-24 11:17:12');
INSERT INTO `login_logs` VALUES (93, 'hos00018', 'login_failed', 'รหัสผ่านไม่ถูกต้อง', '::1', '2026-02-24 11:17:16');
INSERT INTO `login_logs` VALUES (94, 'hos00018', 'login_failed', 'รหัสผ่านไม่ถูกต้อง', '::1', '2026-02-24 11:17:20');
INSERT INTO `login_logs` VALUES (95, 'hos00018', 'login_failed', 'รหัสผ่านไม่ถูกต้อง', '::1', '2026-02-24 11:17:28');
INSERT INTO `login_logs` VALUES (96, 'hos00018', 'login_failed', 'รหัสผ่านไม่ถูกต้อง', '::1', '2026-02-24 11:17:34');
INSERT INTO `login_logs` VALUES (97, 'hos00018', 'login_failed', 'รหัสผ่านไม่ถูกต้อง', '::1', '2026-02-24 11:17:44');
INSERT INTO `login_logs` VALUES (98, 'hos00018', 'login_success', 'เข้าสู่ระบบสำเร็จ', '::1', '2026-02-24 11:17:49');
INSERT INTO `login_logs` VALUES (99, 'admin_korat', 'login_success', 'เข้าสู่ระบบสำเร็จ', '::1', '2026-02-24 11:20:42');
INSERT INTO `login_logs` VALUES (100, 'hos10877', 'login_success', 'เข้าสู่ระบบสำเร็จ', '::1', '2026-02-24 11:39:44');
INSERT INTO `login_logs` VALUES (101, 'admin_korat', 'login_success', 'เข้าสู่ระบบสำเร็จ', '::1', '2026-02-24 11:40:42');
INSERT INTO `login_logs` VALUES (102, 'hos10877', 'login_success', 'เข้าสู่ระบบสำเร็จ', '::1', '2026-02-24 11:41:55');
INSERT INTO `login_logs` VALUES (103, 'admin_korat', 'login_success', 'เข้าสู่ระบบสำเร็จ', '::1', '2026-02-24 11:42:31');

-- ----------------------------
-- Table structure for main_yut
-- ----------------------------
DROP TABLE IF EXISTS `main_yut`;
CREATE TABLE `main_yut`  (
  `id` int NOT NULL AUTO_INCREMENT,
  `yut_name` varchar(500) CHARACTER SET utf8mb4 COLLATE utf8mb4_unicode_ci NOT NULL,
  PRIMARY KEY (`id`) USING BTREE
) ENGINE = InnoDB AUTO_INCREMENT = 45 CHARACTER SET = utf8mb4 COLLATE = utf8mb4_unicode_ci ROW_FORMAT = Dynamic;

-- ----------------------------
-- Records of main_yut
-- ----------------------------
INSERT INTO `main_yut` VALUES (1, 'ยุทธศาสตร์ที่ 1. ด้านส่งเสริมสุขภาพ ป้องกันโรค และคุ้มครองผู้บริโภคเป็นเลิศ (37)');
INSERT INTO `main_yut` VALUES (2, 'ยุทธศาสตร์ที่ 2. พัฒนาระบบบริการที่เป็นเลิศ(Service Excellence) (9)');
INSERT INTO `main_yut` VALUES (3, 'ยุทธศาสตร์ที่ 3. พัฒนากำลังคนและภาคีเครือข่ายที่เป็นเลิศ (People Excellence) (2)');
INSERT INTO `main_yut` VALUES (4, 'ยุทธศาสตร์ที่ 4. พัฒนาระบบบริหารจัดการที่เป็นเลิศ (Governance Excellence) (8)');
INSERT INTO `main_yut` VALUES (5, 'ยุทธศาสตร์ที่ 5. ความเป็นเลิศด้านเศรษฐกิจสุขภาพ (Health Economic Excellence) (6)');
INSERT INTO `main_yut` VALUES (6, 'ฟอกไตฟรีได้ทุกแห่ง');
INSERT INTO `main_yut` VALUES (7, 'รอบรู้ เพื่ออยู่อย่างมีคุณภาพชีวิต');
INSERT INTO `main_yut` VALUES (8, 'หมอไม่ล้า ประชาชนไม่รอ เชื่อมต่อทุกบริการผ่านเทคโนโลยี');
INSERT INTO `main_yut` VALUES (9, 'เครื่องยนต์ทางเศรษฐกิจใหม่ ของประเทศ ด้วยการแพทย์มูลค่าสูง');
INSERT INTO `main_yut` VALUES (10, 'ขวัญกำลังใจ');
INSERT INTO `main_yut` VALUES (11, 'ยกระดับ อสม. เป็นผู้ช่วยบุคลากรทางการแพทย์');
INSERT INTO `main_yut` VALUES (12, 'เพิ่มประสิทธิภาพระบบบริทารสุขภาพเชิงพื้นที่ ลดเหลื่อมล้ำ');
INSERT INTO `main_yut` VALUES (13, 'สร้างสุขภาพดีทุกช่วงวัย คนไทยแข็งแรง');
INSERT INTO `main_yut` VALUES (14, 'เด็กโคราชฉลาด IQ ดีฯ');
INSERT INTO `main_yut` VALUES (15, 'ร้อยละของผู้ป่วยเบาหวานชนิดที่ 2 ที่เข้าสู่โรคเบาหวานระยะสงบ (DM remission)');
INSERT INTO `main_yut` VALUES (16, 'โรคไม่ติดต่อ (NCDs)');
INSERT INTO `main_yut` VALUES (17, 'ปลอดโรคพิษสุนัขบ้า');
INSERT INTO `main_yut` VALUES (18, 'สุขภาพจิต/ยาเสพติด');
INSERT INTO `main_yut` VALUES (19, 'สิ่งแวดล้อม');
INSERT INTO `main_yut` VALUES (20, 'อาหารปลอดภัย');
INSERT INTO `main_yut` VALUES (21, 'ยุทธศาสตร์ที่ 1 ด้านส่งเสริมสุขภาพ ป้องกันโรค และคุ้มครองผู้บริโภคเป็นเลิศ (PP&P Excellence) 3 แผนงาน 4 โครงการ 9 ตัวชี้วัด');
INSERT INTO `main_yut` VALUES (22, 'ยุทธศาสตร์ที่ 2 ด้านระบบบริการที่เป็นเลิศ (Service Excellence) 4 แผนงาน 14 โครงการ 16 ตัวชี้วัด');
INSERT INTO `main_yut` VALUES (23, 'ยุทธศาสตร์ที่ 3 ด้านบุคลากรเป็นเลิศ  (People Excellence) 1 แผนงาน 1 โครงการ 1 ตัวชี้วัด');
INSERT INTO `main_yut` VALUES (24, 'ยุทธศาสตร์ที่ 4 ด้านบริหารเป็นเลิศด้วยธรรมาภิบาล  (Governance Excellence)');
INSERT INTO `main_yut` VALUES (25, 'ยุทธศาสตร์ที่ 5 ความเป็นเลิศด้านเศรษฐกิจสุขภาพ (Health Economic Excellence)');
INSERT INTO `main_yut` VALUES (26, 'PP & P 1 ป้องกันควบคุมโรค');
INSERT INTO `main_yut` VALUES (27, 'PP & P 2 ความรอบรู้ด้านสุขภาพ');
INSERT INTO `main_yut` VALUES (28, 'PP & P 3 ส่งเสริมสุขภาพ');
INSERT INTO `main_yut` VALUES (29, 'ยุทธศาสตร์ที่ 1 ด้านส่งเสริมสุขภาพ ป้องกันโรค และคุ้มครองผู้บริโภคเป็นเลิศ (37)');
INSERT INTO `main_yut` VALUES (30, 'Happy เขตแห่งความสุข');
INSERT INTO `main_yut` VALUES (31, 'Healthy สุขภาพดี			');
INSERT INTO `main_yut` VALUES (32, 'WEALTHY มั่งมีถ้วนหน้า			');
INSERT INTO `main_yut` VALUES (33, 'เก้าเชิงรุก (Proactive Management)			');
INSERT INTO `main_yut` VALUES (34, 'เก้าไปด้วยกัน (Collaborative Stakeholders)			');
INSERT INTO `main_yut` VALUES (35, 'เก้าทันดิจิทัล (Digital for Humanity)			');
INSERT INTO `main_yut` VALUES (36, 'เก้าแห่งการเรียนรู้ (Learning for a Better Future)			');
INSERT INTO `main_yut` VALUES (37, 'เก้าอย่างมั่นคงและยั่งยืน (Sustainable as a Goal)			');
INSERT INTO `main_yut` VALUES (38, 'Service 1 ลดป่วย');
INSERT INTO `main_yut` VALUES (39, 'Service 3 ลดรอคอย');
INSERT INTO `main_yut` VALUES (40, 'Service 4 เพิ่มการเข้าถึงบริการ');
INSERT INTO `main_yut` VALUES (41, 'Service 5 สุขภาพจิตและยาเสพติด');
INSERT INTO `main_yut` VALUES (42, 'บุคลากรเป็นเลิศ');
INSERT INTO `main_yut` VALUES (43, 'ประเด็นที่ 4 บริหารเป็นเลิศด้วยธรรมาภิบาล Governance Excellence');
INSERT INTO `main_yut` VALUES (44, 'เศรษฐกิจสุขภาพเป็นเลิศ');

-- ----------------------------
-- Table structure for system_logs
-- ----------------------------
DROP TABLE IF EXISTS `system_logs`;
CREATE TABLE `system_logs`  (
  `id` int NOT NULL AUTO_INCREMENT,
  `user_id` int NULL DEFAULT NULL,
  `dept_id` int NULL DEFAULT NULL,
  `action_type` enum('INSERT','UPDATE','DELETE') CHARACTER SET utf8mb4 COLLATE utf8mb4_0900_ai_ci NULL DEFAULT NULL,
  `table_name` varchar(50) CHARACTER SET utf8mb4 COLLATE utf8mb4_0900_ai_ci NULL DEFAULT NULL,
  `record_id` int NULL DEFAULT NULL,
  `old_value` json NULL,
  `new_value` json NULL,
  `ip_address` varchar(45) CHARACTER SET utf8mb4 COLLATE utf8mb4_0900_ai_ci NULL DEFAULT NULL,
  `user_agent` text CHARACTER SET utf8mb4 COLLATE utf8mb4_0900_ai_ci NULL,
  `created_at` timestamp NULL DEFAULT CURRENT_TIMESTAMP,
  PRIMARY KEY (`id`) USING BTREE
) ENGINE = InnoDB AUTO_INCREMENT = 26 CHARACTER SET = utf8mb4 COLLATE = utf8mb4_0900_ai_ci ROW_FORMAT = Dynamic;

-- ----------------------------
-- Records of system_logs
-- ----------------------------
INSERT INTO `system_logs` VALUES (1, 1, 13, 'UPDATE', 'kpi_results', NULL, NULL, '{\"message\": \"บันทึก/แก้ไขข้อมูล KPI จำนวน 1 รายการ\"}', '::1', NULL, '2026-02-23 09:31:57');
INSERT INTO `system_logs` VALUES (2, 1, 13, 'UPDATE', 'kpi_results', NULL, NULL, '{\"message\": \"บันทึก/แก้ไขข้อมูล KPI จำนวน 1 รายการ\"}', '::1', NULL, '2026-02-23 09:33:03');
INSERT INTO `system_logs` VALUES (3, 1, 13, 'UPDATE', 'kpi_results', NULL, NULL, '{\"message\": \"บันทึก/แก้ไขข้อมูล KPI จำนวน 1 รายการ\"}', '::1', NULL, '2026-02-23 09:33:27');
INSERT INTO `system_logs` VALUES (4, 1, 13, 'UPDATE', 'kpi_results', NULL, NULL, '{\"message\": \"บันทึก/แก้ไขข้อมูล KPI จำนวน 1 รายการ\"}', '::1', NULL, '2026-02-23 09:35:07');
INSERT INTO `system_logs` VALUES (5, 1, 13, 'UPDATE', 'kpi_results', NULL, NULL, '{\"message\": \"บันทึก/แก้ไขข้อมูล KPI จำนวน 1 รายการ\"}', '::1', NULL, '2026-02-23 09:49:34');
INSERT INTO `system_logs` VALUES (6, 1, 13, 'UPDATE', 'kpi_results', NULL, NULL, '{\"message\": \"บันทึก/แก้ไขข้อมูล KPI จำนวน 1 รายการ\"}', '::1', NULL, '2026-02-23 10:07:40');
INSERT INTO `system_logs` VALUES (7, 1, 13, 'UPDATE', 'kpi_results', NULL, NULL, '{\"message\": \"บันทึก/แก้ไขข้อมูล KPI จำนวน 1 รายการ\"}', '::1', NULL, '2026-02-23 10:08:04');
INSERT INTO `system_logs` VALUES (8, 1, 13, 'UPDATE', 'kpi_results', NULL, NULL, '{\"message\": \"บันทึก/แก้ไขข้อมูล KPI จำนวน 1 รายการ\"}', '::1', NULL, '2026-02-23 10:08:38');
INSERT INTO `system_logs` VALUES (9, 1, 13, 'UPDATE', 'kpi_results', NULL, NULL, '{\"message\": \"บันทึก/แก้ไขข้อมูล KPI จำนวน 1 รายการ\"}', '::1', NULL, '2026-02-23 10:09:12');
INSERT INTO `system_logs` VALUES (10, 1, 13, 'UPDATE', 'kpi_results', NULL, NULL, '{\"message\": \"บันทึก/แก้ไขข้อมูล KPI จำนวน 1 รายการ\"}', '::1', NULL, '2026-02-23 10:11:10');
INSERT INTO `system_logs` VALUES (11, 1, 13, 'UPDATE', 'kpi_results', NULL, NULL, '{\"message\": \"บันทึก/แก้ไขข้อมูล KPI จำนวน 1 รายการ\"}', '::1', NULL, '2026-02-23 10:11:45');
INSERT INTO `system_logs` VALUES (12, 1, 13, 'UPDATE', 'kpi_results', NULL, NULL, '{\"message\": \"บันทึก/แก้ไขข้อมูล KPI จำนวน 1 รายการ\"}', '::1', NULL, '2026-02-23 10:38:58');
INSERT INTO `system_logs` VALUES (13, 1, 13, 'UPDATE', 'kpi_results', NULL, NULL, '{\"message\": \"บันทึก/แก้ไขข้อมูล KPI จำนวน 9 รายการ\"}', '::1', NULL, '2026-02-23 10:56:58');
INSERT INTO `system_logs` VALUES (14, 1, 13, 'UPDATE', 'kpi_results', NULL, NULL, '{\"message\": \"บันทึก/แก้ไขข้อมูล KPI จำนวน 141 รายการ\"}', '::1', NULL, '2026-02-24 04:25:43');
INSERT INTO `system_logs` VALUES (15, 1, 13, 'UPDATE', 'kpi_results', NULL, NULL, '{\"message\": \"บันทึก/แก้ไขข้อมูล KPI จำนวน 1 รายการ\"}', '::1', NULL, '2026-02-24 04:26:25');
INSERT INTO `system_logs` VALUES (16, 3, 13, 'UPDATE', 'users', 2, NULL, '{\"message\": \"Reset Password to default\"}', '::1', NULL, '2026-02-24 07:01:04');
INSERT INTO `system_logs` VALUES (17, 1, 13, 'UPDATE', 'users', 2, NULL, '{\"message\": \"Reset Password to default\"}', '::1', NULL, '2026-02-24 07:22:38');
INSERT INTO `system_logs` VALUES (18, 1, 13, 'UPDATE', 'users', 2, NULL, '{\"role\": \"user\", \"dept_id\": \"13\", \"username\": \"hos00018\", \"password_changed\": true}', '::1', NULL, '2026-02-24 08:49:29');
INSERT INTO `system_logs` VALUES (19, 1, 13, 'INSERT', 'users', 4, NULL, '{\"role\": \"user\", \"dept_id\": \"13\", \"username\": \"hos10877\"}', '::1', NULL, '2026-02-24 08:52:12');
INSERT INTO `system_logs` VALUES (20, 1, 13, 'DELETE', 'users', 3, NULL, '{\"message\": \"ลบผู้ใช้งาน ID: 3\"}', '::1', NULL, '2026-02-24 08:55:10');
INSERT INTO `system_logs` VALUES (21, 1, 13, 'UPDATE', 'users', 1, NULL, '{\"role\": \"admin\", \"dept_id\": 13, \"username\": \"admin_korat\", \"password_changed\": true}', '::1', NULL, '2026-02-24 09:26:13');
INSERT INTO `system_logs` VALUES (22, 1, 13, 'UPDATE', 'kpi_results', NULL, NULL, '{\"message\": \"บันทึก/แก้ไขข้อมูล KPI จำนวน 9 รายการ\"}', '::1', NULL, '2026-02-24 09:27:42');
INSERT INTO `system_logs` VALUES (23, 2, 13, 'UPDATE', 'kpi_results', NULL, NULL, '{\"message\": \"บันทึก/แก้ไขข้อมูล KPI จำนวน 1 รายการ\"}', '::1', NULL, '2026-02-24 11:10:45');
INSERT INTO `system_logs` VALUES (24, 1, 13, 'UPDATE', 'kpi_results', NULL, NULL, '{\"message\": \"บันทึก/แก้ไขข้อมูล KPI จำนวน 188 รายการ\"}', '::1', NULL, '2026-02-24 11:39:30');
INSERT INTO `system_logs` VALUES (25, 1, 13, 'UPDATE', 'kpi_results', NULL, NULL, '{\"message\": \"บันทึก/แก้ไขข้อมูล KPI จำนวน 188 รายการ\"}', '::1', NULL, '2026-02-24 11:41:13');

-- ----------------------------
-- Table structure for users
-- ----------------------------
DROP TABLE IF EXISTS `users`;
CREATE TABLE `users`  (
  `id` int NOT NULL AUTO_INCREMENT,
  `username` varchar(100) CHARACTER SET utf8mb4 COLLATE utf8mb4_unicode_ci NOT NULL,
  `password_hash` varchar(255) CHARACTER SET utf8mb4 COLLATE utf8mb4_unicode_ci NOT NULL,
  `dept_id` int NULL DEFAULT NULL,
  `role` varchar(50) CHARACTER SET utf8mb4 COLLATE utf8mb4_unicode_ci NULL DEFAULT 'user',
  `firstname` varchar(100) CHARACTER SET utf8mb4 COLLATE utf8mb4_unicode_ci NULL DEFAULT NULL,
  `lastname` varchar(100) CHARACTER SET utf8mb4 COLLATE utf8mb4_unicode_ci NULL DEFAULT NULL,
  `phone` varchar(20) CHARACTER SET utf8mb4 COLLATE utf8mb4_unicode_ci NULL DEFAULT NULL,
  `hospcode` varchar(5) CHARACTER SET utf8mb4 COLLATE utf8mb4_unicode_ci NULL DEFAULT NULL,
  PRIMARY KEY (`id`) USING BTREE,
  UNIQUE INDEX `username`(`username` ASC) USING BTREE,
  INDEX `dept_id`(`dept_id` ASC) USING BTREE,
  CONSTRAINT `users_ibfk_1` FOREIGN KEY (`dept_id`) REFERENCES `departments` (`id`) ON DELETE SET NULL ON UPDATE RESTRICT
) ENGINE = InnoDB AUTO_INCREMENT = 5 CHARACTER SET = utf8mb4 COLLATE = utf8mb4_unicode_ci ROW_FORMAT = Dynamic;

-- ----------------------------
-- Records of users
-- ----------------------------
INSERT INTO `users` VALUES (1, 'admin_korat', '$2b$10$SzVgpdf1hvsNC3STihkYc.7QXdpNn1gEBYLoESdIIemdB4SLLiuAC', 13, 'admin', 'admin', 'korat', '0811234567', '00018');
INSERT INTO `users` VALUES (2, 'hos00018', '$2b$10$YoKYkxhArQw6a6GDmCyGPeE6xslV6rddfWt0GGGvI21ieOUF/tMda', 13, 'user', 'สุขภาพ', 'ดิจิทัล', '0851234567', '00018');
INSERT INTO `users` VALUES (4, 'hos10877', '$2b$10$4WZxW5ROZoL7cIUk76V71.YY4pQYsCWMrBTxPnlncAnmleIRyebLa', 13, 'user', 'ทดสอบ', 'ด่านขุนทด', '0815494395', '10877');

SET FOREIGN_KEY_CHECKS = 1;
